Outlet_ID,Health_Score,Health_Category,Priority,Agents_Available,Agent_Coverage_%,Data_Confidence,Risk_Count,Operational_Issue_Count,Risk_Areas,Opportunities,Strategic_Recommendation,Intelligence_Summary,performance_score,health_category,alert_level,benchmark_gap_pct,target_achievement_pct,revenue_growth_pct,customer_rating,complaint_rate,on_time_service_pct,Inventory_Health,Critical_Stock_Count,Low_Stock_Count,Overstock_Count,Wastage_Count,Avg_Stock_Availability,Avg_Freshness_Rate,Total_Wastage_Units,Total_Replenishment_Units,Avg_Inventory_Turnover,Marketing_Health,Average_Conversion_Rate,Revenue_Per_Marketing_Rupee,Marketing_Spend_Percentage,Total_Marketing_Spend,Total_Marketing_Revenue
OUT-012,27.0,Critical,Critical,1,20.0,Very Low,1,1,Performance,None Identified,Immediate management intervention required | Review outlet performance and revenue drivers,Health: Critical | Risk Areas: Performance | Recommendation: Immediate management intervention required | Review outlet performance and revenue drivers,41.8,Critical,High,-64.6370723880064,36.27441023118544,-11.836605384400745,2.98,7.41,68.28,,,,,,,,,,,,,,,,
OUT0238,35.97,Critical,Critical,2,40.0,Low,2,3,"Inventory, Inventory Wastage, Marketing",Marketing Growth,Immediate management intervention required | Review inventory levels and replenishment | Reduce inventory wastage and improve stock rotation | Review marketing effectiveness and conversion performance,"Health: Critical | Risk Areas: Inventory, Inventory Wastage, Marketing | Recommendation: Immediate management intervention required | Review inventory levels and replenishment | Reduce inventory wastage and improve stock rotation | Review marketing effectiveness and conversion performance",,,,,,,,,,70.25,5,19,0,40.0,51.125,96.865,1181.0,29386.0,19.00925,37.5,17.829500000000003,19.070078722591493,5.243816842849965,2822203.84,53819649.4
OUT0674,36.41,Critical,Critical,2,40.0,Low,2,4,"Inventory, Inventory Wastage, Inventory Overstock, Marketing",Marketing Growth,Immediate management intervention required | Review inventory levels and replenishment | Reduce inventory wastage and improve stock rotation | Reduce excess inventory and avoid unnecessary replenishment | Review marketing effectiveness and conversion performance,"Health: Critical | Risk Areas: Inventory, Inventory Wastage, Inventory Overstock, Marketing | Recommendation: Immediate management intervention required | Review inventory levels and replenishment | Reduce inventory wastage and improve stock rotation | Reduce excess inventory and avoid unnecessary replenishment | Review marketing effectiveness and conversion performance",,,,,,,,,,75.75,5,12,1,40.0,46.1075,99.375,75.0,9934.0,22.66475,37.5,14.653589743589745,19.056403899011656,5.247579791546422,516490.89,9842459.01
OUT0622,36.52,Critical,Critical,2,40.0,Low,2,3,"Inventory, Inventory Wastage, Marketing",Marketing Growth,Immediate management intervention required | Review inventory levels and replenishment | Reduce inventory wastage and improve stock rotation | Review marketing effectiveness and conversion performance,"Health: Critical | Risk Areas: Inventory, Inventory Wastage, Marketing | Recommendation: Immediate management intervention required | Review inventory levels and replenishment | Reduce inventory wastage and improve stock rotation | Review marketing effectiveness and conversion performance",,,,,,,,,,71.125,5,18,0,40.0,52.260000000000005,99.24,166.0,17147.0,19.0295,37.5,17.023846153846154,17.82122400568577,5.611286854825209,1692126.29,30155761.66
OUT0528,36.98,Critical,Critical,2,40.0,Low,2,3,"Inventory, Inventory Wastage, Marketing",Marketing Growth,Immediate management intervention required | Review inventory levels and replenishment | Reduce inventory wastage and improve stock rotation | Review marketing effectiveness and conversion performance,"Health: Critical | Risk Areas: Inventory, Inventory Wastage, Marketing | Recommendation: Immediate management intervention required | Review inventory levels and replenishment | Reduce inventory wastage and improve stock rotation | Review marketing effectiveness and conversion performance",,,,,,,,,,71.875,4,19,0,40.0,42.519999999999996,96.5975,1381.0,35567.0,23.616,37.5,15.041794871794872,18.828583891804367,5.311073874415357,2832537.24,53332665.05
OUT0022,37.06,Critical,Critical,2,40.0,Low,2,3,"Inventory, Inventory Wastage, Marketing",Marketing Growth,Immediate management intervention required | Review inventory levels and replenishment | Reduce inventory wastage and improve stock rotation | Review marketing effectiveness and conversion performance,"Health: Critical | Risk Areas: Inventory, Inventory Wastage, Marketing | Recommendation: Immediate management intervention required | Review inventory levels and replenishment | Reduce inventory wastage and improve stock rotation | Review marketing effectiveness and conversion performance",,,,,,,,,,72.0,5,17,0,40.0,52.50750000000001,99.345,202.0,23964.0,19.53375,37.5,13.304878048780488,16.73792372434909,5.974456667796104,2898593.16,48516431.22
OUT0343,37.45,Critical,Critical,2,40.0,Low,2,3,"Inventory, Inventory Wastage, Marketing",Marketing Growth,Immediate management intervention required | Review inventory levels and replenishment | Reduce inventory wastage and improve stock rotation | Review marketing effectiveness and conversion performance,"Health: Critical | Risk Areas: Inventory, Inventory Wastage, Marketing | Recommendation: Immediate management intervention required | Review inventory levels and replenishment | Reduce inventory wastage and improve stock rotation | Review marketing effectiveness and conversion performance",,,,,,,,,,72.625,3,20,0,40.0,62.0225,96.72,932.0,19009.0,17.02075,37.5,15.593,19.26882370172936,5.1897303928846,1331808.98,25662392.44
OUT0444,37.61,Critical,Critical,2,40.0,Low,2,3,"Inventory, Inventory Wastage, Marketing",Marketing Growth,Immediate management intervention required | Review inventory levels and replenishment | Reduce inventory wastage and improve stock rotation | Review marketing effectiveness and conversion performance,"Health: Critical | Risk Areas: Inventory, Inventory Wastage, Marketing | Recommendation: Immediate management intervention required | Review inventory levels and replenishment | Reduce inventory wastage and improve stock rotation | Review marketing effectiveness and conversion performance",,,,,,,,,,72.875,5,16,0,40.0,56.89,99.28,188.0,18891.0,18.3395,37.5,13.88170731707317,19.227468461120047,5.200892681332983,1993846.17,38336614.35
OUT0283,37.73,Critical,Critical,2,40.0,Low,2,4,"Inventory, Inventory Wastage, Inventory Overstock, Marketing",Marketing Growth,Immediate management intervention required | Review inventory levels and replenishment | Reduce inventory wastage and improve stock rotation | Reduce excess inventory and avoid unnecessary replenishment | Review marketing effectiveness and conversion performance,"Health: Critical | Risk Areas: Inventory, Inventory Wastage, Inventory Overstock, Marketing | Recommendation: Immediate management intervention required | Review inventory levels and replenishment | Reduce inventory wastage and improve stock rotation | Reduce excess inventory and avoid unnecessary replenishment | Review marketing effectiveness and conversion performance",,,,,,,,,,77.875,1,17,1,40.0,68.62,96.5325,1079.0,18888.0,15.2155,37.5,11.119230769230768,18.7216814026275,5.341400585204141,1868813.78,34987336.19
OUT0248,38.0,Critical,Critical,2,40.0,Low,2,3,"Inventory, Inventory Wastage, Marketing",Marketing Growth,Immediate management intervention required | Review inventory levels and replenishment | Reduce inventory wastage and improve stock rotation | Review marketing effectiveness and conversion performance,"Health: Critical | Risk Areas: Inventory, Inventory Wastage, Marketing | Recommendation: Immediate management intervention required | Review inventory levels and replenishment | Reduce inventory wastage and improve stock rotation | Review marketing effectiveness and conversion performance",,,,,,,,,,73.5,3,19,0,40.0,53.942499999999995,96.625,290.0,6552.0,19.123250000000002,37.5,14.691794871794873,18.261376597109823,5.476038428331122,427155.19,7800441.79
OUT0583,38.0,Critical,Critical,2,40.0,Low,2,3,"Inventory, Inventory Wastage, Marketing",Marketing Growth,Immediate management intervention required | Review inventory levels and replenishment | Reduce inventory wastage and improve stock rotation | Review marketing effectiveness and conversion performance,"Health: Critical | Risk Areas: Inventory, Inventory Wastage, Marketing | Recommendation: Immediate management intervention required | Review inventory levels and replenishment | Reduce inventory wastage and improve stock rotation | Review marketing effectiveness and conversion performance",,,,,,,,,,73.5,3,19,0,40.0,43.947500000000005,96.66,419.0,10710.0,22.58025,37.5,12.633513513513511,17.914646012973055,5.582024893351735,814725.62,14595521.08
OUT0020,38.08,Critical,Critical,2,40.0,Low,2,3,"Inventory, Inventory Wastage, Marketing",Marketing Growth,Immediate management intervention required | Review inventory levels and replenishment | Reduce inventory wastage and improve stock rotation | Review marketing effectiveness and conversion performance,"Health: Critical | Risk Areas: Inventory, Inventory Wastage, Marketing | Recommendation: Immediate management intervention required | Review inventory levels and replenishment | Reduce inventory wastage and improve stock rotation | Review marketing effectiveness and conversion performance",,,,,,,,,,73.625,4,17,0,40.0,55.779999999999994,98.13250000000001,361.0,14287.0,18.651,37.5,11.857368421052632,18.774884614966005,5.326264424564671,1674955.09,31447088.55
OUT0738,38.31,Critical,Critical,2,40.0,Low,2,3,"Inventory, Inventory Wastage, Marketing",Marketing Growth,Immediate management intervention required | Review inventory levels and replenishment | Reduce inventory wastage and improve stock rotation | Review marketing effectiveness and conversion performance,"Health: Critical | Risk Areas: Inventory, Inventory Wastage, Marketing | Recommendation: Immediate management intervention required | Review inventory levels and replenishment | Reduce inventory wastage and improve stock rotation | Review marketing effectiveness and conversion performance",,,,,,,,,,74.0,7,11,0,40.0,54.692499999999995,96.8375,490.0,11678.0,19.6185,37.5,12.617179487179486,17.715205105278013,5.644868315422795,1131892.13,20051701.24
OUT0586,38.47,Critical,Critical,2,40.0,Low,2,3,"Inventory, Inventory Wastage, Marketing",Marketing Growth,Immediate management intervention required | Review inventory levels and replenishment | Reduce inventory wastage and improve stock rotation | Review marketing effectiveness and conversion performance,"Health: Critical | Risk Areas: Inventory, Inventory Wastage, Marketing | Recommendation: Immediate management intervention required | Review inventory levels and replenishment | Reduce inventory wastage and improve stock rotation | Review marketing effectiveness and conversion performance",,,,,,,,,,74.25,2,20,0,40.0,73.30499999999999,96.42,733.0,11073.0,13.60975,37.5,17.475384615384616,19.184525213680725,5.21253452385096,533450.08,10233986.51
OUT0357,38.55,Critical,Critical,2,40.0,Low,2,3,"Inventory, Inventory Wastage, Marketing",Marketing Growth,Immediate management intervention required | Review inventory levels and replenishment | Reduce inventory wastage and improve stock rotation | Review marketing effectiveness and conversion performance,"Health: Critical | Risk Areas: Inventory, Inventory Wastage, Marketing | Recommendation: Immediate management intervention required | Review inventory levels and replenishment | Reduce inventory wastage and improve stock rotation | Review marketing effectiveness and conversion performance",,,,,,,,,,74.375,3,18,0,40.0,43.825,99.3125,128.0,15825.0,22.88025,37.5,13.438421052631575,19.129115327721447,5.227633285010438,1419550.98,27154754.41
OUT0272,38.59,Critical,Critical,2,40.0,Low,2,4,"Inventory, Inventory Wastage, Inventory Overstock, Marketing",Marketing Growth,Immediate management intervention required | Review inventory levels and replenishment | Reduce inventory wastage and improve stock rotation | Reduce excess inventory and avoid unnecessary replenishment | Review marketing effectiveness and conversion performance,"Health: Critical | Risk Areas: Inventory, Inventory Wastage, Inventory Overstock, Marketing | Recommendation: Immediate management intervention required | Review inventory levels and replenishment | Reduce inventory wastage and improve stock rotation | Reduce excess inventory and avoid unnecessary replenishment | Review marketing effectiveness and conversion performance",,,,,,,,,,70.25,3,22,1,40.0,37.394999999999996,99.25750000000001,205.0,25558.0,25.796750000000003,52.5,10.803846153846154,20.328105232748324,4.919297635221862,1542900.69,31364247.59
OUT0182,38.62,Critical,Critical,2,40.0,Low,2,3,"Inventory, Inventory Wastage, Marketing",Marketing Growth,Immediate management intervention required | Review inventory levels and replenishment | Reduce inventory wastage and improve stock rotation | Review marketing effectiveness and conversion performance,"Health: Critical | Risk Areas: Inventory, Inventory Wastage, Marketing | Recommendation: Immediate management intervention required | Review inventory levels and replenishment | Reduce inventory wastage and improve stock rotation | Review marketing effectiveness and conversion performance",,,,,,,,,,74.5,4,16,0,40.0,42.68,99.255,389.0,45553.0,22.582749999999997,37.5,16.771282051282054,18.91979691935887,5.285468994526008,3934186.91,74434017.38
OUT0334,38.62,Critical,Critical,2,40.0,Low,2,3,"Inventory, Inventory Wastage, Marketing",Marketing Growth,Immediate management intervention required | Review inventory levels and replenishment | Reduce inventory wastage and improve stock rotation | Review marketing effectiveness and conversion performance,"Health: Critical | Risk Areas: Inventory, Inventory Wastage, Marketing | Recommendation: Immediate management intervention required | Review inventory levels and replenishment | Reduce inventory wastage and improve stock rotation | Review marketing effectiveness and conversion performance",,,,,,,,,,74.5,4,16,0,40.0,68.25,99.375,340.0,32497.0,15.499500000000001,37.5,15.988055555555556,17.634412493185266,5.670730456069604,4711409.5200000005,83082938.9
OUT0121,39.02,Critical,Critical,2,40.0,Low,2,3,"Inventory, Inventory Wastage, Marketing",Marketing Growth,Immediate management intervention required | Review inventory levels and replenishment | Reduce inventory wastage and improve stock rotation | Review marketing effectiveness and conversion performance,"Health: Critical | Risk Areas: Inventory, Inventory Wastage, Marketing | Recommendation: Immediate management intervention required | Review inventory levels and replenishment | Reduce inventory wastage and improve stock rotation | Review marketing effectiveness and conversion performance",,,,,,,,,,75.125,2,19,0,40.0,59.010000000000005,97.04249999999999,415.0,10018.0,17.903,37.5,13.42923076923077,19.099748241539267,5.2356711059946885,1156036.62,22080008.4
OUT0172,39.25,Critical,Critical,2,40.0,Low,2,3,"Inventory, Inventory Wastage, Marketing",Marketing Growth,Immediate management intervention required | Review inventory levels and replenishment | Reduce inventory wastage and improve stock rotation | Review marketing effectiveness and conversion performance,"Health: Critical | Risk Areas: Inventory, Inventory Wastage, Marketing | Recommendation: Immediate management intervention required | Review inventory levels and replenishment | Reduce inventory wastage and improve stock rotation | Review marketing effectiveness and conversion performance",,,,,,,,,,75.5,5,13,0,40.0,43.6175,99.245,236.0,27293.0,22.50975,37.5,14.29,19.24902825842868,5.1950674422337375,2244488.21,43204216.98
OUT0662,39.25,Critical,Critical,2,40.0,Low,2,3,"Inventory, Inventory Wastage, Marketing",Marketing Growth,Immediate management intervention required | Review inventory levels and replenishment | Reduce inventory wastage and improve stock rotation | Review marketing effectiveness and conversion performance,"Health: Critical | Risk Areas: Inventory, Inventory Wastage, Marketing | Recommendation: Immediate management intervention required | Review inventory levels and replenishment | Reduce inventory wastage and improve stock rotation | Review marketing effectiveness and conversion performance",,,,,,,,,,75.5,5,13,0,40.0,66.5725,99.3175,86.0,7877.0,15.80125,37.5,12.274102564102565,18.560078423174723,5.387908268487525,1070872.23,19875472.57
OUT0588,39.56,Critical,Critical,2,40.0,Low,2,3,"Inventory, Inventory Wastage, Marketing",Marketing Growth,Immediate management intervention required | Review inventory levels and replenishment | Reduce inventory wastage and improve stock rotation | Review marketing effectiveness and conversion performance,"Health: Critical | Risk Areas: Inventory, Inventory Wastage, Marketing | Recommendation: Immediate management intervention required | Review inventory levels and replenishment | Reduce inventory wastage and improve stock rotation | Review marketing effectiveness and conversion performance",,,,,,,,,,76.0,2,18,0,40.0,47.510000000000005,96.8125,544.0,14054.0,21.67825,37.5,15.275384615384615,17.804045529510102,5.616700981484831,1383421.87,24630505.96
OUT0124,39.64,Critical,Critical,2,40.0,Low,2,3,"Inventory, Inventory Wastage, Marketing",Marketing Growth,Immediate management intervention required | Review inventory levels and replenishment | Reduce inventory wastage and improve stock rotation | Review marketing effectiveness and conversion performance,"Health: Critical | Risk Areas: Inventory, Inventory Wastage, Marketing | Recommendation: Immediate management intervention required | Review inventory levels and replenishment | Reduce inventory wastage and improve stock rotation | Review marketing effectiveness and conversion performance",,,,,,,,,,76.125,3,16,0,40.0,57.32000000000001,99.1925,154.0,13887.0,18.18025,37.5,14.245128205128209,19.303405078053444,5.180433172056917,1213602.43,23426659.31
OUT0251,39.64,Critical,Critical,2,40.0,Low,2,3,"Inventory, Inventory Wastage, Marketing",Marketing Growth,Immediate management intervention required | Review inventory levels and replenishment | Reduce inventory wastage and improve stock rotation | Review marketing effectiveness and conversion performance,"Health: Critical | Risk Areas: Inventory, Inventory Wastage, Marketing | Recommendation: Immediate management intervention required | Review inventory levels and replenishment | Reduce inventory wastage and improve stock rotation | Review marketing effectiveness and conversion performance",,,,,,,,,,76.125,3,16,0,40.0,49.265,96.615,1002.0,24015.0,21.035,37.5,10.2525,19.22813295537344,5.200712946602248,1982838.25,38126277.5
OUT0585,39.72,Critical,Critical,2,40.0,Low,2,3,"Inventory, Inventory Wastage, Marketing",Marketing Growth,Immediate management intervention required | Review inventory levels and replenishment | Reduce inventory wastage and improve stock rotation | Review marketing effectiveness and conversion performance,"Health: Critical | Risk Areas: Inventory, Inventory Wastage, Marketing | Recommendation: Immediate management intervention required | Review inventory levels and replenishment | Reduce inventory wastage and improve stock rotation | Review marketing effectiveness and conversion performance",,,,,,,,,,76.25,4,14,0,40.0,55.015,97.9975,624.0,23410.0,18.85125,37.5,16.924864864864865,19.29512311459292,5.182656747308852,2193809.39,42329822.27
OUT0358,40.03,Critical,Critical,2,40.0,Low,2,3,"Inventory, Inventory Wastage, Marketing",Marketing Growth,Immediate management intervention required | Review inventory levels and replenishment | Reduce inventory wastage and improve stock rotation | Review marketing effectiveness and conversion performance,"Health: Critical | Risk Areas: Inventory, Inventory Wastage, Marketing | Recommendation: Immediate management intervention required | Review inventory levels and replenishment | Reduce inventory wastage and improve stock rotation | Review marketing effectiveness and conversion performance",,,,,,,,,,76.75,1,19,0,40.0,74.60249999999999,97.09,1965.0,35504.0,14.328,37.5,16.15974358974359,18.82478402430399,5.3121459386144165,5534550.98,104186726.87
OUT0054,40.19,Critical,Critical,2,40.0,Low,2,3,"Inventory, Inventory Wastage, Marketing",Marketing Growth,Immediate management intervention required | Review inventory levels and replenishment | Reduce inventory wastage and improve stock rotation | Review marketing effectiveness and conversion performance,"Health: Critical | Risk Areas: Inventory, Inventory Wastage, Marketing | Recommendation: Immediate management intervention required | Review inventory levels and replenishment | Reduce inventory wastage and improve stock rotation | Review marketing effectiveness and conversion performance",,,,,,,,,,77.0,3,15,0,40.0,61.61,99.33500000000001,220.0,22109.0,17.794999999999998,37.5,12.925945945945946,18.221995181877027,5.487873254376479,1921802.34,35019072.98
OUT0727,40.19,Critical,Critical,2,40.0,Low,2,3,"Inventory, Inventory Wastage, Marketing",Marketing Growth,Immediate management intervention required | Review inventory levels and replenishment | Reduce inventory wastage and improve stock rotation | Review marketing effectiveness and conversion performance,"Health: Critical | Risk Areas: Inventory, Inventory Wastage, Marketing | Recommendation: Immediate management intervention required | Review inventory levels and replenishment | Reduce inventory wastage and improve stock rotation | Review marketing effectiveness and conversion performance",,,,,,,,,,77.0,3,15,0,40.0,68.91499999999999,99.3,160.0,13957.0,15.614250000000002,37.5,14.93375,18.962102009457656,5.273676934662801,1548222.72,29357557.15
OUT0684,40.27,Critical,Critical,2,40.0,Low,2,3,"Inventory, Inventory Wastage, Marketing",Marketing Growth,Immediate management intervention required | Review inventory levels and replenishment | Reduce inventory wastage and improve stock rotation | Review marketing effectiveness and conversion performance,"Health: Critical | Risk Areas: Inventory, Inventory Wastage, Marketing | Recommendation: Immediate management intervention required | Review inventory levels and replenishment | Reduce inventory wastage and improve stock rotation | Review marketing effectiveness and conversion performance",,,,,,,,,,77.125,4,13,0,40.0,75.3725,99.365,111.0,8584.0,14.239250000000002,37.5,17.219736842105263,19.111765064702865,5.2323790953609,1462963.14,27959807.83
OUT0726,40.27,Critical,Critical,2,40.0,Low,2,3,"Inventory, Inventory Wastage, Marketing",Marketing Growth,Immediate management intervention required | Review inventory levels and replenishment | Reduce inventory wastage and improve stock rotation | Review marketing effectiveness and conversion performance,"Health: Critical | Risk Areas: Inventory, Inventory Wastage, Marketing | Recommendation: Immediate management intervention required | Review inventory levels and replenishment | Reduce inventory wastage and improve stock rotation | Review marketing effectiveness and conversion performance",,,,,,,,,,77.125,4,13,0,40.0,46.230000000000004,96.6725,2093.0,52321.0,22.3695,37.5,15.039487179487178,18.870921197128435,5.299158369397296,3636620.65,68626381.71
OUT0244,40.58,Critical,Critical,2,40.0,Low,2,3,"Inventory, Inventory Wastage, Marketing",Marketing Growth,Immediate management intervention required | Review inventory levels and replenishment | Reduce inventory wastage and improve stock rotation | Review marketing effectiveness and conversion performance,"Health: Critical | Risk Areas: Inventory, Inventory Wastage, Marketing | Recommendation: Immediate management intervention required | Review inventory levels and replenishment | Reduce inventory wastage and improve stock rotation | Review marketing effectiveness and conversion performance",,,,,,,,,,77.625,1,18,0,40.0,65.485,99.3775,251.0,26777.0,15.9315,37.5,15.180526315789471,18.128514682315306,5.516171719106795,2782486.9,50442354.62
OUT0305,40.58,Critical,Critical,2,40.0,Low,2,3,"Inventory, Inventory Wastage, Marketing",Marketing Growth,Immediate management intervention required | Review inventory levels and replenishment | Reduce inventory wastage and improve stock rotation | Review marketing effectiveness and conversion performance,"Health: Critical | Risk Areas: Inventory, Inventory Wastage, Marketing | Recommendation: Immediate management intervention required | Review inventory levels and replenishment | Reduce inventory wastage and improve stock rotation | Review marketing effectiveness and conversion performance",,,,,,,,,,77.625,1,18,0,40.0,62.17999999999999,98.05499999999999,284.0,9947.0,16.75675,37.5,16.253,18.709821942534603,5.3447863003261205,687236.56,12858073.67
OUT0491,40.73,Critical,Critical,2,40.0,Low,2,3,"Inventory, Inventory Wastage, Marketing",Marketing Growth,Immediate management intervention required | Review inventory levels and replenishment | Reduce inventory wastage and improve stock rotation | Review marketing effectiveness and conversion performance,"Health: Critical | Risk Areas: Inventory, Inventory Wastage, Marketing | Recommendation: Immediate management intervention required | Review inventory levels and replenishment | Reduce inventory wastage and improve stock rotation | Review marketing effectiveness and conversion performance",,,,,,,,,,77.875,3,14,0,40.0,78.9675,96.6625,304.0,4178.0,13.2955,37.5,15.0315,18.31228606012396,5.460814650430548,459802.08,8420027.22
OUT0223,40.81,Critical,Critical,2,40.0,Low,2,3,"Inventory, Inventory Wastage, Marketing",Marketing Growth,Immediate management intervention required | Review inventory levels and replenishment | Reduce inventory wastage and improve stock rotation | Review marketing effectiveness and conversion performance,"Health: Critical | Risk Areas: Inventory, Inventory Wastage, Marketing | Recommendation: Immediate management intervention required | Review inventory levels and replenishment | Reduce inventory wastage and improve stock rotation | Review marketing effectiveness and conversion performance",,,,,,,,,,78.0,4,12,0,40.0,69.315,96.5525,1956.0,33766.0,15.332249999999998,37.5,17.23075,18.059062999913863,5.537385854430929,2585382.9,46689592.67
OUT0011,41.2,Critical,Critical,2,40.0,Low,2,3,"Inventory, Inventory Wastage, Marketing",Marketing Growth,Immediate management intervention required | Review inventory levels and replenishment | Reduce inventory wastage and improve stock rotation | Review marketing effectiveness and conversion performance,"Health: Critical | Risk Areas: Inventory, Inventory Wastage, Marketing | Recommendation: Immediate management intervention required | Review inventory levels and replenishment | Reduce inventory wastage and improve stock rotation | Review marketing effectiveness and conversion performance",,,,,,,,,,78.625,2,15,0,40.0,63.317499999999995,96.64750000000001,686.0,13758.0,16.853,37.5,9.212195121951218,18.900104027995337,5.290976168801893,1579228.74,29847587.47
OUT0073,41.2,Critical,Critical,2,40.0,Low,2,3,"Inventory, Inventory Wastage, Marketing",Marketing Growth,Immediate management intervention required | Review inventory levels and replenishment | Reduce inventory wastage and improve stock rotation | Review marketing effectiveness and conversion performance,"Health: Critical | Risk Areas: Inventory, Inventory Wastage, Marketing | Recommendation: Immediate management intervention required | Review inventory levels and replenishment | Reduce inventory wastage and improve stock rotation | Review marketing effectiveness and conversion performance",,,,,,,,,,78.625,2,15,0,40.0,60.025,96.9,450.0,10313.0,17.774,37.5,13.394444444444444,18.90177858820158,5.290507426767745,989962.15,18712045.37
OUT0600,41.2,Critical,Critical,2,40.0,Low,2,3,"Inventory, Inventory Wastage, Marketing",Marketing Growth,Immediate management intervention required | Review inventory levels and replenishment | Reduce inventory wastage and improve stock rotation | Review marketing effectiveness and conversion performance,"Health: Critical | Risk Areas: Inventory, Inventory Wastage, Marketing | Recommendation: Immediate management intervention required | Review inventory levels and replenishment | Reduce inventory wastage and improve stock rotation | Review marketing effectiveness and conversion performance",,,,,,,,,,78.625,2,15,0,40.0,66.9525,97.9975,364.0,11402.0,16.208000000000002,37.5,17.506923076923076,19.10908452270293,5.233113071491887,1014202.54,19380482.06
OUT0365,41.28,Critical,Critical,2,40.0,Low,2,3,"Inventory, Inventory Wastage, Marketing",Marketing Growth,Immediate management intervention required | Review inventory levels and replenishment | Reduce inventory wastage and improve stock rotation | Review marketing effectiveness and conversion performance,"Health: Critical | Risk Areas: Inventory, Inventory Wastage, Marketing | Recommendation: Immediate management intervention required | Review inventory levels and replenishment | Reduce inventory wastage and improve stock rotation | Review marketing effectiveness and conversion performance",,,,,,,,,,69.75,8,14,0,40.0,41.2625,97.965,560.0,24382.0,23.962,52.5,10.826052631578946,21.083887322488412,4.742958377193488,2131195.45,44933884.73
OUT0497,41.48,Critical,Critical,2,40.0,Low,2,4,"Inventory, Inventory Wastage, Inventory Overstock, Marketing",Marketing Growth,Immediate management intervention required | Review inventory levels and replenishment | Reduce inventory wastage and improve stock rotation | Reduce excess inventory and avoid unnecessary replenishment | Review marketing effectiveness and conversion performance,"Health: Critical | Risk Areas: Inventory, Inventory Wastage, Inventory Overstock, Marketing | Recommendation: Immediate management intervention required | Review inventory levels and replenishment | Reduce inventory wastage and improve stock rotation | Reduce excess inventory and avoid unnecessary replenishment | Review marketing effectiveness and conversion performance",,,,,,,,,,74.875,5,13,1,40.0,46.275,99.25750000000001,480.0,54850.0,21.89725,52.5,19.573783783783785,18.997077614720315,5.26396754427706,1763449.89,33500394.43
OUT0088,41.52,Critical,Critical,2,40.0,Low,2,3,"Inventory, Inventory Wastage, Marketing",Marketing Growth,Immediate management intervention required | Review inventory levels and replenishment | Reduce inventory wastage and improve stock rotation | Review marketing effectiveness and conversion performance,"Health: Critical | Risk Areas: Inventory, Inventory Wastage, Marketing | Recommendation: Immediate management intervention required | Review inventory levels and replenishment | Reduce inventory wastage and improve stock rotation | Review marketing effectiveness and conversion performance",,,,,,,,,,70.125,4,21,0,40.0,48.302499999999995,97.0875,1643.0,46196.0,20.983,52.5,16.403076923076924,20.518662166486145,4.873612089745965,4397411.74,90229005.9
OUT0211,41.52,Critical,Critical,2,40.0,Low,2,3,"Inventory, Inventory Wastage, Marketing",Marketing Growth,Immediate management intervention required | Review inventory levels and replenishment | Reduce inventory wastage and improve stock rotation | Review marketing effectiveness and conversion performance,"Health: Critical | Risk Areas: Inventory, Inventory Wastage, Marketing | Recommendation: Immediate management intervention required | Review inventory levels and replenishment | Reduce inventory wastage and improve stock rotation | Review marketing effectiveness and conversion performance",,,,,,,,,,70.125,4,21,0,40.0,49.042500000000004,97.015,1437.0,38766.0,20.29575,52.5,15.21,23.44889844354444,4.264592652007085,3019033.19,70793002.67
OUT0546,41.67,Critical,Critical,2,40.0,Low,2,3,"Inventory, Inventory Wastage, Marketing",Marketing Growth,Immediate management intervention required | Review inventory levels and replenishment | Reduce inventory wastage and improve stock rotation | Review marketing effectiveness and conversion performance,"Health: Critical | Risk Areas: Inventory, Inventory Wastage, Marketing | Recommendation: Immediate management intervention required | Review inventory levels and replenishment | Reduce inventory wastage and improve stock rotation | Review marketing effectiveness and conversion performance",,,,,,,,,,79.375,1,16,0,40.0,45.945,96.5975,2508.0,61507.0,23.66975,37.5,16.035128205128206,19.24416984087039,5.196378998257537,2750779.12,52936460.58
OUT0630,41.67,Critical,Critical,2,40.0,Low,2,3,"Inventory, Inventory Wastage, Marketing",Marketing Growth,Immediate management intervention required | Review inventory levels and replenishment | Reduce inventory wastage and improve stock rotation | Review marketing effectiveness and conversion performance,"Health: Critical | Risk Areas: Inventory, Inventory Wastage, Marketing | Recommendation: Immediate management intervention required | Review inventory levels and replenishment | Reduce inventory wastage and improve stock rotation | Review marketing effectiveness and conversion performance",,,,,,,,,,79.375,1,16,0,40.0,57.825,98.125,779.0,29764.0,18.752000000000002,37.5,17.482499999999998,18.63776482836912,5.365450252263454,1609018.99,29988517.54
OUT0161,41.83,Critical,Critical,2,40.0,Low,2,3,"Inventory, Inventory Wastage, Marketing",Marketing Growth,Immediate management intervention required | Review inventory levels and replenishment | Reduce inventory wastage and improve stock rotation | Review marketing effectiveness and conversion performance,"Health: Critical | Risk Areas: Inventory, Inventory Wastage, Marketing | Recommendation: Immediate management intervention required | Review inventory levels and replenishment | Reduce inventory wastage and improve stock rotation | Review marketing effectiveness and conversion performance",,,,,,,,,,79.625,3,12,0,40.0,77.745,96.74,1184.0,17107.0,13.4745,37.5,17.46682926829268,18.408239981856106,5.432349866068891,3243272.19,59702932.8
OUT0162,41.83,Critical,Critical,2,40.0,Low,2,3,"Inventory, Inventory Wastage, Marketing",Marketing Growth,Immediate management intervention required | Review inventory levels and replenishment | Reduce inventory wastage and improve stock rotation | Review marketing effectiveness and conversion performance,"Health: Critical | Risk Areas: Inventory, Inventory Wastage, Marketing | Recommendation: Immediate management intervention required | Review inventory levels and replenishment | Reduce inventory wastage and improve stock rotation | Review marketing effectiveness and conversion performance",,,,,,,,,,79.625,3,12,0,40.0,67.89750000000001,99.29249999999999,172.0,15068.0,16.329,37.5,14.758,18.3976397152944,5.435479852171884,1018055.15,18729811.86
OUT0321,41.83,Critical,Critical,2,40.0,Low,2,3,"Inventory, Inventory Wastage, Marketing",Marketing Growth,Immediate management intervention required | Review inventory levels and replenishment | Reduce inventory wastage and improve stock rotation | Review marketing effectiveness and conversion performance,"Health: Critical | Risk Areas: Inventory, Inventory Wastage, Marketing | Recommendation: Immediate management intervention required | Review inventory levels and replenishment | Reduce inventory wastage and improve stock rotation | Review marketing effectiveness and conversion performance",,,,,,,,,,79.625,3,12,0,40.0,54.089999999999996,96.81,846.0,20118.0,20.07875,37.5,17.24925,18.36107176424837,5.446305165840824,2058282.13,37792265.9
OUT0715,41.98,Critical,Critical,2,40.0,Low,2,3,"Inventory, Inventory Wastage, Marketing",Marketing Growth,Immediate management intervention required | Review inventory levels and replenishment | Reduce inventory wastage and improve stock rotation | Review marketing effectiveness and conversion performance,"Health: Critical | Risk Areas: Inventory, Inventory Wastage, Marketing | Recommendation: Immediate management intervention required | Review inventory levels and replenishment | Reduce inventory wastage and improve stock rotation | Review marketing effectiveness and conversion performance",,,,,,,,,,70.875,3,22,0,40.0,65.74249999999999,98.04249999999999,338.0,10838.0,14.5745,52.5,20.61325,18.166703743132103,5.504575921639328,1180038.77,21437414.74
OUT0284,42.06,Critical,Critical,2,40.0,Low,2,3,"Inventory, Inventory Wastage, Marketing",Marketing Growth,Immediate management intervention required | Review inventory levels and replenishment | Reduce inventory wastage and improve stock rotation | Review marketing effectiveness and conversion performance,"Health: Critical | Risk Areas: Inventory, Inventory Wastage, Marketing | Recommendation: Immediate management intervention required | Review inventory levels and replenishment | Reduce inventory wastage and improve stock rotation | Review marketing effectiveness and conversion performance",,,,,,,,,,71.0,4,20,0,40.0,55.21,99.28999999999999,69.0,7203.0,18.5385,52.5,12.64975,21.221938849083173,4.712104803954808,230924.42,4900663.92
OUT0145,42.22,Critical,Critical,2,40.0,Low,2,3,"Inventory, Inventory Wastage, Marketing",Marketing Growth,Immediate management intervention required | Review inventory levels and replenishment | Reduce inventory wastage and improve stock rotation | Review marketing effectiveness and conversion performance,"Health: Critical | Risk Areas: Inventory, Inventory Wastage, Marketing | Recommendation: Immediate management intervention required | Review inventory levels and replenishment | Reduce inventory wastage and improve stock rotation | Review marketing effectiveness and conversion performance",,,,,,,,,,80.25,1,15,0,40.0,77.2775,98.0925,585.0,15034.0,13.735249999999999,37.5,12.355135135135134,18.383921324153384,5.43953589861249,1855475.68,34110918.92
OUT0187,42.38,Critical,Critical,2,40.0,Low,2,3,"Inventory, Inventory Wastage, Marketing",Marketing Growth,Immediate management intervention required | Review inventory levels and replenishment | Reduce inventory wastage and improve stock rotation | Review marketing effectiveness and conversion performance,"Health: Critical | Risk Areas: Inventory, Inventory Wastage, Marketing | Recommendation: Immediate management intervention required | Review inventory levels and replenishment | Reduce inventory wastage and improve stock rotation | Review marketing effectiveness and conversion performance",,,,,,,,,,71.5,8,12,0,40.0,42.777499999999996,99.2475,354.0,40397.0,22.753999999999998,52.5,12.335641025641024,20.32817191687935,4.919281498055698,1820460.22,37006628.32
OUT0194,42.45,Critical,Critical,2,40.0,Low,2,3,"Inventory, Inventory Wastage, Marketing",Marketing Growth,Immediate management intervention required | Review inventory levels and replenishment | Reduce inventory wastage and improve stock rotation | Review marketing effectiveness and conversion performance,"Health: Critical | Risk Areas: Inventory, Inventory Wastage, Marketing | Recommendation: Immediate management intervention required | Review inventory levels and replenishment | Reduce inventory wastage and improve stock rotation | Review marketing effectiveness and conversion performance",,,,,,,,,,71.625,2,23,0,40.0,50.3975,99.2375,519.0,54275.0,19.66775,52.5,27.347179487179485,17.90574138631252,5.584800865963687,6388015.02,114382144.92
OUT0417,42.53,Critical,Critical,2,40.0,Low,2,3,"Inventory, Inventory Wastage, Marketing",Marketing Growth,Immediate management intervention required | Review inventory levels and replenishment | Reduce inventory wastage and improve stock rotation | Review marketing effectiveness and conversion performance,"Health: Critical | Risk Areas: Inventory, Inventory Wastage, Marketing | Recommendation: Immediate management intervention required | Review inventory levels and replenishment | Reduce inventory wastage and improve stock rotation | Review marketing effectiveness and conversion performance",,,,,,,,,,71.75,3,21,0,40.0,71.19500000000001,99.2775,205.0,15570.0,14.077250000000001,52.5,17.49947368421053,20.69874894723001,4.831209859829833,1633903.9,33819766.63
OUT0537,42.53,Critical,Critical,2,40.0,Low,2,3,"Inventory, Inventory Wastage, Marketing",Marketing Growth,Immediate management intervention required | Review inventory levels and replenishment | Reduce inventory wastage and improve stock rotation | Review marketing effectiveness and conversion performance,"Health: Critical | Risk Areas: Inventory, Inventory Wastage, Marketing | Recommendation: Immediate management intervention required | Review inventory levels and replenishment | Reduce inventory wastage and improve stock rotation | Review marketing effectiveness and conversion performance",,,,,,,,,,71.75,3,21,0,40.0,55.447500000000005,99.285,542.0,57611.0,18.217750000000002,52.5,28.980975609756097,18.984182671600383,5.26754307677392,4232085.11,80342676.81
OUT0337,42.77,Critical,Critical,2,40.0,Low,2,3,"Inventory, Inventory Wastage, Marketing",Marketing Growth,Immediate management intervention required | Review inventory levels and replenishment | Reduce inventory wastage and improve stock rotation | Review marketing effectiveness and conversion performance,"Health: Critical | Risk Areas: Inventory, Inventory Wastage, Marketing | Recommendation: Immediate management intervention required | Review inventory levels and replenishment | Reduce inventory wastage and improve stock rotation | Review marketing effectiveness and conversion performance",,,,,,,,,,81.125,1,14,0,40.0,81.0025,99.3275,152.0,10055.0,12.98425,37.5,15.112972972972972,18.59478397296547,5.377852205510304,1952667.41,36309428.66
OUT0625,42.84,Critical,Critical,2,40.0,Low,2,3,"Inventory, Inventory Wastage, Marketing",Marketing Growth,Immediate management intervention required | Review inventory levels and replenishment | Reduce inventory wastage and improve stock rotation | Review marketing effectiveness and conversion performance,"Health: Critical | Risk Areas: Inventory, Inventory Wastage, Marketing | Recommendation: Immediate management intervention required | Review inventory levels and replenishment | Reduce inventory wastage and improve stock rotation | Review marketing effectiveness and conversion performance",,,,,,,,,,81.25,2,12,0,40.0,71.9825,98.0775,704.0,20912.0,15.91,37.5,12.741794871794871,19.067502701086312,5.244525283025281,1113191.01,21225772.59
OUT0540,43.0,Critical,Critical,2,40.0,Low,2,3,"Inventory, Inventory Wastage, Marketing",Marketing Growth,Immediate management intervention required | Review inventory levels and replenishment | Reduce inventory wastage and improve stock rotation | Review marketing effectiveness and conversion performance,"Health: Critical | Risk Areas: Inventory, Inventory Wastage, Marketing | Recommendation: Immediate management intervention required | Review inventory levels and replenishment | Reduce inventory wastage and improve stock rotation | Review marketing effectiveness and conversion performance",,,,,,,,,,72.5,2,22,0,40.0,41.1025,98.06,1159.0,53420.0,23.8825,52.5,29.05175,18.109621439741822,5.521926581002328,4462299.63,80810557.05
OUT0652,43.0,Critical,Critical,2,40.0,Low,2,3,"Inventory, Inventory Wastage, Marketing",Marketing Growth,Immediate management intervention required | Review inventory levels and replenishment | Reduce inventory wastage and improve stock rotation | Review marketing effectiveness and conversion performance,"Health: Critical | Risk Areas: Inventory, Inventory Wastage, Marketing | Recommendation: Immediate management intervention required | Review inventory levels and replenishment | Reduce inventory wastage and improve stock rotation | Review marketing effectiveness and conversion performance",,,,,,,,,,72.5,2,22,0,40.0,61.6675,99.325,474.0,47276.0,16.47825,52.5,16.73025,21.82178111434898,4.582577355898996,3049583.09,66547334.68
OUT0658,43.0,Critical,Critical,2,40.0,Low,2,3,"Inventory, Inventory Wastage, Marketing",Marketing Growth,Immediate management intervention required | Review inventory levels and replenishment | Reduce inventory wastage and improve stock rotation | Review marketing effectiveness and conversion performance,"Health: Critical | Risk Areas: Inventory, Inventory Wastage, Marketing | Recommendation: Immediate management intervention required | Review inventory levels and replenishment | Reduce inventory wastage and improve stock rotation | Review marketing effectiveness and conversion performance",,,,,,,,,,72.5,2,22,0,40.0,60.38250000000001,96.6875,1090.0,22470.0,16.9845,52.5,14.918421052631578,20.289555656335992,4.928644160266376,1811109.88,36746614.71
OUT0164,43.08,Critical,Critical,2,40.0,Low,2,3,"Inventory, Inventory Wastage, Marketing",Marketing Growth,Immediate management intervention required | Review inventory levels and replenishment | Reduce inventory wastage and improve stock rotation | Review marketing effectiveness and conversion performance,"Health: Critical | Risk Areas: Inventory, Inventory Wastage, Marketing | Recommendation: Immediate management intervention required | Review inventory levels and replenishment | Reduce inventory wastage and improve stock rotation | Review marketing effectiveness and conversion performance",,,,,,,,,,72.625,3,20,0,40.0,50.68,99.3125,281.0,32221.0,19.803,52.5,13.79025,20.111859189877567,4.972190738603155,1501982.36,30207657.73
OUT0366,43.08,Critical,Critical,2,40.0,Low,2,3,"Inventory, Inventory Wastage, Marketing",Marketing Growth,Immediate management intervention required | Review inventory levels and replenishment | Reduce inventory wastage and improve stock rotation | Review marketing effectiveness and conversion performance,"Health: Critical | Risk Areas: Inventory, Inventory Wastage, Marketing | Recommendation: Immediate management intervention required | Review inventory levels and replenishment | Reduce inventory wastage and improve stock rotation | Review marketing effectiveness and conversion performance",,,,,,,,,,72.625,3,20,0,40.0,56.9775,96.70750000000001,556.0,12220.0,17.9005,52.5,15.604358974358975,19.82330902674279,5.044566467944086,1170980.08,23212699.99
OUT0544,43.08,Critical,Critical,2,40.0,Low,2,3,"Inventory, Inventory Wastage, Marketing",Marketing Growth,Immediate management intervention required | Review inventory levels and replenishment | Reduce inventory wastage and improve stock rotation | Review marketing effectiveness and conversion performance,"Health: Critical | Risk Areas: Inventory, Inventory Wastage, Marketing | Recommendation: Immediate management intervention required | Review inventory levels and replenishment | Reduce inventory wastage and improve stock rotation | Review marketing effectiveness and conversion performance",,,,,,,,,,72.625,3,20,0,40.0,46.722500000000004,99.4375,134.0,19590.0,21.22025,52.5,26.24710526315789,17.616740484856177,5.676418976936323,2022931.85,35637465.42
OUT0633,43.08,Critical,Critical,2,40.0,Low,2,3,"Inventory, Inventory Wastage, Marketing",Marketing Growth,Immediate management intervention required | Review inventory levels and replenishment | Reduce inventory wastage and improve stock rotation | Review marketing effectiveness and conversion performance,"Health: Critical | Risk Areas: Inventory, Inventory Wastage, Marketing | Recommendation: Immediate management intervention required | Review inventory levels and replenishment | Reduce inventory wastage and improve stock rotation | Review marketing effectiveness and conversion performance",,,,,,,,,,72.625,3,20,0,40.0,57.17999999999999,96.8625,876.0,20315.0,18.167250000000003,52.5,22.316410256410258,19.184717340580654,5.212482322503342,2256265.16,43285809.34
OUT0697,43.08,Critical,Critical,2,40.0,Low,2,3,"Inventory, Inventory Wastage, Marketing",Marketing Growth,Immediate management intervention required | Review inventory levels and replenishment | Reduce inventory wastage and improve stock rotation | Review marketing effectiveness and conversion performance,"Health: Critical | Risk Areas: Inventory, Inventory Wastage, Marketing | Recommendation: Immediate management intervention required | Review inventory levels and replenishment | Reduce inventory wastage and improve stock rotation | Review marketing effectiveness and conversion performance",,,,,,,,,,72.625,3,20,0,40.0,66.685,99.33,513.0,48437.0,15.6915,52.5,21.25775,19.03948577564412,5.252242690709798,4533690.35,86319132.93
OUT0512,43.16,Critical,Critical,2,40.0,Low,2,3,"Inventory, Inventory Wastage, Marketing",Marketing Growth,Immediate management intervention required | Review inventory levels and replenishment | Reduce inventory wastage and improve stock rotation | Review marketing effectiveness and conversion performance,"Health: Critical | Risk Areas: Inventory, Inventory Wastage, Marketing | Recommendation: Immediate management intervention required | Review inventory levels and replenishment | Reduce inventory wastage and improve stock rotation | Review marketing effectiveness and conversion performance",,,,,,,,,,72.75,4,18,0,40.0,63.89,99.3025,235.0,22227.0,16.393250000000002,52.5,22.35105263157895,19.194763275983632,5.209754273193845,2769601.75,53161849.96
OUT0078,43.23,Critical,Critical,2,40.0,Low,2,3,"Inventory, Inventory Wastage, Marketing",Marketing Growth,Immediate management intervention required | Review inventory levels and replenishment | Reduce inventory wastage and improve stock rotation | Review marketing effectiveness and conversion performance,"Health: Critical | Risk Areas: Inventory, Inventory Wastage, Marketing | Recommendation: Immediate management intervention required | Review inventory levels and replenishment | Reduce inventory wastage and improve stock rotation | Review marketing effectiveness and conversion performance",,,,,,,,,,72.875,5,16,0,40.0,47.305,96.4675,1741.0,40899.0,21.406,52.5,17.328205128205127,19.457928442244476,5.139293234468541,1826955.29,35548765.3
OUT0351,43.23,Critical,Critical,2,40.0,Low,2,3,"Inventory, Inventory Wastage, Marketing",Marketing Growth,Immediate management intervention required | Review inventory levels and replenishment | Reduce inventory wastage and improve stock rotation | Review marketing effectiveness and conversion performance,"Health: Critical | Risk Areas: Inventory, Inventory Wastage, Marketing | Recommendation: Immediate management intervention required | Review inventory levels and replenishment | Reduce inventory wastage and improve stock rotation | Review marketing effectiveness and conversion performance",,,,,,,,,,72.875,5,16,0,40.0,60.807500000000005,96.33250000000001,1511.0,28651.0,17.31175,52.5,16.059714285714286,20.65508699673812,4.8414223583658655,1115682.06,23044510.01
OUT0380,43.23,Critical,Critical,2,40.0,Low,2,3,"Inventory, Inventory Wastage, Marketing",Marketing Growth,Immediate management intervention required | Review inventory levels and replenishment | Reduce inventory wastage and improve stock rotation | Review marketing effectiveness and conversion performance,"Health: Critical | Risk Areas: Inventory, Inventory Wastage, Marketing | Recommendation: Immediate management intervention required | Review inventory levels and replenishment | Reduce inventory wastage and improve stock rotation | Review marketing effectiveness and conversion performance",,,,,,,,,,72.875,5,16,0,40.0,50.302499999999995,97.8725,642.0,23949.0,20.352,52.5,21.391351351351357,19.245610515560596,5.1959900112884085,1573476.93,30282524.15
OUT0228,43.31,Critical,Critical,2,40.0,Low,2,3,"Inventory, Inventory Wastage, Marketing",Marketing Growth,Immediate management intervention required | Review inventory levels and replenishment | Reduce inventory wastage and improve stock rotation | Review marketing effectiveness and conversion performance,"Health: Critical | Risk Areas: Inventory, Inventory Wastage, Marketing | Recommendation: Immediate management intervention required | Review inventory levels and replenishment | Reduce inventory wastage and improve stock rotation | Review marketing effectiveness and conversion performance",,,,,,,,,,73.0,6,14,0,40.0,58.5125,96.8075,1843.0,41300.0,17.699,52.5,16.976750000000003,20.2418877069643,4.94025070426582,3495740.03,70760377.14
OUT0478,43.31,Critical,Critical,2,40.0,Low,2,3,"Inventory, Inventory Wastage, Marketing",Marketing Growth,Immediate management intervention required | Review inventory levels and replenishment | Reduce inventory wastage and improve stock rotation | Review marketing effectiveness and conversion performance,"Health: Critical | Risk Areas: Inventory, Inventory Wastage, Marketing | Recommendation: Immediate management intervention required | Review inventory levels and replenishment | Reduce inventory wastage and improve stock rotation | Review marketing effectiveness and conversion performance",,,,,,,,,,73.0,6,14,0,40.0,38.489999999999995,97.00750000000001,2682.0,81026.0,24.7655,52.5,21.6405,18.711721173621644,5.34424380697658,3771899.08,70578723.88
OUT0564,43.31,Critical,Critical,2,40.0,Low,2,3,"Inventory, Inventory Wastage, Marketing",Marketing Growth,Immediate management intervention required | Review inventory levels and replenishment | Reduce inventory wastage and improve stock rotation | Review marketing effectiveness and conversion performance,"Health: Critical | Risk Areas: Inventory, Inventory Wastage, Marketing | Recommendation: Immediate management intervention required | Review inventory levels and replenishment | Reduce inventory wastage and improve stock rotation | Review marketing effectiveness and conversion performance",,,,,,,,,,73.0,6,14,0,40.0,44.3425,99.2825,225.0,27203.0,22.122999999999998,52.5,13.83846153846154,19.743982808753888,5.064834231706432,2430353.2,47984851.8
OUT0297,43.39,Critical,Critical,2,40.0,Low,2,3,"Inventory, Inventory Wastage, Marketing",Marketing Growth,Immediate management intervention required | Review inventory levels and replenishment | Reduce inventory wastage and improve stock rotation | Review marketing effectiveness and conversion performance,"Health: Critical | Risk Areas: Inventory, Inventory Wastage, Marketing | Recommendation: Immediate management intervention required | Review inventory levels and replenishment | Reduce inventory wastage and improve stock rotation | Review marketing effectiveness and conversion performance",,,,,,,,,,82.125,2,11,0,40.0,80.2975,99.22749999999999,321.0,20041.0,13.73175,37.5,17.794999999999998,19.218814356956223,5.203234608684647,2922309.39,56163321.66
OUT0308,43.47,Critical,Critical,2,40.0,Low,2,3,"Inventory, Inventory Wastage, Marketing",Marketing Growth,Immediate management intervention required | Review inventory levels and replenishment | Reduce inventory wastage and improve stock rotation | Review marketing effectiveness and conversion performance,"Health: Critical | Risk Areas: Inventory, Inventory Wastage, Marketing | Recommendation: Immediate management intervention required | Review inventory levels and replenishment | Reduce inventory wastage and improve stock rotation | Review marketing effectiveness and conversion performance",,,,,,,,,,73.25,1,23,0,40.0,57.745000000000005,96.9,2533.0,57958.0,17.643,52.5,18.345675675675675,18.40424803134298,5.433528163155431,5337858.45,98239270.87
OUT0394,43.47,Critical,Critical,2,40.0,Low,2,3,"Inventory, Inventory Wastage, Marketing",Marketing Growth,Immediate management intervention required | Review inventory levels and replenishment | Reduce inventory wastage and improve stock rotation | Review marketing effectiveness and conversion performance,"Health: Critical | Risk Areas: Inventory, Inventory Wastage, Marketing | Recommendation: Immediate management intervention required | Review inventory levels and replenishment | Reduce inventory wastage and improve stock rotation | Review marketing effectiveness and conversion performance",,,,,,,,,,73.25,1,23,0,40.0,59.470000000000006,99.35,279.0,30537.0,16.68875,52.5,11.8495,19.625440470805717,5.095427037612601,1925672.46,37792170.23
OUT0013,43.55,Critical,Critical,2,40.0,Low,2,3,"Inventory, Inventory Wastage, Marketing",Marketing Growth,Immediate management intervention required | Review inventory levels and replenishment | Reduce inventory wastage and improve stock rotation | Review marketing effectiveness and conversion performance,"Health: Critical | Risk Areas: Inventory, Inventory Wastage, Marketing | Recommendation: Immediate management intervention required | Review inventory levels and replenishment | Reduce inventory wastage and improve stock rotation | Review marketing effectiveness and conversion performance",,,,,,,,,,73.375,2,21,0,40.0,65.37,97.05499999999999,1621.0,35162.0,15.888,52.5,27.50225,18.781463658455525,5.324398663411912,3133441.4,58850615.78
OUT0025,43.55,Critical,Critical,2,40.0,Low,2,3,"Inventory, Inventory Wastage, Marketing",Marketing Growth,Immediate management intervention required | Review inventory levels and replenishment | Reduce inventory wastage and improve stock rotation | Review marketing effectiveness and conversion performance,"Health: Critical | Risk Areas: Inventory, Inventory Wastage, Marketing | Recommendation: Immediate management intervention required | Review inventory levels and replenishment | Reduce inventory wastage and improve stock rotation | Review marketing effectiveness and conversion performance",,,,,,,,,,73.375,2,21,0,40.0,67.2175,97.815,1170.0,32798.0,15.585249999999998,52.5,28.17871794871795,18.38007470862537,5.4406742945975175,4368480.86,80293004.57000001
OUT0167,43.55,Critical,Critical,2,40.0,Low,2,3,"Inventory, Inventory Wastage, Marketing",Marketing Growth,Immediate management intervention required | Review inventory levels and replenishment | Reduce inventory wastage and improve stock rotation | Review marketing effectiveness and conversion performance,"Health: Critical | Risk Areas: Inventory, Inventory Wastage, Marketing | Recommendation: Immediate management intervention required | Review inventory levels and replenishment | Reduce inventory wastage and improve stock rotation | Review marketing effectiveness and conversion performance",,,,,,,,,,73.375,2,21,0,40.0,49.22,99.385,327.0,42461.0,20.503,52.5,26.01815789473684,17.871414524470655,5.595527979224798,3994784.62,71392451.88
OUT0174,43.55,Critical,Critical,2,40.0,Low,2,3,"Inventory, Inventory Wastage, Marketing",Marketing Growth,Immediate management intervention required | Review inventory levels and replenishment | Reduce inventory wastage and improve stock rotation | Review marketing effectiveness and conversion performance,"Health: Critical | Risk Areas: Inventory, Inventory Wastage, Marketing | Recommendation: Immediate management intervention required | Review inventory levels and replenishment | Reduce inventory wastage and improve stock rotation | Review marketing effectiveness and conversion performance",,,,,,,,,,73.375,2,21,0,40.0,64.8075,99.2475,556.0,48586.0,16.201249999999998,52.5,21.016585365853658,19.1829848029383,5.2129530950096346,2243306.02,43033305.29
OUT0258,43.55,Critical,Critical,2,40.0,Low,2,3,"Inventory, Inventory Wastage, Marketing",Marketing Growth,Immediate management intervention required | Review inventory levels and replenishment | Reduce inventory wastage and improve stock rotation | Review marketing effectiveness and conversion performance,"Health: Critical | Risk Areas: Inventory, Inventory Wastage, Marketing | Recommendation: Immediate management intervention required | Review inventory levels and replenishment | Reduce inventory wastage and improve stock rotation | Review marketing effectiveness and conversion performance",,,,,,,,,,73.375,2,21,0,40.0,42.7825,96.67,1408.0,36529.0,22.455000000000002,52.5,25.13230769230769,18.87433716724936,5.2981993017227325,3742893.66,70644636.92
OUT0702,43.55,Critical,Critical,2,40.0,Low,2,3,"Inventory, Inventory Wastage, Marketing",Marketing Growth,Immediate management intervention required | Review inventory levels and replenishment | Reduce inventory wastage and improve stock rotation | Review marketing effectiveness and conversion performance,"Health: Critical | Risk Areas: Inventory, Inventory Wastage, Marketing | Recommendation: Immediate management intervention required | Review inventory levels and replenishment | Reduce inventory wastage and improve stock rotation | Review marketing effectiveness and conversion performance",,,,,,,,,,73.375,2,21,0,40.0,62.595000000000006,99.3225,914.0,91666.0,16.328,52.5,30.642307692307693,17.68168735589298,5.65556883725081,8613312.26,152297894.48
OUT0288,43.62,Critical,Critical,2,40.0,Low,2,3,"Inventory, Inventory Wastage, Marketing",Marketing Growth,Immediate management intervention required | Review inventory levels and replenishment | Reduce inventory wastage and improve stock rotation | Review marketing effectiveness and conversion performance,"Health: Critical | Risk Areas: Inventory, Inventory Wastage, Marketing | Recommendation: Immediate management intervention required | Review inventory levels and replenishment | Reduce inventory wastage and improve stock rotation | Review marketing effectiveness and conversion performance",,,,,,,,,,73.5,3,19,0,40.0,61.13250000000001,96.72749999999999,351.0,7263.0,17.593,52.5,14.652857142857142,21.73977275785838,4.599864088452927,337725.21,7342069.32
OUT0404,43.62,Critical,Critical,2,40.0,Low,2,3,"Inventory, Inventory Wastage, Marketing",Marketing Growth,Immediate management intervention required | Review inventory levels and replenishment | Reduce inventory wastage and improve stock rotation | Review marketing effectiveness and conversion performance,"Health: Critical | Risk Areas: Inventory, Inventory Wastage, Marketing | Recommendation: Immediate management intervention required | Review inventory levels and replenishment | Reduce inventory wastage and improve stock rotation | Review marketing effectiveness and conversion performance",,,,,,,,,,73.5,3,19,0,40.0,73.94,99.375,75.0,6306.0,14.342250000000002,52.5,13.621,19.61655487885452,5.097735082310201,1016339.18,19937073.3
OUT0437,43.62,Critical,Critical,2,40.0,Low,2,3,"Inventory, Inventory Wastage, Marketing",Marketing Growth,Immediate management intervention required | Review inventory levels and replenishment | Reduce inventory wastage and improve stock rotation | Review marketing effectiveness and conversion performance,"Health: Critical | Risk Areas: Inventory, Inventory Wastage, Marketing | Recommendation: Immediate management intervention required | Review inventory levels and replenishment | Reduce inventory wastage and improve stock rotation | Review marketing effectiveness and conversion performance",,,,,,,,,,73.5,3,19,0,40.0,60.2525,99.285,550.0,53363.0,17.364250000000002,52.5,25.861282051282053,18.773018533583897,5.326793867544823,4287645.09,80492040.74
OUT0549,43.62,Critical,Critical,2,40.0,Low,2,3,"Inventory, Inventory Wastage, Marketing",Marketing Growth,Immediate management intervention required | Review inventory levels and replenishment | Reduce inventory wastage and improve stock rotation | Review marketing effectiveness and conversion performance,"Health: Critical | Risk Areas: Inventory, Inventory Wastage, Marketing | Recommendation: Immediate management intervention required | Review inventory levels and replenishment | Reduce inventory wastage and improve stock rotation | Review marketing effectiveness and conversion performance",,,,,,,,,,73.5,3,19,0,40.0,57.9525,99.37,335.0,38336.0,17.455000000000002,52.5,16.841,19.76141787532772,5.060365639292044,4739076.75,93650876.0
OUT0567,43.62,Critical,Critical,2,40.0,Low,2,3,"Inventory, Inventory Wastage, Marketing",Marketing Growth,Immediate management intervention required | Review inventory levels and replenishment | Reduce inventory wastage and improve stock rotation | Review marketing effectiveness and conversion performance,"Health: Critical | Risk Areas: Inventory, Inventory Wastage, Marketing | Recommendation: Immediate management intervention required | Review inventory levels and replenishment | Reduce inventory wastage and improve stock rotation | Review marketing effectiveness and conversion performance",,,,,,,,,,73.5,3,19,0,40.0,45.93,99.29249999999999,228.0,27491.0,21.5535,52.5,19.96305555555556,19.21473868673255,5.204338275443127,716664.53,13770521.67
OUT0589,43.62,Critical,Critical,2,40.0,Low,2,3,"Inventory, Inventory Wastage, Marketing",Marketing Growth,Immediate management intervention required | Review inventory levels and replenishment | Reduce inventory wastage and improve stock rotation | Review marketing effectiveness and conversion performance,"Health: Critical | Risk Areas: Inventory, Inventory Wastage, Marketing | Recommendation: Immediate management intervention required | Review inventory levels and replenishment | Reduce inventory wastage and improve stock rotation | Review marketing effectiveness and conversion performance",,,,,,,,,,73.5,3,19,0,40.0,71.6975,99.3275,430.0,35019.0,14.545750000000002,52.5,24.0935,18.77630950833209,5.325860225920564,1782549.75,33469705.82
OUT0612,43.62,Critical,Critical,2,40.0,Low,2,3,"Inventory, Inventory Wastage, Marketing",Marketing Growth,Immediate management intervention required | Review inventory levels and replenishment | Reduce inventory wastage and improve stock rotation | Review marketing effectiveness and conversion performance,"Health: Critical | Risk Areas: Inventory, Inventory Wastage, Marketing | Recommendation: Immediate management intervention required | Review inventory levels and replenishment | Reduce inventory wastage and improve stock rotation | Review marketing effectiveness and conversion performance",,,,,,,,,,73.5,3,19,0,40.0,54.69,99.3,385.0,41114.0,17.465,52.5,17.53794871794872,19.408705216816625,5.152327210027139,4748867.13,92169362.24
OUT0649,43.7,Critical,Critical,2,40.0,Low,2,3,"Inventory, Inventory Wastage, Marketing",Marketing Growth,Immediate management intervention required | Review inventory levels and replenishment | Reduce inventory wastage and improve stock rotation | Review marketing effectiveness and conversion performance,"Health: Critical | Risk Areas: Inventory, Inventory Wastage, Marketing | Recommendation: Immediate management intervention required | Review inventory levels and replenishment | Reduce inventory wastage and improve stock rotation | Review marketing effectiveness and conversion performance",,,,,,,,,,73.625,4,17,0,40.0,72.5025,99.255,461.0,33937.0,14.169999999999998,52.5,18.2175,18.526776947454337,5.397592915574042,2108067.4,39055694.51
OUT0322,43.86,Critical,Critical,2,40.0,Low,2,3,"Inventory, Inventory Wastage, Marketing",Marketing Growth,Immediate management intervention required | Review inventory levels and replenishment | Reduce inventory wastage and improve stock rotation | Review marketing effectiveness and conversion performance,"Health: Critical | Risk Areas: Inventory, Inventory Wastage, Marketing | Recommendation: Immediate management intervention required | Review inventory levels and replenishment | Reduce inventory wastage and improve stock rotation | Review marketing effectiveness and conversion performance",,,,,,,,,,73.875,6,13,0,40.0,46.9975,99.375,341.0,45155.0,22.75325,52.5,31.37225,18.987629669857743,5.266586811451606,1464831.56,27813679.19
OUT0197,44.02,Critical,Critical,2,40.0,Low,2,3,"Inventory, Inventory Wastage, Marketing",Marketing Growth,Immediate management intervention required | Review inventory levels and replenishment | Reduce inventory wastage and improve stock rotation | Review marketing effectiveness and conversion performance,"Health: Critical | Risk Areas: Inventory, Inventory Wastage, Marketing | Recommendation: Immediate management intervention required | Review inventory levels and replenishment | Reduce inventory wastage and improve stock rotation | Review marketing effectiveness and conversion performance",,,,,,,,,,74.125,1,22,0,40.0,54.525,99.33,346.0,39425.0,18.61325,52.5,16.98225,20.417353219709067,4.897794485108336,4207185.25,85899587.31
OUT0166,44.09,Critical,Critical,2,40.0,Low,2,3,"Inventory, Inventory Wastage, Marketing",Marketing Growth,Immediate management intervention required | Review inventory levels and replenishment | Reduce inventory wastage and improve stock rotation | Review marketing effectiveness and conversion performance,"Health: Critical | Risk Areas: Inventory, Inventory Wastage, Marketing | Recommendation: Immediate management intervention required | Review inventory levels and replenishment | Reduce inventory wastage and improve stock rotation | Review marketing effectiveness and conversion performance",,,,,,,,,,74.25,2,20,0,40.0,70.60249999999999,96.60249999999999,2715.0,46320.0,15.220250000000002,52.5,20.81105263157895,19.28583778465809,5.185151981292208,5630389.39,108586776.44
OUT0209,44.09,Critical,Critical,2,40.0,Low,2,3,"Inventory, Inventory Wastage, Marketing",Marketing Growth,Immediate management intervention required | Review inventory levels and replenishment | Reduce inventory wastage and improve stock rotation | Review marketing effectiveness and conversion performance,"Health: Critical | Risk Areas: Inventory, Inventory Wastage, Marketing | Recommendation: Immediate management intervention required | Review inventory levels and replenishment | Reduce inventory wastage and improve stock rotation | Review marketing effectiveness and conversion performance",,,,,,,,,,74.25,2,20,0,40.0,48.79,99.3725,375.0,48510.0,20.469,52.5,18.057435897435894,19.208703680911203,5.205973378587529,3933554.82,75558488.95
OUT0425,44.09,Critical,Critical,2,40.0,Low,2,3,"Inventory, Inventory Wastage, Marketing",Marketing Growth,Immediate management intervention required | Review inventory levels and replenishment | Reduce inventory wastage and improve stock rotation | Review marketing effectiveness and conversion performance,"Health: Critical | Risk Areas: Inventory, Inventory Wastage, Marketing | Recommendation: Immediate management intervention required | Review inventory levels and replenishment | Reduce inventory wastage and improve stock rotation | Review marketing effectiveness and conversion performance",,,,,,,,,,74.25,2,20,0,40.0,53.8125,98.0625,206.0,7970.0,18.79775,52.5,10.784358974358971,22.21368513255556,4.501729425049051,361970.48,8040698.27
OUT0558,44.09,Critical,Critical,2,40.0,Low,2,3,"Inventory, Inventory Wastage, Marketing",Marketing Growth,Immediate management intervention required | Review inventory levels and replenishment | Reduce inventory wastage and improve stock rotation | Review marketing effectiveness and conversion performance,"Health: Critical | Risk Areas: Inventory, Inventory Wastage, Marketing | Recommendation: Immediate management intervention required | Review inventory levels and replenishment | Reduce inventory wastage and improve stock rotation | Review marketing effectiveness and conversion performance",,,,,,,,,,74.25,2,20,0,40.0,68.66749999999999,96.685,2345.0,42961.0,15.02725,52.5,28.79205128205129,18.873254715231315,5.298503173344916,6360507.15,120043471.56
OUT0696,44.09,Critical,Critical,2,40.0,Low,2,3,"Inventory, Inventory Wastage, Marketing",Marketing Growth,Immediate management intervention required | Review inventory levels and replenishment | Reduce inventory wastage and improve stock rotation | Review marketing effectiveness and conversion performance,"Health: Critical | Risk Areas: Inventory, Inventory Wastage, Marketing | Recommendation: Immediate management intervention required | Review inventory levels and replenishment | Reduce inventory wastage and improve stock rotation | Review marketing effectiveness and conversion performance",,,,,,,,,,74.25,2,20,0,40.0,50.82,96.66749999999999,1138.0,27181.0,19.9935,52.5,17.526153846153846,19.39771465149881,5.1552464708657455,2676236.03,51912862.85
OUT0551,44.17,Critical,Critical,2,40.0,Low,2,3,"Inventory, Inventory Wastage, Marketing",Marketing Growth,Immediate management intervention required | Review inventory levels and replenishment | Reduce inventory wastage and improve stock rotation | Review marketing effectiveness and conversion performance,"Health: Critical | Risk Areas: Inventory, Inventory Wastage, Marketing | Recommendation: Immediate management intervention required | Review inventory levels and replenishment | Reduce inventory wastage and improve stock rotation | Review marketing effectiveness and conversion performance",,,,,,,,,,74.375,3,18,0,40.0,67.15,96.8475,845.0,16744.0,15.75625,52.5,21.30825,18.54848693120106,5.391275329945457,1760376.0,32652311.23
OUT0689,44.17,Critical,Critical,2,40.0,Low,2,3,"Inventory, Inventory Wastage, Marketing",Marketing Growth,Immediate management intervention required | Review inventory levels and replenishment | Reduce inventory wastage and improve stock rotation | Review marketing effectiveness and conversion performance,"Health: Critical | Risk Areas: Inventory, Inventory Wastage, Marketing | Recommendation: Immediate management intervention required | Review inventory levels and replenishment | Reduce inventory wastage and improve stock rotation | Review marketing effectiveness and conversion performance",,,,,,,,,,74.375,3,18,0,40.0,56.7725,99.2625,113.0,11204.0,18.188499999999998,52.5,18.815128205128204,18.746069487939064,5.334451580067944,1200282.54,22500579.9
OUT0747,44.17,Critical,Critical,2,40.0,Low,2,3,"Inventory, Inventory Wastage, Marketing",Marketing Growth,Immediate management intervention required | Review inventory levels and replenishment | Reduce inventory wastage and improve stock rotation | Review marketing effectiveness and conversion performance,"Health: Critical | Risk Areas: Inventory, Inventory Wastage, Marketing | Recommendation: Immediate management intervention required | Review inventory levels and replenishment | Reduce inventory wastage and improve stock rotation | Review marketing effectiveness and conversion performance",,,,,,,,,,74.375,3,18,0,40.0,58.515,99.3225,179.0,18820.0,17.16375,52.5,16.247435897435896,19.93027110584712,5.017493212656906,1239279.8,24699182.39
OUT0364,44.25,Critical,Critical,2,40.0,Low,2,3,"Inventory, Inventory Wastage, Marketing",Marketing Growth,Immediate management intervention required | Review inventory levels and replenishment | Reduce inventory wastage and improve stock rotation | Review marketing effectiveness and conversion performance,"Health: Critical | Risk Areas: Inventory, Inventory Wastage, Marketing | Recommendation: Immediate management intervention required | Review inventory levels and replenishment | Reduce inventory wastage and improve stock rotation | Review marketing effectiveness and conversion performance",,,,,,,,,,74.5,4,16,0,40.0,70.32000000000001,99.265,289.0,22390.0,14.4335,52.5,15.70815789473684,20.624452471329494,4.8486135638758014,2846727.64,58712198.91
OUT0523,44.25,Critical,Critical,2,40.0,Low,2,3,"Inventory, Inventory Wastage, Marketing",Marketing Growth,Immediate management intervention required | Review inventory levels and replenishment | Reduce inventory wastage and improve stock rotation | Review marketing effectiveness and conversion performance,"Health: Critical | Risk Areas: Inventory, Inventory Wastage, Marketing | Recommendation: Immediate management intervention required | Review inventory levels and replenishment | Reduce inventory wastage and improve stock rotation | Review marketing effectiveness and conversion performance",,,,,,,,,,74.5,4,16,0,40.0,47.775,96.64750000000001,1667.0,41434.0,21.067,52.5,29.47853658536585,18.60442715184919,5.375064718940323,1543476.31,28715492.57
OUT0700,44.25,Critical,Critical,2,40.0,Low,2,3,"Inventory, Inventory Wastage, Marketing",Marketing Growth,Immediate management intervention required | Review inventory levels and replenishment | Reduce inventory wastage and improve stock rotation | Review marketing effectiveness and conversion performance,"Health: Critical | Risk Areas: Inventory, Inventory Wastage, Marketing | Recommendation: Immediate management intervention required | Review inventory levels and replenishment | Reduce inventory wastage and improve stock rotation | Review marketing effectiveness and conversion performance",,,,,,,,,,74.5,4,16,0,40.0,43.1,97.9475,563.0,23668.0,22.982499999999998,52.5,13.81974358974359,19.604891476298143,5.100767842601815,695157.82,13628493.62
OUT0201,44.33,Critical,Critical,2,40.0,Low,2,3,"Inventory, Inventory Wastage, Marketing",Marketing Growth,Immediate management intervention required | Review inventory levels and replenishment | Reduce inventory wastage and improve stock rotation | Review marketing effectiveness and conversion performance,"Health: Critical | Risk Areas: Inventory, Inventory Wastage, Marketing | Recommendation: Immediate management intervention required | Review inventory levels and replenishment | Reduce inventory wastage and improve stock rotation | Review marketing effectiveness and conversion performance",,,,,,,,,,74.625,5,14,0,40.0,53.489999999999995,96.6725,502.0,11464.0,18.9405,52.5,11.821052631578947,23.74212067496417,4.211923668025537,691919.99,16427647.9
OUT0362,44.33,Critical,Critical,2,40.0,Low,2,3,"Inventory, Inventory Wastage, Marketing",Marketing Growth,Immediate management intervention required | Review inventory levels and replenishment | Reduce inventory wastage and improve stock rotation | Review marketing effectiveness and conversion performance,"Health: Critical | Risk Areas: Inventory, Inventory Wastage, Marketing | Recommendation: Immediate management intervention required | Review inventory levels and replenishment | Reduce inventory wastage and improve stock rotation | Review marketing effectiveness and conversion performance",,,,,,,,,,74.625,5,14,0,40.0,71.0575,99.245,252.0,18857.0,14.596,52.5,16.613,21.233348778591967,4.709572712375105,2484581.25,52755980.25
OUT0462,44.33,Critical,Critical,2,40.0,Low,2,3,"Inventory, Inventory Wastage, Marketing",Marketing Growth,Immediate management intervention required | Review inventory levels and replenishment | Reduce inventory wastage and improve stock rotation | Review marketing effectiveness and conversion performance,"Health: Critical | Risk Areas: Inventory, Inventory Wastage, Marketing | Recommendation: Immediate management intervention required | Review inventory levels and replenishment | Reduce inventory wastage and improve stock rotation | Review marketing effectiveness and conversion performance",,,,,,,,,,74.625,5,14,0,40.0,43.7425,99.285,222.0,26612.0,22.69975,52.5,11.84475,20.04297725977395,4.989278723610537,2541099.19,50931193.28
OUT0718,44.33,Critical,Critical,2,40.0,Low,2,3,"Inventory, Inventory Wastage, Marketing",Marketing Growth,Immediate management intervention required | Review inventory levels and replenishment | Reduce inventory wastage and improve stock rotation | Review marketing effectiveness and conversion performance,"Health: Critical | Risk Areas: Inventory, Inventory Wastage, Marketing | Recommendation: Immediate management intervention required | Review inventory levels and replenishment | Reduce inventory wastage and improve stock rotation | Review marketing effectiveness and conversion performance",,,,,,,,,,74.625,5,14,0,40.0,55.3775,96.635,3559.0,79655.0,18.61825,52.5,23.67375,18.951946654489387,5.276502821746374,8562788.41,162281509.16
OUT0053,44.56,Critical,Critical,2,40.0,Low,2,3,"Inventory, Inventory Wastage, Marketing",Marketing Growth,Immediate management intervention required | Review inventory levels and replenishment | Reduce inventory wastage and improve stock rotation | Review marketing effectiveness and conversion performance,"Health: Critical | Risk Areas: Inventory, Inventory Wastage, Marketing | Recommendation: Immediate management intervention required | Review inventory levels and replenishment | Reduce inventory wastage and improve stock rotation | Review marketing effectiveness and conversion performance",,,,,,,,,,75.0,1,21,0,40.0,53.235,96.9325,1326.0,33179.0,19.31825,52.5,16.003846153846155,20.934484152849517,4.7768074565328345,930090.24,19470959.39
OUT0743,44.56,Critical,Critical,2,40.0,Low,2,3,"Inventory, Inventory Wastage, Marketing",Marketing Growth,Immediate management intervention required | Review inventory levels and replenishment | Reduce inventory wastage and improve stock rotation | Review marketing effectiveness and conversion performance,"Health: Critical | Risk Areas: Inventory, Inventory Wastage, Marketing | Recommendation: Immediate management intervention required | Review inventory levels and replenishment | Reduce inventory wastage and improve stock rotation | Review marketing effectiveness and conversion performance",,,,,,,,,,75.0,1,21,0,40.0,65.16,96.6875,6025.0,116968.0,16.469749999999998,52.5,32.31325,18.249575668925427,5.479579460594013,11727888.43,214028987.34
OUT0270,44.64,Critical,Critical,2,40.0,Low,2,3,"Inventory, Inventory Wastage, Marketing",Marketing Growth,Immediate management intervention required | Review inventory levels and replenishment | Reduce inventory wastage and improve stock rotation | Review marketing effectiveness and conversion performance,"Health: Critical | Risk Areas: Inventory, Inventory Wastage, Marketing | Recommendation: Immediate management intervention required | Review inventory levels and replenishment | Reduce inventory wastage and improve stock rotation | Review marketing effectiveness and conversion performance",,,,,,,,,,75.125,2,19,0,40.0,65.60249999999999,97.99,466.0,14884.0,15.849,52.5,14.448,19.732704718913723,5.067729002408391,661932.0,13061708.7
OUT0311,44.64,Critical,Critical,2,40.0,Low,2,3,"Inventory, Inventory Wastage, Marketing",Marketing Growth,Immediate management intervention required | Review inventory levels and replenishment | Reduce inventory wastage and improve stock rotation | Review marketing effectiveness and conversion performance,"Health: Critical | Risk Areas: Inventory, Inventory Wastage, Marketing | Recommendation: Immediate management intervention required | Review inventory levels and replenishment | Reduce inventory wastage and improve stock rotation | Review marketing effectiveness and conversion performance",,,,,,,,,,75.125,2,19,0,40.0,65.0575,96.6225,2344.0,44983.0,16.24575,52.5,32.86378378378379,18.700178191291958,5.347542626442279,4496325.22,84082082.82
OUT0316,44.64,Critical,Critical,2,40.0,Low,2,3,"Inventory, Inventory Wastage, Marketing",Marketing Growth,Immediate management intervention required | Review inventory levels and replenishment | Reduce inventory wastage and improve stock rotation | Review marketing effectiveness and conversion performance,"Health: Critical | Risk Areas: Inventory, Inventory Wastage, Marketing | Recommendation: Immediate management intervention required | Review inventory levels and replenishment | Reduce inventory wastage and improve stock rotation | Review marketing effectiveness and conversion performance",,,,,,,,,,75.125,2,19,0,40.0,63.2525,96.6225,1010.0,20169.0,16.429499999999997,52.5,32.91205128205128,18.218003342334747,5.489075730248736,2573937.28,46891997.97
OUT0607,44.64,Critical,Critical,2,40.0,Low,2,3,"Inventory, Inventory Wastage, Marketing",Marketing Growth,Immediate management intervention required | Review inventory levels and replenishment | Reduce inventory wastage and improve stock rotation | Review marketing effectiveness and conversion performance,"Health: Critical | Risk Areas: Inventory, Inventory Wastage, Marketing | Recommendation: Immediate management intervention required | Review inventory levels and replenishment | Reduce inventory wastage and improve stock rotation | Review marketing effectiveness and conversion performance",,,,,,,,,,75.125,2,19,0,40.0,50.730000000000004,99.26,318.0,33703.0,20.006999999999998,52.5,14.151219512195125,19.31825491490851,5.176451001421812,3155221.5,60953373.25
OUT0666,44.64,Critical,Critical,2,40.0,Low,2,3,"Inventory, Inventory Wastage, Marketing",Marketing Growth,Immediate management intervention required | Review inventory levels and replenishment | Reduce inventory wastage and improve stock rotation | Review marketing effectiveness and conversion performance,"Health: Critical | Risk Areas: Inventory, Inventory Wastage, Marketing | Recommendation: Immediate management intervention required | Review inventory levels and replenishment | Reduce inventory wastage and improve stock rotation | Review marketing effectiveness and conversion performance",,,,,,,,,,75.125,2,19,0,40.0,67.1225,96.7025,2610.0,48894.0,15.6405,52.5,22.15725,17.814149113437033,5.613515378322,7880529.37,140384925.29
OUT0064,44.72,Critical,Critical,2,40.0,Low,2,3,"Inventory, Inventory Wastage, Marketing",Marketing Growth,Immediate management intervention required | Review inventory levels and replenishment | Reduce inventory wastage and improve stock rotation | Review marketing effectiveness and conversion performance,"Health: Critical | Risk Areas: Inventory, Inventory Wastage, Marketing | Recommendation: Immediate management intervention required | Review inventory levels and replenishment | Reduce inventory wastage and improve stock rotation | Review marketing effectiveness and conversion performance",,,,,,,,,,75.25,3,17,0,40.0,75.58,99.325,343.0,25577.0,14.29925,52.5,20.29307692307692,18.934457416744653,5.281376582334236,2177924.38,41237816.43
OUT0069,44.72,Critical,Critical,2,40.0,Low,2,3,"Inventory, Inventory Wastage, Marketing",Marketing Growth,Immediate management intervention required | Review inventory levels and replenishment | Reduce inventory wastage and improve stock rotation | Review marketing effectiveness and conversion performance,"Health: Critical | Risk Areas: Inventory, Inventory Wastage, Marketing | Recommendation: Immediate management intervention required | Review inventory levels and replenishment | Reduce inventory wastage and improve stock rotation | Review marketing effectiveness and conversion performance",,,,,,,,,,75.25,3,17,0,40.0,39.6375,99.2875,352.0,44528.0,24.32075,52.5,15.89225,20.21010006282441,4.948021023604214,1635160.72,33046761.77
OUT0115,44.72,Critical,Critical,2,40.0,Low,2,3,"Inventory, Inventory Wastage, Marketing",Marketing Growth,Immediate management intervention required | Review inventory levels and replenishment | Reduce inventory wastage and improve stock rotation | Review marketing effectiveness and conversion performance,"Health: Critical | Risk Areas: Inventory, Inventory Wastage, Marketing | Recommendation: Immediate management intervention required | Review inventory levels and replenishment | Reduce inventory wastage and improve stock rotation | Review marketing effectiveness and conversion performance",,,,,,,,,,75.25,3,17,0,40.0,60.8625,98.115,528.0,19450.0,17.39975,52.5,13.052820512820514,20.13745766229005,4.965870154863825,1536446.47,30940125.74
OUT0431,44.72,Critical,Critical,2,40.0,Low,2,3,"Inventory, Inventory Wastage, Marketing",Marketing Growth,Immediate management intervention required | Review inventory levels and replenishment | Reduce inventory wastage and improve stock rotation | Review marketing effectiveness and conversion performance,"Health: Critical | Risk Areas: Inventory, Inventory Wastage, Marketing | Recommendation: Immediate management intervention required | Review inventory levels and replenishment | Reduce inventory wastage and improve stock rotation | Review marketing effectiveness and conversion performance",,,,,,,,,,75.25,3,17,0,40.0,43.055,96.9025,1554.0,43577.0,22.24975,52.5,18.985641025641023,19.159536050720316,5.219333063977844,3417307.17,65474019.92
OUT0592,44.72,Critical,Critical,2,40.0,Low,2,3,"Inventory, Inventory Wastage, Marketing",Marketing Growth,Immediate management intervention required | Review inventory levels and replenishment | Reduce inventory wastage and improve stock rotation | Review marketing effectiveness and conversion performance,"Health: Critical | Risk Areas: Inventory, Inventory Wastage, Marketing | Recommendation: Immediate management intervention required | Review inventory levels and replenishment | Reduce inventory wastage and improve stock rotation | Review marketing effectiveness and conversion performance",,,,,,,,,,75.25,3,17,0,40.0,71.3725,99.34,724.0,61570.0,14.56825,52.5,25.398461538461536,19.288536969461248,5.184426385387648,7621264.7,147003045.92
OUT0120,44.8,Critical,Critical,2,40.0,Low,2,3,"Inventory, Inventory Wastage, Marketing",Marketing Growth,Immediate management intervention required | Review inventory levels and replenishment | Reduce inventory wastage and improve stock rotation | Review marketing effectiveness and conversion performance,"Health: Critical | Risk Areas: Inventory, Inventory Wastage, Marketing | Recommendation: Immediate management intervention required | Review inventory levels and replenishment | Reduce inventory wastage and improve stock rotation | Review marketing effectiveness and conversion performance",,,,,,,,,,75.375,4,15,0,40.0,44.32,98.05499999999999,371.0,16238.0,22.380000000000003,52.5,21.402368421052632,19.162896603613635,5.218417761599911,875175.46,16770896.85
OUT0126,44.8,Critical,Critical,2,40.0,Low,2,3,"Inventory, Inventory Wastage, Marketing",Marketing Growth,Immediate management intervention required | Review inventory levels and replenishment | Reduce inventory wastage and improve stock rotation | Review marketing effectiveness and conversion performance,"Health: Critical | Risk Areas: Inventory, Inventory Wastage, Marketing | Recommendation: Immediate management intervention required | Review inventory levels and replenishment | Reduce inventory wastage and improve stock rotation | Review marketing effectiveness and conversion performance",,,,,,,,,,75.375,4,15,0,40.0,62.995000000000005,96.83500000000001,2169.0,46107.0,17.179750000000002,52.5,19.5025,19.12660390929442,5.228319699317128,4500442.31,86078177.48
OUT0189,44.8,Critical,Critical,2,40.0,Low,2,3,"Inventory, Inventory Wastage, Marketing",Marketing Growth,Immediate management intervention required | Review inventory levels and replenishment | Reduce inventory wastage and improve stock rotation | Review marketing effectiveness and conversion performance,"Health: Critical | Risk Areas: Inventory, Inventory Wastage, Marketing | Recommendation: Immediate management intervention required | Review inventory levels and replenishment | Reduce inventory wastage and improve stock rotation | Review marketing effectiveness and conversion performance",,,,,,,,,,75.375,4,15,0,40.0,48.04,99.2975,92.0,10680.0,20.706,52.5,17.02342105263158,21.084759351840376,4.742762216599429,474768.85,10010386.95
OUT0306,44.8,Critical,Critical,2,40.0,Low,2,3,"Inventory, Inventory Wastage, Marketing",Marketing Growth,Immediate management intervention required | Review inventory levels and replenishment | Reduce inventory wastage and improve stock rotation | Review marketing effectiveness and conversion performance,"Health: Critical | Risk Areas: Inventory, Inventory Wastage, Marketing | Recommendation: Immediate management intervention required | Review inventory levels and replenishment | Reduce inventory wastage and improve stock rotation | Review marketing effectiveness and conversion performance",,,,,,,,,,75.375,4,15,0,40.0,43.79,96.65,1623.0,41225.0,22.270249999999997,52.5,15.456052631578949,21.67711689099489,4.613159605258299,1698069.13,36809243.02
OUT0310,44.8,Critical,Critical,2,40.0,Low,2,3,"Inventory, Inventory Wastage, Marketing",Marketing Growth,Immediate management intervention required | Review inventory levels and replenishment | Reduce inventory wastage and improve stock rotation | Review marketing effectiveness and conversion performance,"Health: Critical | Risk Areas: Inventory, Inventory Wastage, Marketing | Recommendation: Immediate management intervention required | Review inventory levels and replenishment | Reduce inventory wastage and improve stock rotation | Review marketing effectiveness and conversion performance",,,,,,,,,,75.375,4,15,0,40.0,43.67,97.9425,819.0,34305.0,22.94875,52.5,15.177179487179489,22.395607108105573,4.465161382644872,2064798.82,46242423.13
OUT0381,44.8,Critical,Critical,2,40.0,Low,2,3,"Inventory, Inventory Wastage, Marketing",Marketing Growth,Immediate management intervention required | Review inventory levels and replenishment | Reduce inventory wastage and improve stock rotation | Review marketing effectiveness and conversion performance,"Health: Critical | Risk Areas: Inventory, Inventory Wastage, Marketing | Recommendation: Immediate management intervention required | Review inventory levels and replenishment | Reduce inventory wastage and improve stock rotation | Review marketing effectiveness and conversion performance",,,,,,,,,,75.375,4,15,0,40.0,39.292500000000004,96.89,4262.0,123688.0,23.948,52.5,25.364736842105263,18.16457593563918,5.505220730410691,7652159.2,138998226.85999998
OUT0486,44.8,Critical,Critical,2,40.0,Low,2,3,"Inventory, Inventory Wastage, Marketing",Marketing Growth,Immediate management intervention required | Review inventory levels and replenishment | Reduce inventory wastage and improve stock rotation | Review marketing effectiveness and conversion performance,"Health: Critical | Risk Areas: Inventory, Inventory Wastage, Marketing | Recommendation: Immediate management intervention required | Review inventory levels and replenishment | Reduce inventory wastage and improve stock rotation | Review marketing effectiveness and conversion performance",,,,,,,,,,75.375,4,15,0,40.0,47.11,96.63250000000001,1761.0,43668.0,21.399250000000002,52.5,17.74102564102564,20.75605806729065,4.817870506808295,3527955.2,73226442.99
OUT0632,44.8,Critical,Critical,2,40.0,Low,2,3,"Inventory, Inventory Wastage, Marketing",Marketing Growth,Immediate management intervention required | Review inventory levels and replenishment | Reduce inventory wastage and improve stock rotation | Review marketing effectiveness and conversion performance,"Health: Critical | Risk Areas: Inventory, Inventory Wastage, Marketing | Recommendation: Immediate management intervention required | Review inventory levels and replenishment | Reduce inventory wastage and improve stock rotation | Review marketing effectiveness and conversion performance",,,,,,,,,,75.375,4,15,0,40.0,50.1725,99.2125,703.0,71280.0,19.57875,52.5,27.791052631578943,19.201323135164216,5.20797443468183,4550138.31,87368676.0
OUT0675,44.8,Critical,Critical,2,40.0,Low,2,3,"Inventory, Inventory Wastage, Marketing",Marketing Growth,Immediate management intervention required | Review inventory levels and replenishment | Reduce inventory wastage and improve stock rotation | Review marketing effectiveness and conversion performance,"Health: Critical | Risk Areas: Inventory, Inventory Wastage, Marketing | Recommendation: Immediate management intervention required | Review inventory levels and replenishment | Reduce inventory wastage and improve stock rotation | Review marketing effectiveness and conversion performance",,,,,,,,,,75.375,4,15,0,40.0,64.14500000000001,97.9725,1307.0,42514.0,16.25225,52.5,27.191250000000004,18.885854085423684,5.294968368795199,3952515.88,74646638.17999999
OUT0279,44.88,Critical,Critical,2,40.0,Low,2,3,"Inventory, Inventory Wastage, Marketing",Marketing Growth,Immediate management intervention required | Review inventory levels and replenishment | Reduce inventory wastage and improve stock rotation | Review marketing effectiveness and conversion performance,"Health: Critical | Risk Areas: Inventory, Inventory Wastage, Marketing | Recommendation: Immediate management intervention required | Review inventory levels and replenishment | Reduce inventory wastage and improve stock rotation | Review marketing effectiveness and conversion performance",,,,,,,,,,75.5,5,13,0,40.0,40.6625,99.29249999999999,483.0,61498.0,24.065,52.5,30.29051282051282,18.94862871986216,5.277426745671517,3480640.73,65953368.9
OUT0677,44.88,Critical,Critical,2,40.0,Low,2,3,"Inventory, Inventory Wastage, Marketing",Marketing Growth,Immediate management intervention required | Review inventory levels and replenishment | Reduce inventory wastage and improve stock rotation | Review marketing effectiveness and conversion performance,"Health: Critical | Risk Areas: Inventory, Inventory Wastage, Marketing | Recommendation: Immediate management intervention required | Review inventory levels and replenishment | Reduce inventory wastage and improve stock rotation | Review marketing effectiveness and conversion performance",,,,,,,,,,75.5,5,13,0,40.0,60.592499999999994,99.275,655.0,63020.0,17.3945,52.5,18.793846153846157,19.17478769728237,5.2151816008984,5349359.22,102572827.36
OUT0501,45.11,Critical,Critical,2,40.0,Low,2,3,"Inventory, Inventory Wastage, Marketing",Marketing Growth,Immediate management intervention required | Review inventory levels and replenishment | Reduce inventory wastage and improve stock rotation | Review marketing effectiveness and conversion performance,"Health: Critical | Risk Areas: Inventory, Inventory Wastage, Marketing | Recommendation: Immediate management intervention required | Review inventory levels and replenishment | Reduce inventory wastage and improve stock rotation | Review marketing effectiveness and conversion performance",,,,,,,,,,75.875,1,20,0,40.0,42.705,96.39,1768.0,42753.0,22.788,52.5,17.318461538461538,19.320001985878168,5.175982904820319,2027314.7,39167724.03
OUT0648,45.11,Critical,Critical,2,40.0,Low,2,3,"Inventory, Inventory Wastage, Marketing",Marketing Growth,Immediate management intervention required | Review inventory levels and replenishment | Reduce inventory wastage and improve stock rotation | Review marketing effectiveness and conversion performance,"Health: Critical | Risk Areas: Inventory, Inventory Wastage, Marketing | Recommendation: Immediate management intervention required | Review inventory levels and replenishment | Reduce inventory wastage and improve stock rotation | Review marketing effectiveness and conversion performance",,,,,,,,,,75.875,1,20,0,40.0,62.135000000000005,96.61749999999999,3045.0,61584.0,17.07675,52.5,20.5,18.637323346881345,5.365577349213795,2667835.72,49721316.95
OUT0693,45.11,Critical,Critical,2,40.0,Low,2,3,"Inventory, Inventory Wastage, Marketing",Marketing Growth,Immediate management intervention required | Review inventory levels and replenishment | Reduce inventory wastage and improve stock rotation | Review marketing effectiveness and conversion performance,"Health: Critical | Risk Areas: Inventory, Inventory Wastage, Marketing | Recommendation: Immediate management intervention required | Review inventory levels and replenishment | Reduce inventory wastage and improve stock rotation | Review marketing effectiveness and conversion performance",,,,,,,,,,75.875,1,20,0,40.0,76.375,96.975,3747.0,60718.0,13.732499999999998,52.5,32.233999999999995,19.249523786297637,5.194933709018967,8970993.44,172687351.61
OUT0745,45.11,Critical,Critical,2,40.0,Low,2,3,"Inventory, Inventory Wastage, Marketing",Marketing Growth,Immediate management intervention required | Review inventory levels and replenishment | Reduce inventory wastage and improve stock rotation | Review marketing effectiveness and conversion performance,"Health: Critical | Risk Areas: Inventory, Inventory Wastage, Marketing | Recommendation: Immediate management intervention required | Review inventory levels and replenishment | Reduce inventory wastage and improve stock rotation | Review marketing effectiveness and conversion performance",,,,,,,,,,75.875,1,20,0,40.0,69.41749999999999,97.8725,1388.0,38750.0,15.498750000000001,52.5,17.21205128205128,20.96872946955197,4.769006159634366,2411616.27,50568529.15
OUT0256,45.16,Critical,Critical,2,40.0,Low,2,4,"Inventory, Inventory Wastage, Inventory Overstock, Marketing",Marketing Growth,Immediate management intervention required | Review inventory levels and replenishment | Reduce inventory wastage and improve stock rotation | Reduce excess inventory and avoid unnecessary replenishment | Review marketing effectiveness and conversion performance,"Health: Critical | Risk Areas: Inventory, Inventory Wastage, Inventory Overstock, Marketing | Recommendation: Immediate management intervention required | Review inventory levels and replenishment | Reduce inventory wastage and improve stock rotation | Reduce excess inventory and avoid unnecessary replenishment | Review marketing effectiveness and conversion performance",,,,,,,,,,80.75,3,10,1,40.0,50.8275,96.755,5836.0,140465.0,21.00975,52.5,31.347500000000004,19.129848980555906,5.227432798954278,7465963.12,142822746.98
OUT0043,45.19,Critical,Critical,2,40.0,Low,2,3,"Inventory, Inventory Wastage, Marketing",Marketing Growth,Immediate management intervention required | Review inventory levels and replenishment | Reduce inventory wastage and improve stock rotation | Review marketing effectiveness and conversion performance,"Health: Critical | Risk Areas: Inventory, Inventory Wastage, Marketing | Recommendation: Immediate management intervention required | Review inventory levels and replenishment | Reduce inventory wastage and improve stock rotation | Review marketing effectiveness and conversion performance",,,,,,,,,,76.0,2,18,0,40.0,67.75750000000001,96.7525,792.0,15014.0,15.553749999999999,52.5,23.732820512820517,18.536734487817107,5.39469344321261,1628707.75,30190923.12
OUT0156,45.19,Critical,Critical,2,40.0,Low,2,3,"Inventory, Inventory Wastage, Marketing",Marketing Growth,Immediate management intervention required | Review inventory levels and replenishment | Reduce inventory wastage and improve stock rotation | Review marketing effectiveness and conversion performance,"Health: Critical | Risk Areas: Inventory, Inventory Wastage, Marketing | Recommendation: Immediate management intervention required | Review inventory levels and replenishment | Reduce inventory wastage and improve stock rotation | Review marketing effectiveness and conversion performance",,,,,,,,,,76.0,2,18,0,40.0,64.2975,97.05499999999999,1582.0,34818.0,16.19775,52.5,23.59108108108108,17.72406490155984,5.642046593453814,3693855.75,65470139.05
OUT0278,45.19,Critical,Critical,2,40.0,Low,2,3,"Inventory, Inventory Wastage, Marketing",Marketing Growth,Immediate management intervention required | Review inventory levels and replenishment | Reduce inventory wastage and improve stock rotation | Review marketing effectiveness and conversion performance,"Health: Critical | Risk Areas: Inventory, Inventory Wastage, Marketing | Recommendation: Immediate management intervention required | Review inventory levels and replenishment | Reduce inventory wastage and improve stock rotation | Review marketing effectiveness and conversion performance",,,,,,,,,,76.0,2,18,0,40.0,71.06,96.83500000000001,1158.0,20967.0,15.024750000000001,52.5,15.35675,20.088542723790688,4.977961884789725,1071007.26,21514975.1
OUT0408,45.19,Critical,Critical,2,40.0,Low,2,3,"Inventory, Inventory Wastage, Marketing",Marketing Growth,Immediate management intervention required | Review inventory levels and replenishment | Reduce inventory wastage and improve stock rotation | Review marketing effectiveness and conversion performance,"Health: Critical | Risk Areas: Inventory, Inventory Wastage, Marketing | Recommendation: Immediate management intervention required | Review inventory levels and replenishment | Reduce inventory wastage and improve stock rotation | Review marketing effectiveness and conversion performance",,,,,,,,,,76.0,2,18,0,40.0,44.614999999999995,96.815,1082.0,29069.0,22.448,52.5,15.85948717948718,20.042795491823757,4.9893239713389255,993583.16,19914184.08
OUT0429,45.19,Critical,Critical,2,40.0,Low,2,3,"Inventory, Inventory Wastage, Marketing",Marketing Growth,Immediate management intervention required | Review inventory levels and replenishment | Reduce inventory wastage and improve stock rotation | Review marketing effectiveness and conversion performance,"Health: Critical | Risk Areas: Inventory, Inventory Wastage, Marketing | Recommendation: Immediate management intervention required | Review inventory levels and replenishment | Reduce inventory wastage and improve stock rotation | Review marketing effectiveness and conversion performance",,,,,,,,,,76.0,2,18,0,40.0,41.295,99.3025,294.0,36872.0,24.069499999999998,52.5,26.651794871794877,19.231495888382067,5.199803519205752,1056843.09,20324673.54
OUT0448,45.19,Critical,Critical,2,40.0,Low,2,3,"Inventory, Inventory Wastage, Marketing",Marketing Growth,Immediate management intervention required | Review inventory levels and replenishment | Reduce inventory wastage and improve stock rotation | Review marketing effectiveness and conversion performance,"Health: Critical | Risk Areas: Inventory, Inventory Wastage, Marketing | Recommendation: Immediate management intervention required | Review inventory levels and replenishment | Reduce inventory wastage and improve stock rotation | Review marketing effectiveness and conversion performance",,,,,,,,,,76.0,2,18,0,40.0,76.1625,96.74,1148.0,17376.0,13.6095,52.5,15.36025,20.94832296442536,4.773651817848186,961607.21,20144058.4
OUT0452,45.19,Critical,Critical,2,40.0,Low,2,3,"Inventory, Inventory Wastage, Marketing",Marketing Growth,Immediate management intervention required | Review inventory levels and replenishment | Reduce inventory wastage and improve stock rotation | Review marketing effectiveness and conversion performance,"Health: Critical | Risk Areas: Inventory, Inventory Wastage, Marketing | Recommendation: Immediate management intervention required | Review inventory levels and replenishment | Reduce inventory wastage and improve stock rotation | Review marketing effectiveness and conversion performance",,,,,,,,,,76.0,2,18,0,40.0,75.7525,99.35499999999999,224.0,17415.0,13.63025,52.5,22.27825,17.521477345646115,5.707281299818525,1192421.56,20892987.35
OUT0750,45.19,Critical,Critical,2,40.0,Low,2,3,"Inventory, Inventory Wastage, Marketing",Marketing Growth,Immediate management intervention required | Review inventory levels and replenishment | Reduce inventory wastage and improve stock rotation | Review marketing effectiveness and conversion performance,"Health: Critical | Risk Areas: Inventory, Inventory Wastage, Marketing | Recommendation: Immediate management intervention required | Review inventory levels and replenishment | Reduce inventory wastage and improve stock rotation | Review marketing effectiveness and conversion performance",,,,,,,,,,76.0,2,18,0,40.0,41.5175,97.8625,1886.0,78725.0,23.2445,52.5,36.332307692307694,19.26169629751008,5.191650748481939,2507617.9,48300974.42
OUT0097,45.27,Critical,Critical,2,40.0,Low,2,3,"Inventory, Inventory Wastage, Marketing",Marketing Growth,Immediate management intervention required | Review inventory levels and replenishment | Reduce inventory wastage and improve stock rotation | Review marketing effectiveness and conversion performance,"Health: Critical | Risk Areas: Inventory, Inventory Wastage, Marketing | Recommendation: Immediate management intervention required | Review inventory levels and replenishment | Reduce inventory wastage and improve stock rotation | Review marketing effectiveness and conversion performance",,,,,,,,,,76.125,3,16,0,40.0,48.447500000000005,99.2775,512.0,58628.0,20.82475,52.5,15.060256410256413,19.52151519649173,5.122553192898228,4972419.38,97069160.49
OUT0127,45.27,Critical,Critical,2,40.0,Low,2,3,"Inventory, Inventory Wastage, Marketing",Marketing Growth,Immediate management intervention required | Review inventory levels and replenishment | Reduce inventory wastage and improve stock rotation | Review marketing effectiveness and conversion performance,"Health: Critical | Risk Areas: Inventory, Inventory Wastage, Marketing | Recommendation: Immediate management intervention required | Review inventory levels and replenishment | Reduce inventory wastage and improve stock rotation | Review marketing effectiveness and conversion performance",,,,,,,,,,76.125,3,16,0,40.0,42.4125,99.2375,705.0,81684.0,23.51775,52.5,20.89552631578947,19.30575800145401,5.179801797601966,6966110.78,134486048.93
OUT0196,45.27,Critical,Critical,2,40.0,Low,2,3,"Inventory, Inventory Wastage, Marketing",Marketing Growth,Immediate management intervention required | Review inventory levels and replenishment | Reduce inventory wastage and improve stock rotation | Review marketing effectiveness and conversion performance,"Health: Critical | Risk Areas: Inventory, Inventory Wastage, Marketing | Recommendation: Immediate management intervention required | Review inventory levels and replenishment | Reduce inventory wastage and improve stock rotation | Review marketing effectiveness and conversion performance",,,,,,,,,,76.125,3,16,0,40.0,43.94,96.6575,4247.0,110507.0,22.53975,52.5,30.675641025641024,19.272088136416677,5.188851321774483,4353696.4,83904820.74
OUT0249,45.27,Critical,Critical,2,40.0,Low,2,3,"Inventory, Inventory Wastage, Marketing",Marketing Growth,Immediate management intervention required | Review inventory levels and replenishment | Reduce inventory wastage and improve stock rotation | Review marketing effectiveness and conversion performance,"Health: Critical | Risk Areas: Inventory, Inventory Wastage, Marketing | Recommendation: Immediate management intervention required | Review inventory levels and replenishment | Reduce inventory wastage and improve stock rotation | Review marketing effectiveness and conversion performance",,,,,,,,,,76.125,3,16,0,40.0,70.19500000000001,99.3875,646.0,61530.0,14.854249999999999,52.5,27.84948717948718,18.415291621028768,5.430269694225647,5742431.22,105748545.53
OUT0293,45.27,Critical,Critical,2,40.0,Low,2,3,"Inventory, Inventory Wastage, Marketing",Marketing Growth,Immediate management intervention required | Review inventory levels and replenishment | Reduce inventory wastage and improve stock rotation | Review marketing effectiveness and conversion performance,"Health: Critical | Risk Areas: Inventory, Inventory Wastage, Marketing | Recommendation: Immediate management intervention required | Review inventory levels and replenishment | Reduce inventory wastage and improve stock rotation | Review marketing effectiveness and conversion performance",,,,,,,,,,76.125,3,16,0,40.0,74.83500000000001,96.6625,1420.0,21804.0,13.93225,52.5,16.061500000000002,19.880849792616576,5.029966075048682,2291829.75,45563523.01
OUT0339,45.27,Critical,Critical,2,40.0,Low,2,3,"Inventory, Inventory Wastage, Marketing",Marketing Growth,Immediate management intervention required | Review inventory levels and replenishment | Reduce inventory wastage and improve stock rotation | Review marketing effectiveness and conversion performance,"Health: Critical | Risk Areas: Inventory, Inventory Wastage, Marketing | Recommendation: Immediate management intervention required | Review inventory levels and replenishment | Reduce inventory wastage and improve stock rotation | Review marketing effectiveness and conversion performance",,,,,,,,,,76.125,3,16,0,40.0,46.69,99.345,363.0,46646.0,21.453,52.5,27.99871794871795,18.94960122707977,5.277155904320342,5202510.99,98585508.64
OUT0527,45.27,Critical,Critical,2,40.0,Low,2,3,"Inventory, Inventory Wastage, Marketing",Marketing Growth,Immediate management intervention required | Review inventory levels and replenishment | Reduce inventory wastage and improve stock rotation | Review marketing effectiveness and conversion performance,"Health: Critical | Risk Areas: Inventory, Inventory Wastage, Marketing | Recommendation: Immediate management intervention required | Review inventory levels and replenishment | Reduce inventory wastage and improve stock rotation | Review marketing effectiveness and conversion performance",,,,,,,,,,76.125,3,16,0,40.0,72.41749999999999,99.25,445.0,32775.0,14.452250000000001,52.5,17.19128205128205,20.086083453735416,4.978571369094007,4858969.08,97597658.44
OUT0615,45.27,Critical,Critical,2,40.0,Low,2,3,"Inventory, Inventory Wastage, Marketing",Marketing Growth,Immediate management intervention required | Review inventory levels and replenishment | Reduce inventory wastage and improve stock rotation | Review marketing effectiveness and conversion performance,"Health: Critical | Risk Areas: Inventory, Inventory Wastage, Marketing | Recommendation: Immediate management intervention required | Review inventory levels and replenishment | Reduce inventory wastage and improve stock rotation | Review marketing effectiveness and conversion performance",,,,,,,,,,76.125,3,16,0,40.0,69.675,97.8875,4841.0,136039.0,15.491999999999999,52.5,37.51583333333333,17.976127934128808,5.562933261625477,19270044.85,346400791.52
OUT0748,45.27,Critical,Critical,2,40.0,Low,2,3,"Inventory, Inventory Wastage, Marketing",Marketing Growth,Immediate management intervention required | Review inventory levels and replenishment | Reduce inventory wastage and improve stock rotation | Review marketing effectiveness and conversion performance,"Health: Critical | Risk Areas: Inventory, Inventory Wastage, Marketing | Recommendation: Immediate management intervention required | Review inventory levels and replenishment | Reduce inventory wastage and improve stock rotation | Review marketing effectiveness and conversion performance",,,,,,,,,,76.125,3,16,0,40.0,53.38250000000001,96.705,4052.0,94329.0,20.101,52.5,25.68375,18.49503187896948,5.406857401187235,9136153.23,168973445.24
OUT0241,45.34,Critical,Critical,2,40.0,Low,2,3,"Inventory, Inventory Wastage, Marketing",Marketing Growth,Immediate management intervention required | Review inventory levels and replenishment | Reduce inventory wastage and improve stock rotation | Review marketing effectiveness and conversion performance,"Health: Critical | Risk Areas: Inventory, Inventory Wastage, Marketing | Recommendation: Immediate management intervention required | Review inventory levels and replenishment | Reduce inventory wastage and improve stock rotation | Review marketing effectiveness and conversion performance",,,,,,,,,,76.25,4,14,0,40.0,46.055,96.58,399.0,9803.0,21.97775,52.5,19.48,19.13107589297698,5.227097553708937,375133.13,7176700.38
OUT0271,45.34,Critical,Critical,2,40.0,Low,2,3,"Inventory, Inventory Wastage, Marketing",Marketing Growth,Immediate management intervention required | Review inventory levels and replenishment | Reduce inventory wastage and improve stock rotation | Review marketing effectiveness and conversion performance,"Health: Critical | Risk Areas: Inventory, Inventory Wastage, Marketing | Recommendation: Immediate management intervention required | Review inventory levels and replenishment | Reduce inventory wastage and improve stock rotation | Review marketing effectiveness and conversion performance",,,,,,,,,,76.25,4,14,0,40.0,52.1725,96.44500000000001,970.0,21408.0,20.05975,52.5,16.323846153846155,19.965803369744243,5.008563800219424,2220186.3,44327803.11
OUT0329,45.34,Critical,Critical,2,40.0,Low,2,3,"Inventory, Inventory Wastage, Marketing",Marketing Growth,Immediate management intervention required | Review inventory levels and replenishment | Reduce inventory wastage and improve stock rotation | Review marketing effectiveness and conversion performance,"Health: Critical | Risk Areas: Inventory, Inventory Wastage, Marketing | Recommendation: Immediate management intervention required | Review inventory levels and replenishment | Reduce inventory wastage and improve stock rotation | Review marketing effectiveness and conversion performance",,,,,,,,,,76.25,4,14,0,40.0,44.37,99.33250000000001,81.0,10385.0,22.383,52.5,20.26974358974359,18.682939381776222,5.352476821583135,707700.38,13221923.3
OUT0481,45.34,Critical,Critical,2,40.0,Low,2,3,"Inventory, Inventory Wastage, Marketing",Marketing Growth,Immediate management intervention required | Review inventory levels and replenishment | Reduce inventory wastage and improve stock rotation | Review marketing effectiveness and conversion performance,"Health: Critical | Risk Areas: Inventory, Inventory Wastage, Marketing | Recommendation: Immediate management intervention required | Review inventory levels and replenishment | Reduce inventory wastage and improve stock rotation | Review marketing effectiveness and conversion performance",,,,,,,,,,76.25,4,14,0,40.0,52.675,96.85,1011.0,24804.0,20.37275,52.5,25.684500000000003,19.27805125934921,5.187246296562436,1077186.13,20766049.43
OUT0563,45.34,Critical,Critical,2,40.0,Low,2,3,"Inventory, Inventory Wastage, Marketing",Marketing Growth,Immediate management intervention required | Review inventory levels and replenishment | Reduce inventory wastage and improve stock rotation | Review marketing effectiveness and conversion performance,"Health: Critical | Risk Areas: Inventory, Inventory Wastage, Marketing | Recommendation: Immediate management intervention required | Review inventory levels and replenishment | Reduce inventory wastage and improve stock rotation | Review marketing effectiveness and conversion performance",,,,,,,,,,76.25,4,14,0,40.0,58.4575,97.0475,4340.0,104295.0,17.92775,52.5,27.586,19.106336204496493,5.233865819678498,3967396.73,75802415.78
OUT0584,45.34,Critical,Critical,2,40.0,Low,2,3,"Inventory, Inventory Wastage, Marketing",Marketing Growth,Immediate management intervention required | Review inventory levels and replenishment | Reduce inventory wastage and improve stock rotation | Review marketing effectiveness and conversion performance,"Health: Critical | Risk Areas: Inventory, Inventory Wastage, Marketing | Recommendation: Immediate management intervention required | Review inventory levels and replenishment | Reduce inventory wastage and improve stock rotation | Review marketing effectiveness and conversion performance",,,,,,,,,,76.25,4,14,0,40.0,43.6225,99.325,242.0,31405.0,23.6335,52.5,16.5655,19.70029927631644,5.076065017967483,2816210.15,55480182.78
OUT0628,45.34,Critical,Critical,2,40.0,Low,2,3,"Inventory, Inventory Wastage, Marketing",Marketing Growth,Immediate management intervention required | Review inventory levels and replenishment | Reduce inventory wastage and improve stock rotation | Review marketing effectiveness and conversion performance,"Health: Critical | Risk Areas: Inventory, Inventory Wastage, Marketing | Recommendation: Immediate management intervention required | Review inventory levels and replenishment | Reduce inventory wastage and improve stock rotation | Review marketing effectiveness and conversion performance",,,,,,,,,,76.25,4,14,0,40.0,55.8875,96.50750000000001,506.0,10651.0,18.9895,52.5,19.06230769230769,18.312741909491205,5.460678717269071,1033914.58,18933810.86
OUT0653,45.34,Critical,Critical,2,40.0,Low,2,3,"Inventory, Inventory Wastage, Marketing",Marketing Growth,Immediate management intervention required | Review inventory levels and replenishment | Reduce inventory wastage and improve stock rotation | Review marketing effectiveness and conversion performance,"Health: Critical | Risk Areas: Inventory, Inventory Wastage, Marketing | Recommendation: Immediate management intervention required | Review inventory levels and replenishment | Reduce inventory wastage and improve stock rotation | Review marketing effectiveness and conversion performance",,,,,,,,,,76.25,4,14,0,40.0,49.3275,96.39750000000001,969.0,21671.0,21.353749999999998,52.5,17.02775,19.9843816215854,5.003907646158472,1812278.41,36217263.35
OUT0048,45.42,Critical,Critical,2,40.0,Low,2,3,"Inventory, Inventory Wastage, Marketing",Marketing Growth,Immediate management intervention required | Review inventory levels and replenishment | Reduce inventory wastage and improve stock rotation | Review marketing effectiveness and conversion performance,"Health: Critical | Risk Areas: Inventory, Inventory Wastage, Marketing | Recommendation: Immediate management intervention required | Review inventory levels and replenishment | Reduce inventory wastage and improve stock rotation | Review marketing effectiveness and conversion performance",,,,,,,,,,76.375,5,12,0,40.0,73.6975,97.0025,1576.0,28107.0,14.421000000000001,52.5,23.46925,19.00996700593137,5.260398398839862,3681889.05,69992589.36
OUT0695,45.42,Critical,Critical,2,40.0,Low,2,3,"Inventory, Inventory Wastage, Marketing",Marketing Growth,Immediate management intervention required | Review inventory levels and replenishment | Reduce inventory wastage and improve stock rotation | Review marketing effectiveness and conversion performance,"Health: Critical | Risk Areas: Inventory, Inventory Wastage, Marketing | Recommendation: Immediate management intervention required | Review inventory levels and replenishment | Reduce inventory wastage and improve stock rotation | Review marketing effectiveness and conversion performance",,,,,,,,,,76.375,5,12,0,40.0,47.1275,97.965,1763.0,71563.0,21.9955,52.5,19.65410256410257,17.403779932924007,5.745878216422553,5926752.26,103147892.05
OUT0128,45.66,Critical,Critical,2,40.0,Low,2,3,"Inventory, Inventory Wastage, Marketing",Marketing Growth,Immediate management intervention required | Review inventory levels and replenishment | Reduce inventory wastage and improve stock rotation | Review marketing effectiveness and conversion performance,"Health: Critical | Risk Areas: Inventory, Inventory Wastage, Marketing | Recommendation: Immediate management intervention required | Review inventory levels and replenishment | Reduce inventory wastage and improve stock rotation | Review marketing effectiveness and conversion performance",,,,,,,,,,76.75,1,19,0,40.0,73.44,96.74249999999999,1272.0,21316.0,14.154499999999999,52.5,12.92275,21.788840442517536,4.589505360040434,1600014.34,34862457.160000004
OUT0482,45.66,Critical,Critical,2,40.0,Low,2,3,"Inventory, Inventory Wastage, Marketing",Marketing Growth,Immediate management intervention required | Review inventory levels and replenishment | Reduce inventory wastage and improve stock rotation | Review marketing effectiveness and conversion performance,"Health: Critical | Risk Areas: Inventory, Inventory Wastage, Marketing | Recommendation: Immediate management intervention required | Review inventory levels and replenishment | Reduce inventory wastage and improve stock rotation | Review marketing effectiveness and conversion performance",,,,,,,,,,76.75,1,19,0,40.0,71.16749999999999,99.225,214.0,15994.0,15.204249999999998,52.5,13.46102564102564,19.644496871676363,5.090484152036544,2161336.48,42458367.72
OUT0603,45.66,Critical,Critical,2,40.0,Low,2,3,"Inventory, Inventory Wastage, Marketing",Marketing Growth,Immediate management intervention required | Review inventory levels and replenishment | Reduce inventory wastage and improve stock rotation | Review marketing effectiveness and conversion performance,"Health: Critical | Risk Areas: Inventory, Inventory Wastage, Marketing | Recommendation: Immediate management intervention required | Review inventory levels and replenishment | Reduce inventory wastage and improve stock rotation | Review marketing effectiveness and conversion performance",,,,,,,,,,76.75,1,19,0,40.0,71.30499999999999,96.97,1036.0,19925.0,15.203999999999999,52.5,34.06846153846154,19.11644257611263,5.231098809406997,1730365.96,33078441.51
OUT0029,45.73,Critical,Critical,2,40.0,Low,2,3,"Inventory, Inventory Wastage, Marketing",Marketing Growth,Immediate management intervention required | Review inventory levels and replenishment | Reduce inventory wastage and improve stock rotation | Review marketing effectiveness and conversion performance,"Health: Critical | Risk Areas: Inventory, Inventory Wastage, Marketing | Recommendation: Immediate management intervention required | Review inventory levels and replenishment | Reduce inventory wastage and improve stock rotation | Review marketing effectiveness and conversion performance",,,,,,,,,,76.875,2,17,0,40.0,64.025,99.34,262.0,26715.0,17.11175,52.5,18.251621621621624,18.994443981391136,5.264697408251068,3085797.8,58613013.45
OUT0072,45.73,Critical,Critical,2,40.0,Low,2,3,"Inventory, Inventory Wastage, Marketing",Marketing Growth,Immediate management intervention required | Review inventory levels and replenishment | Reduce inventory wastage and improve stock rotation | Review marketing effectiveness and conversion performance,"Health: Critical | Risk Areas: Inventory, Inventory Wastage, Marketing | Recommendation: Immediate management intervention required | Review inventory levels and replenishment | Reduce inventory wastage and improve stock rotation | Review marketing effectiveness and conversion performance",,,,,,,,,,76.875,2,17,0,40.0,46.972500000000004,99.215,463.0,48729.0,20.88425,52.5,17.17825,22.07519352973273,4.529971611134987,1715156.35,37862408.36
OUT0080,45.73,Critical,Critical,2,40.0,Low,2,3,"Inventory, Inventory Wastage, Marketing",Marketing Growth,Immediate management intervention required | Review inventory levels and replenishment | Reduce inventory wastage and improve stock rotation | Review marketing effectiveness and conversion performance,"Health: Critical | Risk Areas: Inventory, Inventory Wastage, Marketing | Recommendation: Immediate management intervention required | Review inventory levels and replenishment | Reduce inventory wastage and improve stock rotation | Review marketing effectiveness and conversion performance",,,,,,,,,,76.875,2,17,0,40.0,68.93249999999999,98.0025,993.0,29593.0,15.635749999999998,52.5,14.988684210526316,23.20320191299032,4.30975002394023,2242997.24,52044717.85
OUT0331,45.73,Critical,Critical,2,40.0,Low,2,3,"Inventory, Inventory Wastage, Marketing",Marketing Growth,Immediate management intervention required | Review inventory levels and replenishment | Reduce inventory wastage and improve stock rotation | Review marketing effectiveness and conversion performance,"Health: Critical | Risk Areas: Inventory, Inventory Wastage, Marketing | Recommendation: Immediate management intervention required | Review inventory levels and replenishment | Reduce inventory wastage and improve stock rotation | Review marketing effectiveness and conversion performance",,,,,,,,,,76.875,2,17,0,40.0,60.6225,96.785,1764.0,37738.0,17.173750000000002,52.5,20.05512820512821,18.801522549824217,5.318718190774127,4297245.25,80794753.47
OUT0412,45.73,Critical,Critical,2,40.0,Low,2,3,"Inventory, Inventory Wastage, Marketing",Marketing Growth,Immediate management intervention required | Review inventory levels and replenishment | Reduce inventory wastage and improve stock rotation | Review marketing effectiveness and conversion performance,"Health: Critical | Risk Areas: Inventory, Inventory Wastage, Marketing | Recommendation: Immediate management intervention required | Review inventory levels and replenishment | Reduce inventory wastage and improve stock rotation | Review marketing effectiveness and conversion performance",,,,,,,,,,76.875,2,17,0,40.0,49.165,99.2825,650.0,75007.0,20.65775,52.5,23.55128205128205,17.956501676469852,5.569013486131305,4818750.54,86527902.15
OUT0475,45.73,Critical,Critical,2,40.0,Low,2,3,"Inventory, Inventory Wastage, Marketing",Marketing Growth,Immediate management intervention required | Review inventory levels and replenishment | Reduce inventory wastage and improve stock rotation | Review marketing effectiveness and conversion performance,"Health: Critical | Risk Areas: Inventory, Inventory Wastage, Marketing | Recommendation: Immediate management intervention required | Review inventory levels and replenishment | Reduce inventory wastage and improve stock rotation | Review marketing effectiveness and conversion performance",,,,,,,,,,76.875,2,17,0,40.0,65.94,98.0,1524.0,48783.0,16.13825,52.5,20.38525,18.64401384160473,5.363651885778303,6962603.1,129810868.57
OUT0565,45.73,Critical,Critical,2,40.0,Low,2,3,"Inventory, Inventory Wastage, Marketing",Marketing Growth,Immediate management intervention required | Review inventory levels and replenishment | Reduce inventory wastage and improve stock rotation | Review marketing effectiveness and conversion performance,"Health: Critical | Risk Areas: Inventory, Inventory Wastage, Marketing | Recommendation: Immediate management intervention required | Review inventory levels and replenishment | Reduce inventory wastage and improve stock rotation | Review marketing effectiveness and conversion performance",,,,,,,,,,76.875,2,17,0,40.0,74.2,97.83250000000001,1092.0,26804.0,14.510499999999999,52.5,16.297435897435896,20.337394493112395,4.917050708431049,3577762.87,72762374.89
OUT0601,45.73,Critical,Critical,2,40.0,Low,2,3,"Inventory, Inventory Wastage, Marketing",Marketing Growth,Immediate management intervention required | Review inventory levels and replenishment | Reduce inventory wastage and improve stock rotation | Review marketing effectiveness and conversion performance,"Health: Critical | Risk Areas: Inventory, Inventory Wastage, Marketing | Recommendation: Immediate management intervention required | Review inventory levels and replenishment | Reduce inventory wastage and improve stock rotation | Review marketing effectiveness and conversion performance",,,,,,,,,,76.875,2,17,0,40.0,64.53999999999999,96.635,744.0,14526.0,16.20975,52.5,9.569473684210529,20.79094186715628,4.809786908113639,1507247.27,31337090.37
OUT0639,45.73,Critical,Critical,2,40.0,Low,2,3,"Inventory, Inventory Wastage, Marketing",Marketing Growth,Immediate management intervention required | Review inventory levels and replenishment | Reduce inventory wastage and improve stock rotation | Review marketing effectiveness and conversion performance,"Health: Critical | Risk Areas: Inventory, Inventory Wastage, Marketing | Recommendation: Immediate management intervention required | Review inventory levels and replenishment | Reduce inventory wastage and improve stock rotation | Review marketing effectiveness and conversion performance",,,,,,,,,,76.875,2,17,0,40.0,73.2375,99.30499999999999,377.0,29923.0,14.997,52.5,27.66560975609756,19.044633170965657,5.250823111282301,2954255.93,56262720.48
OUT0646,45.73,Critical,Critical,2,40.0,Low,2,3,"Inventory, Inventory Wastage, Marketing",Marketing Growth,Immediate management intervention required | Review inventory levels and replenishment | Reduce inventory wastage and improve stock rotation | Review marketing effectiveness and conversion performance,"Health: Critical | Risk Areas: Inventory, Inventory Wastage, Marketing | Recommendation: Immediate management intervention required | Review inventory levels and replenishment | Reduce inventory wastage and improve stock rotation | Review marketing effectiveness and conversion performance",,,,,,,,,,76.875,2,17,0,40.0,50.7725,96.78999999999999,4789.0,118633.0,19.81125,52.5,31.96051282051282,18.44008898388358,5.422967323389752,10374755.1,191311407.23
OUT0730,45.73,Critical,Critical,2,40.0,Low,2,3,"Inventory, Inventory Wastage, Marketing",Marketing Growth,Immediate management intervention required | Review inventory levels and replenishment | Reduce inventory wastage and improve stock rotation | Review marketing effectiveness and conversion performance,"Health: Critical | Risk Areas: Inventory, Inventory Wastage, Marketing | Recommendation: Immediate management intervention required | Review inventory levels and replenishment | Reduce inventory wastage and improve stock rotation | Review marketing effectiveness and conversion performance",,,,,,,,,,76.875,2,17,0,40.0,64.72,98.01,531.0,17225.0,16.22925,52.5,17.34425,19.45108709010302,5.141100830856975,1832868.77,35651290.07
OUT0004,45.81,Critical,Critical,2,40.0,Low,2,3,"Inventory, Inventory Wastage, Marketing",Marketing Growth,Immediate management intervention required | Review inventory levels and replenishment | Reduce inventory wastage and improve stock rotation | Review marketing effectiveness and conversion performance,"Health: Critical | Risk Areas: Inventory, Inventory Wastage, Marketing | Recommendation: Immediate management intervention required | Review inventory levels and replenishment | Reduce inventory wastage and improve stock rotation | Review marketing effectiveness and conversion performance",,,,,,,,,,77.0,3,15,0,40.0,58.4125,99.25,130.0,12304.0,17.731749999999998,52.5,15.199512195121953,19.38503248426861,5.158619160486435,773871.51,15001524.36
OUT0027,45.81,Critical,Critical,2,40.0,Low,2,3,"Inventory, Inventory Wastage, Marketing",Marketing Growth,Immediate management intervention required | Review inventory levels and replenishment | Reduce inventory wastage and improve stock rotation | Review marketing effectiveness and conversion performance,"Health: Critical | Risk Areas: Inventory, Inventory Wastage, Marketing | Recommendation: Immediate management intervention required | Review inventory levels and replenishment | Reduce inventory wastage and improve stock rotation | Review marketing effectiveness and conversion performance",,,,,,,,,,77.0,3,15,0,40.0,53.782500000000006,99.235,355.0,34262.0,19.7205,52.5,15.861,20.998003564903804,4.762357511317916,3686831.6,77416103.08
OUT0055,45.81,Critical,Critical,2,40.0,Low,2,3,"Inventory, Inventory Wastage, Marketing",Marketing Growth,Immediate management intervention required | Review inventory levels and replenishment | Reduce inventory wastage and improve stock rotation | Review marketing effectiveness and conversion performance,"Health: Critical | Risk Areas: Inventory, Inventory Wastage, Marketing | Recommendation: Immediate management intervention required | Review inventory levels and replenishment | Reduce inventory wastage and improve stock rotation | Review marketing effectiveness and conversion performance",,,,,,,,,,77.0,3,15,0,40.0,59.0425,98.13,628.0,24089.0,17.878999999999998,52.5,15.996315789473684,22.10523157815021,4.523815986566928,2584834.75,57138370.74
OUT0123,45.81,Critical,Critical,2,40.0,Low,2,3,"Inventory, Inventory Wastage, Marketing",Marketing Growth,Immediate management intervention required | Review inventory levels and replenishment | Reduce inventory wastage and improve stock rotation | Review marketing effectiveness and conversion performance,"Health: Critical | Risk Areas: Inventory, Inventory Wastage, Marketing | Recommendation: Immediate management intervention required | Review inventory levels and replenishment | Reduce inventory wastage and improve stock rotation | Review marketing effectiveness and conversion performance",,,,,,,,,,77.0,3,15,0,40.0,64.155,97.095,1436.0,31756.0,16.611250000000002,52.5,22.08853658536585,19.128957119105834,5.227676520855436,3390603.97,64858717.95
OUT0218,45.81,Critical,Critical,2,40.0,Low,2,3,"Inventory, Inventory Wastage, Marketing",Marketing Growth,Immediate management intervention required | Review inventory levels and replenishment | Reduce inventory wastage and improve stock rotation | Review marketing effectiveness and conversion performance,"Health: Critical | Risk Areas: Inventory, Inventory Wastage, Marketing | Recommendation: Immediate management intervention required | Review inventory levels and replenishment | Reduce inventory wastage and improve stock rotation | Review marketing effectiveness and conversion performance",,,,,,,,,,77.0,3,15,0,40.0,44.7125,96.62,2350.0,59287.0,22.208,52.5,20.485641025641023,19.241444295125905,5.197115064035565,4658772.49,89641511.35
OUT0219,45.81,Critical,Critical,2,40.0,Low,2,3,"Inventory, Inventory Wastage, Marketing",Marketing Growth,Immediate management intervention required | Review inventory levels and replenishment | Reduce inventory wastage and improve stock rotation | Review marketing effectiveness and conversion performance,"Health: Critical | Risk Areas: Inventory, Inventory Wastage, Marketing | Recommendation: Immediate management intervention required | Review inventory levels and replenishment | Reduce inventory wastage and improve stock rotation | Review marketing effectiveness and conversion performance",,,,,,,,,,77.0,3,15,0,40.0,57.822500000000005,99.25,487.0,46870.0,18.47025,52.5,21.532,18.927885310986227,5.2832103722626345,2355597.9,44586486.89
OUT0227,45.81,Critical,Critical,2,40.0,Low,2,3,"Inventory, Inventory Wastage, Marketing",Marketing Growth,Immediate management intervention required | Review inventory levels and replenishment | Reduce inventory wastage and improve stock rotation | Review marketing effectiveness and conversion performance,"Health: Critical | Risk Areas: Inventory, Inventory Wastage, Marketing | Recommendation: Immediate management intervention required | Review inventory levels and replenishment | Reduce inventory wastage and improve stock rotation | Review marketing effectiveness and conversion performance",,,,,,,,,,77.0,3,15,0,40.0,70.88,99.2775,361.0,29412.0,14.626,52.5,16.84292682926829,21.679201739137994,4.612715966357172,1754924.57,38045363.79
OUT0261,45.81,Critical,Critical,2,40.0,Low,2,3,"Inventory, Inventory Wastage, Marketing",Marketing Growth,Immediate management intervention required | Review inventory levels and replenishment | Reduce inventory wastage and improve stock rotation | Review marketing effectiveness and conversion performance,"Health: Critical | Risk Areas: Inventory, Inventory Wastage, Marketing | Recommendation: Immediate management intervention required | Review inventory levels and replenishment | Reduce inventory wastage and improve stock rotation | Review marketing effectiveness and conversion performance",,,,,,,,,,77.0,3,15,0,40.0,71.45750000000001,96.515,1155.0,18949.0,15.15125,52.5,15.585249999999998,20.282911426753,4.930258674210882,1065787.28,21617269.0
OUT0460,45.81,Critical,Critical,2,40.0,Low,2,3,"Inventory, Inventory Wastage, Marketing",Marketing Growth,Immediate management intervention required | Review inventory levels and replenishment | Reduce inventory wastage and improve stock rotation | Review marketing effectiveness and conversion performance,"Health: Critical | Risk Areas: Inventory, Inventory Wastage, Marketing | Recommendation: Immediate management intervention required | Review inventory levels and replenishment | Reduce inventory wastage and improve stock rotation | Review marketing effectiveness and conversion performance",,,,,,,,,,77.0,3,15,0,40.0,46.12,97.85249999999999,194.0,7553.0,22.4725,52.5,10.09025,20.28024307350854,4.930907368197522,653810.45,13259434.85
OUT0539,45.81,Critical,Critical,2,40.0,Low,2,3,"Inventory, Inventory Wastage, Marketing",Marketing Growth,Immediate management intervention required | Review inventory levels and replenishment | Reduce inventory wastage and improve stock rotation | Review marketing effectiveness and conversion performance,"Health: Critical | Risk Areas: Inventory, Inventory Wastage, Marketing | Recommendation: Immediate management intervention required | Review inventory levels and replenishment | Reduce inventory wastage and improve stock rotation | Review marketing effectiveness and conversion performance",,,,,,,,,,77.0,3,15,0,40.0,59.777499999999996,99.2675,374.0,35307.0,17.31625,52.5,14.452820512820512,19.47988530008432,5.13350045236494,3784110.89,73714046.1
OUT0231,45.89,Critical,Critical,2,40.0,Low,2,3,"Inventory, Inventory Wastage, Marketing",Marketing Growth,Immediate management intervention required | Review inventory levels and replenishment | Reduce inventory wastage and improve stock rotation | Review marketing effectiveness and conversion performance,"Health: Critical | Risk Areas: Inventory, Inventory Wastage, Marketing | Recommendation: Immediate management intervention required | Review inventory levels and replenishment | Reduce inventory wastage and improve stock rotation | Review marketing effectiveness and conversion performance",,,,,,,,,,77.125,4,13,0,40.0,57.7625,96.74,732.0,16013.0,18.43675,52.5,14.112564102564102,20.264635389156695,4.934705119516164,849919.3200000001,17223305.13
OUT0286,45.89,Critical,Critical,2,40.0,Low,2,3,"Inventory, Inventory Wastage, Marketing",Marketing Growth,Immediate management intervention required | Review inventory levels and replenishment | Reduce inventory wastage and improve stock rotation | Review marketing effectiveness and conversion performance,"Health: Critical | Risk Areas: Inventory, Inventory Wastage, Marketing | Recommendation: Immediate management intervention required | Review inventory levels and replenishment | Reduce inventory wastage and improve stock rotation | Review marketing effectiveness and conversion performance",,,,,,,,,,77.125,4,13,0,40.0,76.6225,96.72999999999999,590.0,8893.0,14.131499999999999,52.5,14.682307692307692,20.219511064073792,4.945718008863276,670002.31,13547119.12
OUT0749,45.89,Critical,Critical,2,40.0,Low,2,3,"Inventory, Inventory Wastage, Marketing",Marketing Growth,Immediate management intervention required | Review inventory levels and replenishment | Reduce inventory wastage and improve stock rotation | Review marketing effectiveness and conversion performance,"Health: Critical | Risk Areas: Inventory, Inventory Wastage, Marketing | Recommendation: Immediate management intervention required | Review inventory levels and replenishment | Reduce inventory wastage and improve stock rotation | Review marketing effectiveness and conversion performance",,,,,,,,,,77.125,4,13,0,40.0,55.645,99.27250000000001,309.0,31417.0,19.87375,52.5,16.645,19.705560358614324,5.074709786483428,1220969.63,24059890.74
OUT0411,45.97,Critical,Critical,2,40.0,Low,2,3,"Inventory, Inventory Wastage, Marketing",Marketing Growth,Immediate management intervention required | Review inventory levels and replenishment | Reduce inventory wastage and improve stock rotation | Review marketing effectiveness and conversion performance,"Health: Critical | Risk Areas: Inventory, Inventory Wastage, Marketing | Recommendation: Immediate management intervention required | Review inventory levels and replenishment | Reduce inventory wastage and improve stock rotation | Review marketing effectiveness and conversion performance",,,,,,,,,,77.25,5,11,0,40.0,47.1375,96.89500000000001,1444.0,38484.0,21.3515,52.5,23.165277777777774,19.2798201369658,5.186770379059031,1654372.18,31895998.07
OUT0294,46.2,Critical,Critical,2,40.0,Low,2,3,"Inventory, Inventory Wastage, Marketing",Marketing Growth,Immediate management intervention required | Review inventory levels and replenishment | Reduce inventory wastage and improve stock rotation | Review marketing effectiveness and conversion performance,"Health: Critical | Risk Areas: Inventory, Inventory Wastage, Marketing | Recommendation: Immediate management intervention required | Review inventory levels and replenishment | Reduce inventory wastage and improve stock rotation | Review marketing effectiveness and conversion performance",,,,,,,,,,77.625,1,18,0,40.0,51.697500000000005,99.2775,805.0,88230.0,19.669249999999998,52.5,39.10275,17.602429609794434,5.68103393774445,8529964.790000001,150148104.79
OUT0518,46.2,Critical,Critical,2,40.0,Low,2,3,"Inventory, Inventory Wastage, Marketing",Marketing Growth,Immediate management intervention required | Review inventory levels and replenishment | Reduce inventory wastage and improve stock rotation | Review marketing effectiveness and conversion performance,"Health: Critical | Risk Areas: Inventory, Inventory Wastage, Marketing | Recommendation: Immediate management intervention required | Review inventory levels and replenishment | Reduce inventory wastage and improve stock rotation | Review marketing effectiveness and conversion performance",,,,,,,,,,77.625,1,18,0,40.0,42.2525,96.6875,1044.0,27898.0,23.56725,52.5,13.309024390243902,21.4683328111502,4.658023558683705,1018959.25,21875356.3
OUT0094,46.28,Critical,Critical,2,40.0,Low,2,3,"Inventory, Inventory Wastage, Marketing",Marketing Growth,Immediate management intervention required | Review inventory levels and replenishment | Reduce inventory wastage and improve stock rotation | Review marketing effectiveness and conversion performance,"Health: Critical | Risk Areas: Inventory, Inventory Wastage, Marketing | Recommendation: Immediate management intervention required | Review inventory levels and replenishment | Reduce inventory wastage and improve stock rotation | Review marketing effectiveness and conversion performance",,,,,,,,,,77.75,2,16,0,40.0,57.79,99.41499999999999,117.0,14403.0,18.12975,52.5,18.957435897435897,19.186353215650843,5.212037893601751,1162435.75,22302902.89
OUT0203,46.28,Critical,Critical,2,40.0,Low,2,3,"Inventory, Inventory Wastage, Marketing",Marketing Growth,Immediate management intervention required | Review inventory levels and replenishment | Reduce inventory wastage and improve stock rotation | Review marketing effectiveness and conversion performance,"Health: Critical | Risk Areas: Inventory, Inventory Wastage, Marketing | Recommendation: Immediate management intervention required | Review inventory levels and replenishment | Reduce inventory wastage and improve stock rotation | Review marketing effectiveness and conversion performance",,,,,,,,,,77.75,2,16,0,40.0,59.39,96.57000000000001,3879.0,78631.0,18.137999999999998,52.5,23.35710526315789,17.371176854614934,5.756662363001237,10083367.52,175159960.48
OUT0226,46.28,Critical,Critical,2,40.0,Low,2,3,"Inventory, Inventory Wastage, Marketing",Marketing Growth,Immediate management intervention required | Review inventory levels and replenishment | Reduce inventory wastage and improve stock rotation | Review marketing effectiveness and conversion performance,"Health: Critical | Risk Areas: Inventory, Inventory Wastage, Marketing | Recommendation: Immediate management intervention required | Review inventory levels and replenishment | Reduce inventory wastage and improve stock rotation | Review marketing effectiveness and conversion performance",,,,,,,,,,77.75,2,16,0,40.0,51.847500000000004,96.83,1214.0,29692.0,19.779,52.5,17.292972972972972,19.786974064995476,5.053829841365533,2098190.11,41516833.29
OUT0303,46.28,Critical,Critical,2,40.0,Low,2,3,"Inventory, Inventory Wastage, Marketing",Marketing Growth,Immediate management intervention required | Review inventory levels and replenishment | Reduce inventory wastage and improve stock rotation | Review marketing effectiveness and conversion performance,"Health: Critical | Risk Areas: Inventory, Inventory Wastage, Marketing | Recommendation: Immediate management intervention required | Review inventory levels and replenishment | Reduce inventory wastage and improve stock rotation | Review marketing effectiveness and conversion performance",,,,,,,,,,77.75,2,16,0,40.0,42.489999999999995,96.685,2831.0,75223.0,23.718,52.5,19.855,18.707061194831944,5.34557507234895,6244937.16,116824421.61
OUT0335,46.28,Critical,Critical,2,40.0,Low,2,3,"Inventory, Inventory Wastage, Marketing",Marketing Growth,Immediate management intervention required | Review inventory levels and replenishment | Reduce inventory wastage and improve stock rotation | Review marketing effectiveness and conversion performance,"Health: Critical | Risk Areas: Inventory, Inventory Wastage, Marketing | Recommendation: Immediate management intervention required | Review inventory levels and replenishment | Reduce inventory wastage and improve stock rotation | Review marketing effectiveness and conversion performance",,,,,,,,,,77.75,2,16,0,40.0,58.495000000000005,98.0325,448.0,16168.0,17.81675,52.5,14.97,20.29564230280425,4.927166063928068,715086.4,14513137.79
OUT0399,46.28,Critical,Critical,2,40.0,Low,2,3,"Inventory, Inventory Wastage, Marketing",Marketing Growth,Immediate management intervention required | Review inventory levels and replenishment | Reduce inventory wastage and improve stock rotation | Review marketing effectiveness and conversion performance,"Health: Critical | Risk Areas: Inventory, Inventory Wastage, Marketing | Recommendation: Immediate management intervention required | Review inventory levels and replenishment | Reduce inventory wastage and improve stock rotation | Review marketing effectiveness and conversion performance",,,,,,,,,,77.75,2,16,0,40.0,54.745000000000005,99.35499999999999,138.0,15784.0,19.170499999999997,52.5,16.796410256410255,19.689628994914543,5.078815859142298,1187397.74,23379420.97
OUT0569,46.28,Critical,Critical,2,40.0,Low,2,3,"Inventory, Inventory Wastage, Marketing",Marketing Growth,Immediate management intervention required | Review inventory levels and replenishment | Reduce inventory wastage and improve stock rotation | Review marketing effectiveness and conversion performance,"Health: Critical | Risk Areas: Inventory, Inventory Wastage, Marketing | Recommendation: Immediate management intervention required | Review inventory levels and replenishment | Reduce inventory wastage and improve stock rotation | Review marketing effectiveness and conversion performance",,,,,,,,,,77.75,2,16,0,40.0,67.495,99.225,139.0,10907.0,16.31975,52.5,15.053157894736842,20.05177001522983,4.98709091137827,1460075.29,29277093.92
OUT0656,46.28,Critical,Critical,2,40.0,Low,2,3,"Inventory, Inventory Wastage, Marketing",Marketing Growth,Immediate management intervention required | Review inventory levels and replenishment | Reduce inventory wastage and improve stock rotation | Review marketing effectiveness and conversion performance,"Health: Critical | Risk Areas: Inventory, Inventory Wastage, Marketing | Recommendation: Immediate management intervention required | Review inventory levels and replenishment | Reduce inventory wastage and improve stock rotation | Review marketing effectiveness and conversion performance",,,,,,,,,,77.75,2,16,0,40.0,59.025,96.65,4458.0,94401.0,17.660999999999998,52.5,26.85625,18.656855027601456,5.359960178286068,4887036.34,91176728.51
OUT0040,46.36,Critical,Critical,2,40.0,Low,2,3,"Inventory, Inventory Wastage, Marketing",Marketing Growth,Immediate management intervention required | Review inventory levels and replenishment | Reduce inventory wastage and improve stock rotation | Review marketing effectiveness and conversion performance,"Health: Critical | Risk Areas: Inventory, Inventory Wastage, Marketing | Recommendation: Immediate management intervention required | Review inventory levels and replenishment | Reduce inventory wastage and improve stock rotation | Review marketing effectiveness and conversion performance",,,,,,,,,,77.875,3,14,0,40.0,65.55499999999999,97.78999999999999,1267.0,36765.0,16.01525,52.5,17.9625,18.112175806906027,5.521147821559396,5273106.62,95507434.15
OUT0148,46.36,Critical,Critical,2,40.0,Low,2,3,"Inventory, Inventory Wastage, Marketing",Marketing Growth,Immediate management intervention required | Review inventory levels and replenishment | Reduce inventory wastage and improve stock rotation | Review marketing effectiveness and conversion performance,"Health: Critical | Risk Areas: Inventory, Inventory Wastage, Marketing | Recommendation: Immediate management intervention required | Review inventory levels and replenishment | Reduce inventory wastage and improve stock rotation | Review marketing effectiveness and conversion performance",,,,,,,,,,77.875,3,14,0,40.0,49.025,96.62,950.0,22663.0,20.913,52.5,18.0109756097561,18.762793592088467,5.329696748471724,1662544.8,31193984.92
OUT0159,46.36,Critical,Critical,2,40.0,Low,2,3,"Inventory, Inventory Wastage, Marketing",Marketing Growth,Immediate management intervention required | Review inventory levels and replenishment | Reduce inventory wastage and improve stock rotation | Review marketing effectiveness and conversion performance,"Health: Critical | Risk Areas: Inventory, Inventory Wastage, Marketing | Recommendation: Immediate management intervention required | Review inventory levels and replenishment | Reduce inventory wastage and improve stock rotation | Review marketing effectiveness and conversion performance",,,,,,,,,,77.875,3,14,0,40.0,61.67,99.245,336.0,30306.0,17.7775,52.5,16.6645,20.21490304691735,4.946845392624794,2119799.54,42851542.18
OUT0225,46.36,Critical,Critical,2,40.0,Low,2,3,"Inventory, Inventory Wastage, Marketing",Marketing Growth,Immediate management intervention required | Review inventory levels and replenishment | Reduce inventory wastage and improve stock rotation | Review marketing effectiveness and conversion performance,"Health: Critical | Risk Areas: Inventory, Inventory Wastage, Marketing | Recommendation: Immediate management intervention required | Review inventory levels and replenishment | Reduce inventory wastage and improve stock rotation | Review marketing effectiveness and conversion performance",,,,,,,,,,77.875,3,14,0,40.0,68.6725,97.995,966.0,29284.0,15.64825,52.5,15.566923076923077,20.464416034325858,4.886530836368144,4008891.71,82039627.79
OUT0263,46.36,Critical,Critical,2,40.0,Low,2,3,"Inventory, Inventory Wastage, Marketing",Marketing Growth,Immediate management intervention required | Review inventory levels and replenishment | Reduce inventory wastage and improve stock rotation | Review marketing effectiveness and conversion performance,"Health: Critical | Risk Areas: Inventory, Inventory Wastage, Marketing | Recommendation: Immediate management intervention required | Review inventory levels and replenishment | Reduce inventory wastage and improve stock rotation | Review marketing effectiveness and conversion performance",,,,,,,,,,77.875,3,14,0,40.0,52.092499999999994,96.86749999999999,1319.0,32980.0,20.347749999999998,52.5,19.17948717948718,18.660349968470168,5.3589562987278905,2084074.03,38889550.76
OUT0352,46.36,Critical,Critical,2,40.0,Low,2,3,"Inventory, Inventory Wastage, Marketing",Marketing Growth,Immediate management intervention required | Review inventory levels and replenishment | Reduce inventory wastage and improve stock rotation | Review marketing effectiveness and conversion performance,"Health: Critical | Risk Areas: Inventory, Inventory Wastage, Marketing | Recommendation: Immediate management intervention required | Review inventory levels and replenishment | Reduce inventory wastage and improve stock rotation | Review marketing effectiveness and conversion performance",,,,,,,,,,77.875,3,14,0,40.0,41.4775,99.27000000000001,100.0,12125.0,24.03725,52.5,13.222894736842106,20.38943663542336,4.904500393417742,306261.89,6244507.4
OUT0498,46.36,Critical,Critical,2,40.0,Low,2,3,"Inventory, Inventory Wastage, Marketing",Marketing Growth,Immediate management intervention required | Review inventory levels and replenishment | Reduce inventory wastage and improve stock rotation | Review marketing effectiveness and conversion performance,"Health: Critical | Risk Areas: Inventory, Inventory Wastage, Marketing | Recommendation: Immediate management intervention required | Review inventory levels and replenishment | Reduce inventory wastage and improve stock rotation | Review marketing effectiveness and conversion performance",,,,,,,,,,77.875,3,14,0,40.0,57.8125,96.735,507.0,11298.0,18.4665,52.5,12.152972972972972,20.75821184507804,4.817370626444923,451523.07,9372811.54
OUT0139,46.44,Critical,Critical,2,40.0,Low,2,3,"Inventory, Inventory Wastage, Marketing",Marketing Growth,Immediate management intervention required | Review inventory levels and replenishment | Reduce inventory wastage and improve stock rotation | Review marketing effectiveness and conversion performance,"Health: Critical | Risk Areas: Inventory, Inventory Wastage, Marketing | Recommendation: Immediate management intervention required | Review inventory levels and replenishment | Reduce inventory wastage and improve stock rotation | Review marketing effectiveness and conversion performance",,,,,,,,,,78.0,4,12,0,40.0,56.15,99.37,396.0,45767.0,18.9955,52.5,14.013333333333334,19.98543470448075,5.003643977660388,5440907.8,108738907.57
OUT0643,46.44,Critical,Critical,2,40.0,Low,2,3,"Inventory, Inventory Wastage, Marketing",Marketing Growth,Immediate management intervention required | Review inventory levels and replenishment | Reduce inventory wastage and improve stock rotation | Review marketing effectiveness and conversion performance,"Health: Critical | Risk Areas: Inventory, Inventory Wastage, Marketing | Recommendation: Immediate management intervention required | Review inventory levels and replenishment | Reduce inventory wastage and improve stock rotation | Review marketing effectiveness and conversion performance",,,,,,,,,,78.0,4,12,0,40.0,73.9725,97.0575,2953.0,54652.0,14.355,52.5,23.61325,18.645441247053647,5.36324127034548,3403437.23,63458588.91
OUT0125,46.75,Critical,Critical,2,40.0,Low,2,3,"Inventory, Inventory Wastage, Marketing",Marketing Growth,Immediate management intervention required | Review inventory levels and replenishment | Reduce inventory wastage and improve stock rotation | Review marketing effectiveness and conversion performance,"Health: Critical | Risk Areas: Inventory, Inventory Wastage, Marketing | Recommendation: Immediate management intervention required | Review inventory levels and replenishment | Reduce inventory wastage and improve stock rotation | Review marketing effectiveness and conversion performance",,,,,,,,,,78.5,1,17,0,40.0,77.7175,98.08250000000001,611.0,15883.0,13.981,52.5,18.544736842105262,16.866594298059876,5.928879193560894,2060543.56,34754352.26
OUT0370,46.75,Critical,Critical,2,40.0,Low,2,3,"Inventory, Inventory Wastage, Marketing",Marketing Growth,Immediate management intervention required | Review inventory levels and replenishment | Reduce inventory wastage and improve stock rotation | Review marketing effectiveness and conversion performance,"Health: Critical | Risk Areas: Inventory, Inventory Wastage, Marketing | Recommendation: Immediate management intervention required | Review inventory levels and replenishment | Reduce inventory wastage and improve stock rotation | Review marketing effectiveness and conversion performance",,,,,,,,,,78.5,1,17,0,40.0,72.5,98.03,1824.0,52989.0,15.00375,52.5,32.56225,18.149295632851413,5.509855700349795,7449081.79,135195587.6
OUT0442,46.75,Critical,Critical,2,40.0,Low,2,3,"Inventory, Inventory Wastage, Marketing",Marketing Growth,Immediate management intervention required | Review inventory levels and replenishment | Reduce inventory wastage and improve stock rotation | Review marketing effectiveness and conversion performance,"Health: Critical | Risk Areas: Inventory, Inventory Wastage, Marketing | Recommendation: Immediate management intervention required | Review inventory levels and replenishment | Reduce inventory wastage and improve stock rotation | Review marketing effectiveness and conversion performance",,,,,,,,,,78.5,1,17,0,40.0,54.2875,99.325,177.0,19969.0,19.85825,52.5,12.897,19.511033891003244,5.125305022719022,803535.67,15677811.69
OUT0443,46.75,Critical,Critical,2,40.0,Low,2,3,"Inventory, Inventory Wastage, Marketing",Marketing Growth,Immediate management intervention required | Review inventory levels and replenishment | Reduce inventory wastage and improve stock rotation | Review marketing effectiveness and conversion performance,"Health: Critical | Risk Areas: Inventory, Inventory Wastage, Marketing | Recommendation: Immediate management intervention required | Review inventory levels and replenishment | Reduce inventory wastage and improve stock rotation | Review marketing effectiveness and conversion performance",,,,,,,,,,78.5,1,17,0,40.0,49.6175,96.9075,1004.0,25857.0,21.86075,52.5,12.87948717948718,20.576144315126328,4.859997017346252,1823533.31,37521284.55
OUT0453,46.75,Critical,Critical,2,40.0,Low,2,3,"Inventory, Inventory Wastage, Marketing",Marketing Growth,Immediate management intervention required | Review inventory levels and replenishment | Reduce inventory wastage and improve stock rotation | Review marketing effectiveness and conversion performance,"Health: Critical | Risk Areas: Inventory, Inventory Wastage, Marketing | Recommendation: Immediate management intervention required | Review inventory levels and replenishment | Reduce inventory wastage and improve stock rotation | Review marketing effectiveness and conversion performance",,,,,,,,,,78.5,1,17,0,40.0,58.86749999999999,96.60249999999999,544.0,11306.0,17.79675,52.5,17.54675,22.021556636383668,4.541005054782621,931503.86,20513165.01
OUT0550,46.75,Critical,Critical,2,40.0,Low,2,3,"Inventory, Inventory Wastage, Marketing",Marketing Growth,Immediate management intervention required | Review inventory levels and replenishment | Reduce inventory wastage and improve stock rotation | Review marketing effectiveness and conversion performance,"Health: Critical | Risk Areas: Inventory, Inventory Wastage, Marketing | Recommendation: Immediate management intervention required | Review inventory levels and replenishment | Reduce inventory wastage and improve stock rotation | Review marketing effectiveness and conversion performance",,,,,,,,,,78.5,1,17,0,40.0,70.485,97.9425,1465.0,42386.0,15.19075,52.5,25.27973684210526,18.955194092992183,5.275598841637313,2469939.51,46818182.81
OUT0568,46.75,Critical,Critical,2,40.0,Low,2,3,"Inventory, Inventory Wastage, Marketing",Marketing Growth,Immediate management intervention required | Review inventory levels and replenishment | Reduce inventory wastage and improve stock rotation | Review marketing effectiveness and conversion performance,"Health: Critical | Risk Areas: Inventory, Inventory Wastage, Marketing | Recommendation: Immediate management intervention required | Review inventory levels and replenishment | Reduce inventory wastage and improve stock rotation | Review marketing effectiveness and conversion performance",,,,,,,,,,78.5,1,17,0,40.0,48.7825,96.74249999999999,1849.0,45815.0,21.08475,52.5,17.0735,21.853573156301444,4.575910734815699,3267396.25,71404282.98
OUT0668,46.75,Critical,Critical,2,40.0,Low,2,3,"Inventory, Inventory Wastage, Marketing",Marketing Growth,Immediate management intervention required | Review inventory levels and replenishment | Reduce inventory wastage and improve stock rotation | Review marketing effectiveness and conversion performance,"Health: Critical | Risk Areas: Inventory, Inventory Wastage, Marketing | Recommendation: Immediate management intervention required | Review inventory levels and replenishment | Reduce inventory wastage and improve stock rotation | Review marketing effectiveness and conversion performance",,,,,,,,,,78.5,1,17,0,40.0,77.1925,96.78999999999999,1491.0,22788.0,14.486250000000002,52.5,21.1175,18.849504255049816,5.305179311185854,4410024.75,83126780.29
OUT0713,46.75,Critical,Critical,2,40.0,Low,2,3,"Inventory, Inventory Wastage, Marketing",Marketing Growth,Immediate management intervention required | Review inventory levels and replenishment | Reduce inventory wastage and improve stock rotation | Review marketing effectiveness and conversion performance,"Health: Critical | Risk Areas: Inventory, Inventory Wastage, Marketing | Recommendation: Immediate management intervention required | Review inventory levels and replenishment | Reduce inventory wastage and improve stock rotation | Review marketing effectiveness and conversion performance",,,,,,,,,,78.5,1,17,0,40.0,71.52000000000001,96.7525,3562.0,63837.0,15.62475,52.5,28.98975609756097,19.167847191485347,5.217069971447891,8695039.56,166665189.60999998
OUT0098,46.83,Critical,Critical,2,40.0,Low,2,3,"Inventory, Inventory Wastage, Marketing",Marketing Growth,Immediate management intervention required | Review inventory levels and replenishment | Reduce inventory wastage and improve stock rotation | Review marketing effectiveness and conversion performance,"Health: Critical | Risk Areas: Inventory, Inventory Wastage, Marketing | Recommendation: Immediate management intervention required | Review inventory levels and replenishment | Reduce inventory wastage and improve stock rotation | Review marketing effectiveness and conversion performance",,,,,,,,,,78.625,2,15,0,40.0,72.175,96.7,1085.0,18875.0,15.572,52.5,12.757692307692308,20.52639779532685,4.871775408287494,2675335.35,54914997.63
OUT0131,46.83,Critical,Critical,2,40.0,Low,2,3,"Inventory, Inventory Wastage, Marketing",Marketing Growth,Immediate management intervention required | Review inventory levels and replenishment | Reduce inventory wastage and improve stock rotation | Review marketing effectiveness and conversion performance,"Health: Critical | Risk Areas: Inventory, Inventory Wastage, Marketing | Recommendation: Immediate management intervention required | Review inventory levels and replenishment | Reduce inventory wastage and improve stock rotation | Review marketing effectiveness and conversion performance",,,,,,,,,,78.625,2,15,0,40.0,62.467499999999994,96.845,862.0,18359.0,16.8535,52.5,16.584358974358974,19.707656585697844,5.074170009262875,1515881.42,29874470.45
OUT0176,46.83,Critical,Critical,2,40.0,Low,2,3,"Inventory, Inventory Wastage, Marketing",Marketing Growth,Immediate management intervention required | Review inventory levels and replenishment | Reduce inventory wastage and improve stock rotation | Review marketing effectiveness and conversion performance,"Health: Critical | Risk Areas: Inventory, Inventory Wastage, Marketing | Recommendation: Immediate management intervention required | Review inventory levels and replenishment | Reduce inventory wastage and improve stock rotation | Review marketing effectiveness and conversion performance",,,,,,,,,,78.625,2,15,0,40.0,64.7475,96.745,1160.0,23535.0,17.583000000000002,52.5,14.365405405405404,20.19392982639492,4.951983138482179,2676099.08,54040957.03
OUT0210,46.83,Critical,Critical,2,40.0,Low,2,3,"Inventory, Inventory Wastage, Marketing",Marketing Growth,Immediate management intervention required | Review inventory levels and replenishment | Reduce inventory wastage and improve stock rotation | Review marketing effectiveness and conversion performance,"Health: Critical | Risk Areas: Inventory, Inventory Wastage, Marketing | Recommendation: Immediate management intervention required | Review inventory levels and replenishment | Reduce inventory wastage and improve stock rotation | Review marketing effectiveness and conversion performance",,,,,,,,,,78.625,2,15,0,40.0,74.5275,98.1125,730.0,20847.0,14.30025,52.5,25.757,18.961956939243965,5.273717281418271,3484338.73,66069880.96
OUT0328,46.83,Critical,Critical,2,40.0,Low,2,3,"Inventory, Inventory Wastage, Marketing",Marketing Growth,Immediate management intervention required | Review inventory levels and replenishment | Reduce inventory wastage and improve stock rotation | Review marketing effectiveness and conversion performance,"Health: Critical | Risk Areas: Inventory, Inventory Wastage, Marketing | Recommendation: Immediate management intervention required | Review inventory levels and replenishment | Reduce inventory wastage and improve stock rotation | Review marketing effectiveness and conversion performance",,,,,,,,,,78.625,2,15,0,40.0,42.05,96.5475,2260.0,57192.0,23.4935,52.5,18.14975,19.179740150043735,5.213834974702301,2034230.86,39016019.3
OUT0355,46.83,Critical,Critical,2,40.0,Low,2,3,"Inventory, Inventory Wastage, Marketing",Marketing Growth,Immediate management intervention required | Review inventory levels and replenishment | Reduce inventory wastage and improve stock rotation | Review marketing effectiveness and conversion performance,"Health: Critical | Risk Areas: Inventory, Inventory Wastage, Marketing | Recommendation: Immediate management intervention required | Review inventory levels and replenishment | Reduce inventory wastage and improve stock rotation | Review marketing effectiveness and conversion performance",,,,,,,,,,78.625,2,15,0,40.0,77.5275,97.94500000000001,687.0,16148.0,14.150749999999999,52.5,16.1025,21.17926737731317,4.721598637879141,2293049.11,48565100.21
OUT0487,46.83,Critical,Critical,2,40.0,Low,2,3,"Inventory, Inventory Wastage, Marketing",Marketing Growth,Immediate management intervention required | Review inventory levels and replenishment | Reduce inventory wastage and improve stock rotation | Review marketing effectiveness and conversion performance,"Health: Critical | Risk Areas: Inventory, Inventory Wastage, Marketing | Recommendation: Immediate management intervention required | Review inventory levels and replenishment | Reduce inventory wastage and improve stock rotation | Review marketing effectiveness and conversion performance",,,,,,,,,,78.625,2,15,0,40.0,59.295,99.29249999999999,112.0,11247.0,18.31175,52.5,16.10170731707317,21.82262034774368,4.58240112353599,673479.39,14697085.04
OUT0514,46.83,Critical,Critical,2,40.0,Low,2,3,"Inventory, Inventory Wastage, Marketing",Marketing Growth,Immediate management intervention required | Review inventory levels and replenishment | Reduce inventory wastage and improve stock rotation | Review marketing effectiveness and conversion performance,"Health: Critical | Risk Areas: Inventory, Inventory Wastage, Marketing | Recommendation: Immediate management intervention required | Review inventory levels and replenishment | Reduce inventory wastage and improve stock rotation | Review marketing effectiveness and conversion performance",,,,,,,,,,78.625,2,15,0,40.0,75.1225,99.3,637.0,48775.0,14.76425,52.5,30.708461538461545,18.956254760853238,5.275303653679053,4665484.61,88440114.85
OUT0530,46.83,Critical,Critical,2,40.0,Low,2,3,"Inventory, Inventory Wastage, Marketing",Marketing Growth,Immediate management intervention required | Review inventory levels and replenishment | Reduce inventory wastage and improve stock rotation | Review marketing effectiveness and conversion performance,"Health: Critical | Risk Areas: Inventory, Inventory Wastage, Marketing | Recommendation: Immediate management intervention required | Review inventory levels and replenishment | Reduce inventory wastage and improve stock rotation | Review marketing effectiveness and conversion performance",,,,,,,,,,78.625,2,15,0,40.0,76.25,98.01,758.0,19409.0,13.655750000000001,52.5,30.98157894736842,19.044663364131317,5.250814786694515,3229090.84,61496948.02
OUT0538,46.83,Critical,Critical,2,40.0,Low,2,3,"Inventory, Inventory Wastage, Marketing",Marketing Growth,Immediate management intervention required | Review inventory levels and replenishment | Reduce inventory wastage and improve stock rotation | Review marketing effectiveness and conversion performance,"Health: Critical | Risk Areas: Inventory, Inventory Wastage, Marketing | Recommendation: Immediate management intervention required | Review inventory levels and replenishment | Reduce inventory wastage and improve stock rotation | Review marketing effectiveness and conversion performance",,,,,,,,,,78.625,2,15,0,40.0,45.37,96.66499999999999,1134.0,29042.0,22.337,52.5,16.756923076923076,21.34884393619552,4.684094384635825,1381749.86,29498762.12
OUT0387,46.91,Critical,Critical,2,40.0,Low,2,3,"Inventory, Inventory Wastage, Marketing",Marketing Growth,Immediate management intervention required | Review inventory levels and replenishment | Reduce inventory wastage and improve stock rotation | Review marketing effectiveness and conversion performance,"Health: Critical | Risk Areas: Inventory, Inventory Wastage, Marketing | Recommendation: Immediate management intervention required | Review inventory levels and replenishment | Reduce inventory wastage and improve stock rotation | Review marketing effectiveness and conversion performance",,,,,,,,,,78.75,3,13,0,40.0,42.1275,99.3,188.0,23602.0,23.48575,52.5,16.19815789473684,19.98721540326212,5.003198193565222,1337673.01,26736358.59
OUT0314,46.98,Critical,Critical,2,40.0,Low,2,3,"Inventory, Inventory Wastage, Marketing",Marketing Growth,Immediate management intervention required | Review inventory levels and replenishment | Reduce inventory wastage and improve stock rotation | Review marketing effectiveness and conversion performance,"Health: Critical | Risk Areas: Inventory, Inventory Wastage, Marketing | Recommendation: Immediate management intervention required | Review inventory levels and replenishment | Reduce inventory wastage and improve stock rotation | Review marketing effectiveness and conversion performance",,,,,,,,,,78.875,4,11,0,40.0,54.35,99.25750000000001,929.0,95847.0,19.442,52.5,29.597692307692306,17.52229303483296,5.707015617260124,3555542.15,62301251.45
OUT0520,46.98,Critical,Critical,2,40.0,Low,2,3,"Inventory, Inventory Wastage, Marketing",Marketing Growth,Immediate management intervention required | Review inventory levels and replenishment | Reduce inventory wastage and improve stock rotation | Review marketing effectiveness and conversion performance,"Health: Critical | Risk Areas: Inventory, Inventory Wastage, Marketing | Recommendation: Immediate management intervention required | Review inventory levels and replenishment | Reduce inventory wastage and improve stock rotation | Review marketing effectiveness and conversion performance",,,,,,,,,,78.875,4,11,0,40.0,68.39,97.99,2560.0,77218.0,15.81275,52.5,23.859736842105264,18.49512684258933,5.406829639563584,5689388.35,105225959.19
OUT0553,46.98,Critical,Critical,2,40.0,Low,2,3,"Inventory, Inventory Wastage, Marketing",Marketing Growth,Immediate management intervention required | Review inventory levels and replenishment | Reduce inventory wastage and improve stock rotation | Review marketing effectiveness and conversion performance,"Health: Critical | Risk Areas: Inventory, Inventory Wastage, Marketing | Recommendation: Immediate management intervention required | Review inventory levels and replenishment | Reduce inventory wastage and improve stock rotation | Review marketing effectiveness and conversion performance",,,,,,,,,,78.875,4,11,0,40.0,70.7225,97.0175,1282.0,24866.0,14.844999999999999,52.5,17.1425641025641,20.95589303039621,4.771927393165802,1688948.95,35393433.53
OUT0136,47.06,Critical,Critical,2,40.0,Low,2,3,"Inventory, Inventory Wastage, Marketing",Marketing Growth,Immediate management intervention required | Review inventory levels and replenishment | Reduce inventory wastage and improve stock rotation | Review marketing effectiveness and conversion performance,"Health: Critical | Risk Areas: Inventory, Inventory Wastage, Marketing | Recommendation: Immediate management intervention required | Review inventory levels and replenishment | Reduce inventory wastage and improve stock rotation | Review marketing effectiveness and conversion performance",,,,,,,,,,79.0,5,9,0,40.0,52.94,96.75750000000001,671.0,15945.0,19.1995,52.5,17.282894736842106,19.67890548282536,5.081583428878926,476586.4,9378698.72
OUT0046,47.3,Critical,Critical,2,40.0,Low,2,3,"Inventory, Inventory Wastage, Marketing",Marketing Growth,Immediate management intervention required | Review inventory levels and replenishment | Reduce inventory wastage and improve stock rotation | Review marketing effectiveness and conversion performance,"Health: Critical | Risk Areas: Inventory, Inventory Wastage, Marketing | Recommendation: Immediate management intervention required | Review inventory levels and replenishment | Reduce inventory wastage and improve stock rotation | Review marketing effectiveness and conversion performance",,,,,,,,,,79.375,1,16,0,40.0,80.08250000000001,97.0025,1812.0,27274.0,13.712250000000001,52.5,17.41846153846154,20.04389115716136,4.989051238400464,2033101.33,40751261.77
OUT0153,47.3,Critical,Critical,2,40.0,Low,2,3,"Inventory, Inventory Wastage, Marketing",Marketing Growth,Immediate management intervention required | Review inventory levels and replenishment | Reduce inventory wastage and improve stock rotation | Review marketing effectiveness and conversion performance,"Health: Critical | Risk Areas: Inventory, Inventory Wastage, Marketing | Recommendation: Immediate management intervention required | Review inventory levels and replenishment | Reduce inventory wastage and improve stock rotation | Review marketing effectiveness and conversion performance",,,,,,,,,,79.375,1,16,0,40.0,81.6375,96.965,1977.0,28818.0,13.500499999999999,52.5,27.7655,19.219569493795227,5.203030173609436,5345933.17,102746534.07
OUT0184,47.3,Critical,Critical,2,40.0,Low,2,3,"Inventory, Inventory Wastage, Marketing",Marketing Growth,Immediate management intervention required | Review inventory levels and replenishment | Reduce inventory wastage and improve stock rotation | Review marketing effectiveness and conversion performance,"Health: Critical | Risk Areas: Inventory, Inventory Wastage, Marketing | Recommendation: Immediate management intervention required | Review inventory levels and replenishment | Reduce inventory wastage and improve stock rotation | Review marketing effectiveness and conversion performance",,,,,,,,,,79.375,1,16,0,36.0,72.185,99.2525,62.0,4767.0,15.185999999999998,52.5,9.9305,21.80980862815109,4.5850929600053725,285511.69,6226955.32
OUT0204,47.3,Critical,Critical,2,40.0,Low,2,3,"Inventory, Inventory Wastage, Marketing",Marketing Growth,Immediate management intervention required | Review inventory levels and replenishment | Reduce inventory wastage and improve stock rotation | Review marketing effectiveness and conversion performance,"Health: Critical | Risk Areas: Inventory, Inventory Wastage, Marketing | Recommendation: Immediate management intervention required | Review inventory levels and replenishment | Reduce inventory wastage and improve stock rotation | Review marketing effectiveness and conversion performance",,,,,,,,,,79.375,1,16,0,39.0,71.0125,99.27000000000001,75.0,5999.0,15.26875,52.5,13.263,19.853204205494293,5.036970302875614,624581.04,12399934.93
OUT0301,47.3,Critical,Critical,2,40.0,Low,2,3,"Inventory, Inventory Wastage, Marketing",Marketing Growth,Immediate management intervention required | Review inventory levels and replenishment | Reduce inventory wastage and improve stock rotation | Review marketing effectiveness and conversion performance,"Health: Critical | Risk Areas: Inventory, Inventory Wastage, Marketing | Recommendation: Immediate management intervention required | Review inventory levels and replenishment | Reduce inventory wastage and improve stock rotation | Review marketing effectiveness and conversion performance",,,,,,,,,,79.375,1,16,0,40.0,57.33,97.1425,391.0,9995.0,18.59725,52.5,17.808205128205127,20.71950088741825,4.826371086029597,442187.21,9161898.29
OUT0382,47.3,Critical,Critical,2,40.0,Low,2,3,"Inventory, Inventory Wastage, Marketing",Marketing Growth,Immediate management intervention required | Review inventory levels and replenishment | Reduce inventory wastage and improve stock rotation | Review marketing effectiveness and conversion performance,"Health: Critical | Risk Areas: Inventory, Inventory Wastage, Marketing | Recommendation: Immediate management intervention required | Review inventory levels and replenishment | Reduce inventory wastage and improve stock rotation | Review marketing effectiveness and conversion performance",,,,,,,,,,79.375,1,16,0,40.0,79.065,99.31750000000001,584.0,40954.0,13.5945,52.5,22.71525,19.295305708220784,5.182607703250584,6140394.41,118480787.31
OUT0485,47.3,Critical,Critical,2,40.0,Low,2,3,"Inventory, Inventory Wastage, Marketing",Marketing Growth,Immediate management intervention required | Review inventory levels and replenishment | Reduce inventory wastage and improve stock rotation | Review marketing effectiveness and conversion performance,"Health: Critical | Risk Areas: Inventory, Inventory Wastage, Marketing | Recommendation: Immediate management intervention required | Review inventory levels and replenishment | Reduce inventory wastage and improve stock rotation | Review marketing effectiveness and conversion performance",,,,,,,,,,79.375,1,16,0,40.0,63.557500000000005,97.88250000000001,910.0,28481.0,16.773,52.5,28.277692307692305,18.170294127209917,5.503488237444135,1767562.07,32117122.7
OUT0665,47.3,Critical,Critical,2,40.0,Low,2,3,"Inventory, Inventory Wastage, Marketing",Marketing Growth,Immediate management intervention required | Review inventory levels and replenishment | Reduce inventory wastage and improve stock rotation | Review marketing effectiveness and conversion performance,"Health: Critical | Risk Areas: Inventory, Inventory Wastage, Marketing | Recommendation: Immediate management intervention required | Review inventory levels and replenishment | Reduce inventory wastage and improve stock rotation | Review marketing effectiveness and conversion performance",,,,,,,,,,79.375,1,16,0,40.0,67.6575,97.99,692.0,21087.0,16.23975,52.5,13.728717948717948,19.83122655726669,5.0425524468307446,1915420.31,37985134.12
OUT0006,47.38,Critical,Critical,2,40.0,Low,2,3,"Inventory, Inventory Wastage, Marketing",Marketing Growth,Immediate management intervention required | Review inventory levels and replenishment | Reduce inventory wastage and improve stock rotation | Review marketing effectiveness and conversion performance,"Health: Critical | Risk Areas: Inventory, Inventory Wastage, Marketing | Recommendation: Immediate management intervention required | Review inventory levels and replenishment | Reduce inventory wastage and improve stock rotation | Review marketing effectiveness and conversion performance",,,,,,,,,,79.5,2,14,0,40.0,77.8775,96.63,784.0,11303.0,14.107,52.5,18.838378378378376,18.96574098732753,5.272665068389244,997395.06,18916336.37
OUT0089,47.38,Critical,Critical,2,40.0,Low,2,3,"Inventory, Inventory Wastage, Marketing",Marketing Growth,Immediate management intervention required | Review inventory levels and replenishment | Reduce inventory wastage and improve stock rotation | Review marketing effectiveness and conversion performance,"Health: Critical | Risk Areas: Inventory, Inventory Wastage, Marketing | Recommendation: Immediate management intervention required | Review inventory levels and replenishment | Reduce inventory wastage and improve stock rotation | Review marketing effectiveness and conversion performance",,,,,,,,,,79.5,2,14,0,40.0,74.4275,99.22749999999999,190.0,13271.0,15.04325,52.5,17.608918918918917,21.16006540872328,4.725883312193109,1175500.7,24873671.7
OUT0191,47.38,Critical,Critical,2,40.0,Low,2,3,"Inventory, Inventory Wastage, Marketing",Marketing Growth,Immediate management intervention required | Review inventory levels and replenishment | Reduce inventory wastage and improve stock rotation | Review marketing effectiveness and conversion performance,"Health: Critical | Risk Areas: Inventory, Inventory Wastage, Marketing | Recommendation: Immediate management intervention required | Review inventory levels and replenishment | Reduce inventory wastage and improve stock rotation | Review marketing effectiveness and conversion performance",,,,,,,,,,79.5,2,14,0,40.0,71.3725,96.87,772.0,14011.0,15.427000000000001,52.5,8.64125,20.846652271126416,4.7969332773159294,848823.0700000001,17695119.38
OUT0205,47.38,Critical,Critical,2,40.0,Low,2,3,"Inventory, Inventory Wastage, Marketing",Marketing Growth,Immediate management intervention required | Review inventory levels and replenishment | Reduce inventory wastage and improve stock rotation | Review marketing effectiveness and conversion performance,"Health: Critical | Risk Areas: Inventory, Inventory Wastage, Marketing | Recommendation: Immediate management intervention required | Review inventory levels and replenishment | Reduce inventory wastage and improve stock rotation | Review marketing effectiveness and conversion performance",,,,,,,,,,79.5,2,14,0,40.0,61.455,98.11749999999999,251.0,9168.0,17.799,52.5,13.719230769230768,20.48673938001442,4.881206235168576,403234.54,8260960.93
OUT0289,47.38,Critical,Critical,2,40.0,Low,2,3,"Inventory, Inventory Wastage, Marketing",Marketing Growth,Immediate management intervention required | Review inventory levels and replenishment | Reduce inventory wastage and improve stock rotation | Review marketing effectiveness and conversion performance,"Health: Critical | Risk Areas: Inventory, Inventory Wastage, Marketing | Recommendation: Immediate management intervention required | Review inventory levels and replenishment | Reduce inventory wastage and improve stock rotation | Review marketing effectiveness and conversion performance",,,,,,,,,,79.5,2,14,0,40.0,63.0875,99.24249999999999,98.0,8497.0,16.9115,52.5,14.533076923076925,21.14820208011115,4.728534351108982,427259.86,9035777.86
OUT0368,47.38,Critical,Critical,2,40.0,Low,2,3,"Inventory, Inventory Wastage, Marketing",Marketing Growth,Immediate management intervention required | Review inventory levels and replenishment | Reduce inventory wastage and improve stock rotation | Review marketing effectiveness and conversion performance,"Health: Critical | Risk Areas: Inventory, Inventory Wastage, Marketing | Recommendation: Immediate management intervention required | Review inventory levels and replenishment | Reduce inventory wastage and improve stock rotation | Review marketing effectiveness and conversion performance",,,,,,,,,,79.5,2,14,0,40.0,53.735,96.9675,574.0,14305.0,19.05,52.5,13.364634146341464,20.91885513627857,4.780376332669125,1126511.72,23565335.48
OUT0605,47.38,Critical,Critical,2,40.0,Low,2,3,"Inventory, Inventory Wastage, Marketing",Marketing Growth,Immediate management intervention required | Review inventory levels and replenishment | Reduce inventory wastage and improve stock rotation | Review marketing effectiveness and conversion performance,"Health: Critical | Risk Areas: Inventory, Inventory Wastage, Marketing | Recommendation: Immediate management intervention required | Review inventory levels and replenishment | Reduce inventory wastage and improve stock rotation | Review marketing effectiveness and conversion performance",,,,,,,,,,79.5,2,14,0,40.0,72.2475,98.05499999999999,927.0,26697.0,14.581,52.5,23.524864864864863,18.000107655454155,5.555522328762257,1420921.97,25576748.43
OUT0661,47.38,Critical,Critical,2,40.0,Low,2,3,"Inventory, Inventory Wastage, Marketing",Marketing Growth,Immediate management intervention required | Review inventory levels and replenishment | Reduce inventory wastage and improve stock rotation | Review marketing effectiveness and conversion performance,"Health: Critical | Risk Areas: Inventory, Inventory Wastage, Marketing | Recommendation: Immediate management intervention required | Review inventory levels and replenishment | Reduce inventory wastage and improve stock rotation | Review marketing effectiveness and conversion performance",,,,,,,,,,79.5,2,14,0,40.0,49.195,96.7025,2533.0,61854.0,21.298,52.5,22.07421052631579,18.53329928657706,5.395693365423936,4742321.57,87890864.97
OUT0742,47.38,Critical,Critical,2,40.0,Low,2,3,"Inventory, Inventory Wastage, Marketing",Marketing Growth,Immediate management intervention required | Review inventory levels and replenishment | Reduce inventory wastage and improve stock rotation | Review marketing effectiveness and conversion performance,"Health: Critical | Risk Areas: Inventory, Inventory Wastage, Marketing | Recommendation: Immediate management intervention required | Review inventory levels and replenishment | Reduce inventory wastage and improve stock rotation | Review marketing effectiveness and conversion performance",,,,,,,,,,79.5,2,14,0,40.0,72.47749999999999,99.4025,310.0,28914.0,14.904749999999998,52.5,13.59026315789474,21.50297462211368,4.650519370336787,2656243.2800000003,57117131.84
OUT0287,47.45,Critical,Critical,2,40.0,Low,2,3,"Inventory, Inventory Wastage, Marketing",Marketing Growth,Immediate management intervention required | Review inventory levels and replenishment | Reduce inventory wastage and improve stock rotation | Review marketing effectiveness and conversion performance,"Health: Critical | Risk Areas: Inventory, Inventory Wastage, Marketing | Recommendation: Immediate management intervention required | Review inventory levels and replenishment | Reduce inventory wastage and improve stock rotation | Review marketing effectiveness and conversion performance",,,,,,,,,,79.625,3,12,0,40.0,48.855000000000004,99.33500000000001,483.0,58698.0,21.57575,52.5,21.35589743589744,19.14099540496977,5.224388694750743,4834701.6,92541001.11
OUT0393,47.45,Critical,Critical,2,40.0,Low,2,3,"Inventory, Inventory Wastage, Marketing",Marketing Growth,Immediate management intervention required | Review inventory levels and replenishment | Reduce inventory wastage and improve stock rotation | Review marketing effectiveness and conversion performance,"Health: Critical | Risk Areas: Inventory, Inventory Wastage, Marketing | Recommendation: Immediate management intervention required | Review inventory levels and replenishment | Reduce inventory wastage and improve stock rotation | Review marketing effectiveness and conversion performance",,,,,,,,,,79.625,3,12,0,40.0,57.13250000000001,96.8375,1351.0,30631.0,19.0145,52.5,14.418157894736842,19.42671143441535,5.147551624349823,1772103.11,34426135.75
OUT0480,47.45,Critical,Critical,2,40.0,Low,2,3,"Inventory, Inventory Wastage, Marketing",Marketing Growth,Immediate management intervention required | Review inventory levels and replenishment | Reduce inventory wastage and improve stock rotation | Review marketing effectiveness and conversion performance,"Health: Critical | Risk Areas: Inventory, Inventory Wastage, Marketing | Recommendation: Immediate management intervention required | Review inventory levels and replenishment | Reduce inventory wastage and improve stock rotation | Review marketing effectiveness and conversion performance",,,,,,,,,,79.625,3,12,0,40.0,46.555,98.10249999999999,2523.0,110925.0,22.17775,52.5,30.54317073170732,18.706400700039254,5.345763816541691,4251098.76,79522756.82
OUT0566,47.45,Critical,Critical,2,40.0,Low,2,3,"Inventory, Inventory Wastage, Marketing",Marketing Growth,Immediate management intervention required | Review inventory levels and replenishment | Reduce inventory wastage and improve stock rotation | Review marketing effectiveness and conversion performance,"Health: Critical | Risk Areas: Inventory, Inventory Wastage, Marketing | Recommendation: Immediate management intervention required | Review inventory levels and replenishment | Reduce inventory wastage and improve stock rotation | Review marketing effectiveness and conversion performance",,,,,,,,,,79.625,3,12,0,40.0,49.052499999999995,96.70750000000001,1679.0,41870.0,20.517500000000002,52.5,18.88625,18.587654251654453,5.379915004126957,2498580.17,46442744.32
OUT0655,47.45,Critical,Critical,2,40.0,Low,2,3,"Inventory, Inventory Wastage, Marketing",Marketing Growth,Immediate management intervention required | Review inventory levels and replenishment | Reduce inventory wastage and improve stock rotation | Review marketing effectiveness and conversion performance,"Health: Critical | Risk Areas: Inventory, Inventory Wastage, Marketing | Recommendation: Immediate management intervention required | Review inventory levels and replenishment | Reduce inventory wastage and improve stock rotation | Review marketing effectiveness and conversion performance",,,,,,,,,,79.625,3,12,0,40.0,63.092499999999994,98.135,1640.0,58008.0,17.176750000000002,52.5,20.86365853658537,19.29416403529727,5.182914368150766,2926248.85,56459525.32
OUT0050,47.84,Critical,Critical,2,40.0,Low,2,3,"Inventory, Inventory Wastage, Marketing",Marketing Growth,Immediate management intervention required | Review inventory levels and replenishment | Reduce inventory wastage and improve stock rotation | Review marketing effectiveness and conversion performance,"Health: Critical | Risk Areas: Inventory, Inventory Wastage, Marketing | Recommendation: Immediate management intervention required | Review inventory levels and replenishment | Reduce inventory wastage and improve stock rotation | Review marketing effectiveness and conversion performance",,,,,,,,,,80.25,1,15,0,40.0,76.785,98.09,387.0,10549.0,14.0555,52.5,7.91725,20.18896073635835,4.953201965463718,922172.74,18617709.24
OUT0237,47.84,Critical,Critical,2,40.0,Low,2,3,"Inventory, Inventory Wastage, Marketing",Marketing Growth,Immediate management intervention required | Review inventory levels and replenishment | Reduce inventory wastage and improve stock rotation | Review marketing effectiveness and conversion performance,"Health: Critical | Risk Areas: Inventory, Inventory Wastage, Marketing | Recommendation: Immediate management intervention required | Review inventory levels and replenishment | Reduce inventory wastage and improve stock rotation | Review marketing effectiveness and conversion performance",,,,,,,,,,80.25,1,15,0,40.0,67.3175,99.215,613.0,48703.0,16.5685,52.5,20.042564102564103,19.13197731856492,5.22685127286681,1796632.35,34373129.37
OUT0548,47.84,Critical,Critical,2,40.0,Low,2,3,"Inventory, Inventory Wastage, Marketing",Marketing Growth,Immediate management intervention required | Review inventory levels and replenishment | Reduce inventory wastage and improve stock rotation | Review marketing effectiveness and conversion performance,"Health: Critical | Risk Areas: Inventory, Inventory Wastage, Marketing | Recommendation: Immediate management intervention required | Review inventory levels and replenishment | Reduce inventory wastage and improve stock rotation | Review marketing effectiveness and conversion performance",,,,,,,,,,80.25,1,15,0,40.0,69.26,96.70750000000001,423.0,7813.0,15.578999999999999,52.5,14.345128205128209,21.901771973285875,4.565840614265021,914416.72,20027346.49
OUT0587,47.84,Critical,Critical,2,40.0,Low,2,3,"Inventory, Inventory Wastage, Marketing",Marketing Growth,Immediate management intervention required | Review inventory levels and replenishment | Reduce inventory wastage and improve stock rotation | Review marketing effectiveness and conversion performance,"Health: Critical | Risk Areas: Inventory, Inventory Wastage, Marketing | Recommendation: Immediate management intervention required | Review inventory levels and replenishment | Reduce inventory wastage and improve stock rotation | Review marketing effectiveness and conversion performance",,,,,,,,,,80.25,1,15,0,38.0,69.92999999999999,99.275,62.0,5055.0,15.61525,52.5,13.568205128205127,20.70510811936944,4.829726047479602,254830.38,5276290.57
OUT0681,47.84,Critical,Critical,2,40.0,Low,2,3,"Inventory, Inventory Wastage, Marketing",Marketing Growth,Immediate management intervention required | Review inventory levels and replenishment | Reduce inventory wastage and improve stock rotation | Review marketing effectiveness and conversion performance,"Health: Critical | Risk Areas: Inventory, Inventory Wastage, Marketing | Recommendation: Immediate management intervention required | Review inventory levels and replenishment | Reduce inventory wastage and improve stock rotation | Review marketing effectiveness and conversion performance",,,,,,,,,,80.25,1,15,0,40.0,72.42999999999999,96.905,725.0,13023.0,15.376750000000001,52.5,12.60102564102564,19.36982043372846,5.162670471940518,1088102.45,21076349.07
OUT0012,47.92,Critical,Critical,2,40.0,Low,2,3,"Inventory, Inventory Wastage, Marketing",Marketing Growth,Immediate management intervention required | Review inventory levels and replenishment | Reduce inventory wastage and improve stock rotation | Review marketing effectiveness and conversion performance,"Health: Critical | Risk Areas: Inventory, Inventory Wastage, Marketing | Recommendation: Immediate management intervention required | Review inventory levels and replenishment | Reduce inventory wastage and improve stock rotation | Review marketing effectiveness and conversion performance",,,,,,,,,,80.375,2,13,0,40.0,79.80499999999999,99.17999999999999,928.0,50137.0,13.291999999999998,52.5,22.81,18.89307824265748,5.29294372868347,6423521.34,121360091.27
OUT0163,47.92,Critical,Critical,2,40.0,Low,2,3,"Inventory, Inventory Wastage, Marketing",Marketing Growth,Immediate management intervention required | Review inventory levels and replenishment | Reduce inventory wastage and improve stock rotation | Review marketing effectiveness and conversion performance,"Health: Critical | Risk Areas: Inventory, Inventory Wastage, Marketing | Recommendation: Immediate management intervention required | Review inventory levels and replenishment | Reduce inventory wastage and improve stock rotation | Review marketing effectiveness and conversion performance",,,,,,,,,,80.375,2,13,0,40.0,57.2875,96.61,1777.0,38218.0,18.339,52.5,21.26820512820513,19.079636411177763,5.241190022961613,2588442.61,49386543.87
OUT0247,47.92,Critical,Critical,2,40.0,Low,2,3,"Inventory, Inventory Wastage, Marketing",Marketing Growth,Immediate management intervention required | Review inventory levels and replenishment | Reduce inventory wastage and improve stock rotation | Review marketing effectiveness and conversion performance,"Health: Critical | Risk Areas: Inventory, Inventory Wastage, Marketing | Recommendation: Immediate management intervention required | Review inventory levels and replenishment | Reduce inventory wastage and improve stock rotation | Review marketing effectiveness and conversion performance",,,,,,,,,,80.375,2,13,0,40.0,71.56,99.2975,648.0,53069.0,14.65225,52.5,35.456315789473685,18.935989402056396,5.280949301183084,6598487.65,124948892.21
OUT0531,47.92,Critical,Critical,2,40.0,Low,2,3,"Inventory, Inventory Wastage, Marketing",Marketing Growth,Immediate management intervention required | Review inventory levels and replenishment | Reduce inventory wastage and improve stock rotation | Review marketing effectiveness and conversion performance,"Health: Critical | Risk Areas: Inventory, Inventory Wastage, Marketing | Recommendation: Immediate management intervention required | Review inventory levels and replenishment | Reduce inventory wastage and improve stock rotation | Review marketing effectiveness and conversion performance",,,,,,,,,,80.375,2,13,0,40.0,69.1925,96.76,5361.0,99333.0,16.04475,52.5,29.453750000000003,19.197130534267863,5.209111842079464,5350576.53,102715716.08
OUT0002,48.0,Critical,Critical,2,40.0,Low,2,3,"Inventory, Inventory Wastage, Marketing",Marketing Growth,Immediate management intervention required | Review inventory levels and replenishment | Reduce inventory wastage and improve stock rotation | Review marketing effectiveness and conversion performance,"Health: Critical | Risk Areas: Inventory, Inventory Wastage, Marketing | Recommendation: Immediate management intervention required | Review inventory levels and replenishment | Reduce inventory wastage and improve stock rotation | Review marketing effectiveness and conversion performance",,,,,,,,,,80.5,3,11,0,40.0,77.5375,99.25750000000001,204.0,13835.0,14.75975,52.5,25.899,17.994917432736955,5.557124692224297,1386220.71,24944927.22
OUT0045,48.0,Critical,Critical,2,40.0,Low,2,3,"Inventory, Inventory Wastage, Marketing",Marketing Growth,Immediate management intervention required | Review inventory levels and replenishment | Reduce inventory wastage and improve stock rotation | Review marketing effectiveness and conversion performance,"Health: Critical | Risk Areas: Inventory, Inventory Wastage, Marketing | Recommendation: Immediate management intervention required | Review inventory levels and replenishment | Reduce inventory wastage and improve stock rotation | Review marketing effectiveness and conversion performance",,,,,,,,,,80.5,3,11,0,40.0,42.005,97.7475,261.0,10143.0,24.401249999999997,52.5,15.328,20.083349847423275,4.979249017704592,267347.46,5369232.57
OUT0076,48.0,Critical,Critical,2,40.0,Low,2,3,"Inventory, Inventory Wastage, Marketing",Marketing Growth,Immediate management intervention required | Review inventory levels and replenishment | Reduce inventory wastage and improve stock rotation | Review marketing effectiveness and conversion performance,"Health: Critical | Risk Areas: Inventory, Inventory Wastage, Marketing | Recommendation: Immediate management intervention required | Review inventory levels and replenishment | Reduce inventory wastage and improve stock rotation | Review marketing effectiveness and conversion performance",,,,,,,,,,80.5,3,11,0,40.0,59.975,96.66499999999999,1374.0,28720.0,18.21325,52.5,15.784,20.069949808221907,4.982573496971764,3672982.05,73716565.39
OUT0133,48.0,Critical,Critical,2,40.0,Low,2,3,"Inventory, Inventory Wastage, Marketing",Marketing Growth,Immediate management intervention required | Review inventory levels and replenishment | Reduce inventory wastage and improve stock rotation | Review marketing effectiveness and conversion performance,"Health: Critical | Risk Areas: Inventory, Inventory Wastage, Marketing | Recommendation: Immediate management intervention required | Review inventory levels and replenishment | Reduce inventory wastage and improve stock rotation | Review marketing effectiveness and conversion performance",,,,,,,,,,80.5,3,11,0,40.0,46.89,96.99249999999999,697.0,19381.0,21.87275,52.5,14.125641025641023,22.39748152785021,4.464787698369333,1739901.71,38969416.41
OUT0634,48.0,Critical,Critical,2,40.0,Low,2,3,"Inventory, Inventory Wastage, Marketing",Marketing Growth,Immediate management intervention required | Review inventory levels and replenishment | Reduce inventory wastage and improve stock rotation | Review marketing effectiveness and conversion performance,"Health: Critical | Risk Areas: Inventory, Inventory Wastage, Marketing | Recommendation: Immediate management intervention required | Review inventory levels and replenishment | Reduce inventory wastage and improve stock rotation | Review marketing effectiveness and conversion performance",,,,,,,,,,80.5,3,11,0,40.0,55.7475,99.235,322.0,30968.0,18.532249999999998,52.5,13.010975609756098,19.39149600373741,5.156899703907659,3763227.43,72974609.67
OUT0434,48.08,Critical,Critical,2,40.0,Low,2,3,"Inventory, Inventory Wastage, Marketing",Marketing Growth,Immediate management intervention required | Review inventory levels and replenishment | Reduce inventory wastage and improve stock rotation | Review marketing effectiveness and conversion performance,"Health: Critical | Risk Areas: Inventory, Inventory Wastage, Marketing | Recommendation: Immediate management intervention required | Review inventory levels and replenishment | Reduce inventory wastage and improve stock rotation | Review marketing effectiveness and conversion performance",,,,,,,,,,80.625,4,9,0,40.0,47.81,99.27250000000001,349.0,39859.0,22.1505,52.5,26.833589743589744,19.149511159526583,5.222065418116511,1226715.12,23490994.88
OUT0173,48.39,Critical,Critical,2,40.0,Low,2,3,"Inventory, Inventory Wastage, Marketing",Marketing Growth,Immediate management intervention required | Review inventory levels and replenishment | Reduce inventory wastage and improve stock rotation | Review marketing effectiveness and conversion performance,"Health: Critical | Risk Areas: Inventory, Inventory Wastage, Marketing | Recommendation: Immediate management intervention required | Review inventory levels and replenishment | Reduce inventory wastage and improve stock rotation | Review marketing effectiveness and conversion performance",,,,,,,,,,81.125,1,14,0,40.0,77.4975,96.64500000000001,939.0,14615.0,14.273249999999999,52.5,14.641621621621622,19.575572612106523,5.108407400463726,1960617.82,38380216.5
OUT0281,48.39,Critical,Critical,2,40.0,Low,2,3,"Inventory, Inventory Wastage, Marketing",Marketing Growth,Immediate management intervention required | Review inventory levels and replenishment | Reduce inventory wastage and improve stock rotation | Review marketing effectiveness and conversion performance,"Health: Critical | Risk Areas: Inventory, Inventory Wastage, Marketing | Recommendation: Immediate management intervention required | Review inventory levels and replenishment | Reduce inventory wastage and improve stock rotation | Review marketing effectiveness and conversion performance",,,,,,,,,,81.125,1,14,0,40.0,55.7,96.5025,2555.0,54234.0,19.8605,52.5,19.38153846153846,18.840878887773638,5.307608025912887,3510555.15,66141944.41
OUT0320,48.39,Critical,Critical,2,40.0,Low,2,3,"Inventory, Inventory Wastage, Marketing",Marketing Growth,Immediate management intervention required | Review inventory levels and replenishment | Reduce inventory wastage and improve stock rotation | Review marketing effectiveness and conversion performance,"Health: Critical | Risk Areas: Inventory, Inventory Wastage, Marketing | Recommendation: Immediate management intervention required | Review inventory levels and replenishment | Reduce inventory wastage and improve stock rotation | Review marketing effectiveness and conversion performance",,,,,,,,,,81.125,1,14,0,40.0,74.7125,98.05,910.0,25200.0,14.54425,52.5,31.585263157894737,18.93124095119964,5.282273901524833,1489361.79,28195466.91
OUT0360,48.39,Critical,Critical,2,40.0,Low,2,3,"Inventory, Inventory Wastage, Marketing",Marketing Growth,Immediate management intervention required | Review inventory levels and replenishment | Reduce inventory wastage and improve stock rotation | Review marketing effectiveness and conversion performance,"Health: Critical | Risk Areas: Inventory, Inventory Wastage, Marketing | Recommendation: Immediate management intervention required | Review inventory levels and replenishment | Reduce inventory wastage and improve stock rotation | Review marketing effectiveness and conversion performance",,,,,,,,,,81.125,1,14,0,40.0,71.81750000000001,98.2025,737.0,23789.0,14.95275,52.5,27.04275,18.837979393392988,5.308424959583129,2966458.28,55882079.95
OUT0435,48.39,Critical,Critical,2,40.0,Low,2,3,"Inventory, Inventory Wastage, Marketing",Marketing Growth,Immediate management intervention required | Review inventory levels and replenishment | Reduce inventory wastage and improve stock rotation | Review marketing effectiveness and conversion performance,"Health: Critical | Risk Areas: Inventory, Inventory Wastage, Marketing | Recommendation: Immediate management intervention required | Review inventory levels and replenishment | Reduce inventory wastage and improve stock rotation | Review marketing effectiveness and conversion performance",,,,,,,,,,81.125,1,14,0,40.0,61.675,98.00750000000001,1777.0,61243.0,17.1535,52.5,28.09263157894737,19.1900266277136,5.2110401897818805,7824006.34,150142890.0
OUT0449,48.39,Critical,Critical,2,40.0,Low,2,3,"Inventory, Inventory Wastage, Marketing",Marketing Growth,Immediate management intervention required | Review inventory levels and replenishment | Reduce inventory wastage and improve stock rotation | Review marketing effectiveness and conversion performance,"Health: Critical | Risk Areas: Inventory, Inventory Wastage, Marketing | Recommendation: Immediate management intervention required | Review inventory levels and replenishment | Reduce inventory wastage and improve stock rotation | Review marketing effectiveness and conversion performance",,,,,,,,,,81.125,1,14,0,40.0,66.885,99.3,65.0,5887.0,16.2915,52.5,12.220526315789474,20.26442429366724,4.934756524578429,198235.53,4017128.89
OUT0463,48.39,Critical,Critical,2,40.0,Low,2,3,"Inventory, Inventory Wastage, Marketing",Marketing Growth,Immediate management intervention required | Review inventory levels and replenishment | Reduce inventory wastage and improve stock rotation | Review marketing effectiveness and conversion performance,"Health: Critical | Risk Areas: Inventory, Inventory Wastage, Marketing | Recommendation: Immediate management intervention required | Review inventory levels and replenishment | Reduce inventory wastage and improve stock rotation | Review marketing effectiveness and conversion performance",,,,,,,,,,81.125,1,14,0,40.0,70.0725,96.66749999999999,4575.0,81957.0,15.822,52.5,28.03076923076923,18.969056554917827,5.271743468658407,9989823.02,189497517.84
OUT0555,48.39,Critical,Critical,2,40.0,Low,2,3,"Inventory, Inventory Wastage, Marketing",Marketing Growth,Immediate management intervention required | Review inventory levels and replenishment | Reduce inventory wastage and improve stock rotation | Review marketing effectiveness and conversion performance,"Health: Critical | Risk Areas: Inventory, Inventory Wastage, Marketing | Recommendation: Immediate management intervention required | Review inventory levels and replenishment | Reduce inventory wastage and improve stock rotation | Review marketing effectiveness and conversion performance",,,,,,,,,,81.125,1,14,0,40.0,82.5775,97.9625,573.0,12514.0,13.15325,52.5,16.2345,19.942283788159603,5.014470812985488,1928688.43,38462452.01
OUT0596,48.39,Critical,Critical,2,40.0,Low,2,3,"Inventory, Inventory Wastage, Marketing",Marketing Growth,Immediate management intervention required | Review inventory levels and replenishment | Reduce inventory wastage and improve stock rotation | Review marketing effectiveness and conversion performance,"Health: Critical | Risk Areas: Inventory, Inventory Wastage, Marketing | Recommendation: Immediate management intervention required | Review inventory levels and replenishment | Reduce inventory wastage and improve stock rotation | Review marketing effectiveness and conversion performance",,,,,,,,,,81.125,1,14,0,40.0,76.35499999999999,96.65,1088.0,16765.0,14.582249999999998,52.5,24.544615384615383,17.72621026480923,5.641363749279446,2854653.15,50602181.97
OUT0688,48.47,Critical,Critical,2,40.0,Low,2,3,"Inventory, Inventory Wastage, Marketing",Marketing Growth,Immediate management intervention required | Review inventory levels and replenishment | Reduce inventory wastage and improve stock rotation | Review marketing effectiveness and conversion performance,"Health: Critical | Risk Areas: Inventory, Inventory Wastage, Marketing | Recommendation: Immediate management intervention required | Review inventory levels and replenishment | Reduce inventory wastage and improve stock rotation | Review marketing effectiveness and conversion performance",,,,,,,,,,81.25,2,12,0,40.0,71.7125,96.61749999999999,679.0,11655.0,15.5785,52.5,10.787,19.908358717659016,5.023015780366589,1570060.09,31257319.48
OUT0559,48.55,Critical,Critical,2,40.0,Low,2,3,"Inventory, Inventory Wastage, Marketing",Marketing Growth,Immediate management intervention required | Review inventory levels and replenishment | Reduce inventory wastage and improve stock rotation | Review marketing effectiveness and conversion performance,"Health: Critical | Risk Areas: Inventory, Inventory Wastage, Marketing | Recommendation: Immediate management intervention required | Review inventory levels and replenishment | Reduce inventory wastage and improve stock rotation | Review marketing effectiveness and conversion performance",,,,,,,,,,81.375,3,10,0,40.0,75.53,99.3725,183.0,15585.0,14.49725,52.5,12.51421052631579,20.56046419073973,4.863703419937339,1287822.33,26478224.9
OUT0188,48.7,Critical,Critical,2,40.0,Low,2,3,"Inventory, Inventory Wastage, Marketing",Marketing Growth,Immediate management intervention required | Review inventory levels and replenishment | Reduce inventory wastage and improve stock rotation | Review marketing effectiveness and conversion performance,"Health: Critical | Risk Areas: Inventory, Inventory Wastage, Marketing | Recommendation: Immediate management intervention required | Review inventory levels and replenishment | Reduce inventory wastage and improve stock rotation | Review marketing effectiveness and conversion performance",,,,,,,,,,81.625,5,6,0,40.0,58.665,96.9125,609.0,14097.0,18.45025,52.5,18.17170731707317,18.2386138846144,5.482872801225168,1439438.03,26253354.44
OUT0068,49.02,Critical,Critical,2,40.0,Low,2,3,"Inventory, Inventory Wastage, Marketing",Marketing Growth,Immediate management intervention required | Review inventory levels and replenishment | Reduce inventory wastage and improve stock rotation | Review marketing effectiveness and conversion performance,"Health: Critical | Risk Areas: Inventory, Inventory Wastage, Marketing | Recommendation: Immediate management intervention required | Review inventory levels and replenishment | Reduce inventory wastage and improve stock rotation | Review marketing effectiveness and conversion performance",,,,,,,,,,82.125,2,11,0,40.0,64.435,96.63,2080.0,40335.0,17.426,52.5,17.2095,20.1749164106386,4.956650028411922,4890765.92,98670793.62
OUT0323,49.02,Critical,Critical,2,40.0,Low,2,3,"Inventory, Inventory Wastage, Marketing",Marketing Growth,Immediate management intervention required | Review inventory levels and replenishment | Reduce inventory wastage and improve stock rotation | Review marketing effectiveness and conversion performance,"Health: Critical | Risk Areas: Inventory, Inventory Wastage, Marketing | Recommendation: Immediate management intervention required | Review inventory levels and replenishment | Reduce inventory wastage and improve stock rotation | Review marketing effectiveness and conversion performance",,,,,,,,,,82.125,2,11,0,40.0,69.5025,96.595,1111.0,19275.0,15.98075,52.5,16.5215,19.94400919236072,5.014036999055517,2495376.4,49767809.86
OUT0396,49.02,Critical,Critical,2,40.0,Low,2,3,"Inventory, Inventory Wastage, Marketing",Marketing Growth,Immediate management intervention required | Review inventory levels and replenishment | Reduce inventory wastage and improve stock rotation | Review marketing effectiveness and conversion performance,"Health: Critical | Risk Areas: Inventory, Inventory Wastage, Marketing | Recommendation: Immediate management intervention required | Review inventory levels and replenishment | Reduce inventory wastage and improve stock rotation | Review marketing effectiveness and conversion performance",,,,,,,,,,82.125,2,11,0,40.0,79.2775,96.71000000000001,2183.0,32575.0,14.08075,52.5,18.88725,18.414448699358765,5.430518264903703,3961492.49,72948700.23
OUT0436,49.02,Critical,Critical,2,40.0,Low,2,3,"Inventory, Inventory Wastage, Marketing",Marketing Growth,Immediate management intervention required | Review inventory levels and replenishment | Reduce inventory wastage and improve stock rotation | Review marketing effectiveness and conversion performance,"Health: Critical | Risk Areas: Inventory, Inventory Wastage, Marketing | Recommendation: Immediate management intervention required | Review inventory levels and replenishment | Reduce inventory wastage and improve stock rotation | Review marketing effectiveness and conversion performance",,,,,,,,,,82.125,2,11,0,40.0,50.68,96.9875,1511.0,39542.0,20.924500000000002,52.5,17.597435897435897,19.571406023640247,5.109494937625344,3766349.76,73712760.38
OUT0446,49.02,Critical,Critical,2,40.0,Low,2,3,"Inventory, Inventory Wastage, Marketing",Marketing Growth,Immediate management intervention required | Review inventory levels and replenishment | Reduce inventory wastage and improve stock rotation | Review marketing effectiveness and conversion performance,"Health: Critical | Risk Areas: Inventory, Inventory Wastage, Marketing | Recommendation: Immediate management intervention required | Review inventory levels and replenishment | Reduce inventory wastage and improve stock rotation | Review marketing effectiveness and conversion performance",,,,,,,,,,82.125,2,11,0,40.0,71.35249999999999,96.88250000000001,1062.0,20062.0,15.69575,52.5,28.882564102564103,18.19581431426101,5.495769426577669,2857936.01,52002472.96
OUT0547,49.02,Critical,Critical,2,40.0,Low,2,3,"Inventory, Inventory Wastage, Marketing",Marketing Growth,Immediate management intervention required | Review inventory levels and replenishment | Reduce inventory wastage and improve stock rotation | Review marketing effectiveness and conversion performance,"Health: Critical | Risk Areas: Inventory, Inventory Wastage, Marketing | Recommendation: Immediate management intervention required | Review inventory levels and replenishment | Reduce inventory wastage and improve stock rotation | Review marketing effectiveness and conversion performance",,,,,,,,,,82.125,2,11,0,40.0,63.947500000000005,99.2775,231.0,20668.0,17.5445,52.5,18.06025,19.155111088148843,5.220538765858133,2328651.19,44605572.23
OUT0554,49.02,Critical,Critical,2,40.0,Low,2,3,"Inventory, Inventory Wastage, Marketing",Marketing Growth,Immediate management intervention required | Review inventory levels and replenishment | Reduce inventory wastage and improve stock rotation | Review marketing effectiveness and conversion performance,"Health: Critical | Risk Areas: Inventory, Inventory Wastage, Marketing | Recommendation: Immediate management intervention required | Review inventory levels and replenishment | Reduce inventory wastage and improve stock rotation | Review marketing effectiveness and conversion performance",,,,,,,,,,82.125,2,11,0,40.0,56.075,99.29249999999999,1010.0,104709.0,19.07525,52.5,30.513,18.659445033168254,5.359216194385425,6278712.89,117157298.05
OUT0663,49.02,Critical,Critical,2,40.0,Low,2,3,"Inventory, Inventory Wastage, Marketing",Marketing Growth,Immediate management intervention required | Review inventory levels and replenishment | Reduce inventory wastage and improve stock rotation | Review marketing effectiveness and conversion performance,"Health: Critical | Risk Areas: Inventory, Inventory Wastage, Marketing | Recommendation: Immediate management intervention required | Review inventory levels and replenishment | Reduce inventory wastage and improve stock rotation | Review marketing effectiveness and conversion performance",,,,,,,,,,82.125,2,11,0,40.0,44.11,97.0475,1386.0,39931.0,22.55,52.5,17.1365,21.481975369799223,4.655065387542832,1043010.58,22405927.59
OUT0739,49.02,Critical,Critical,2,40.0,Low,2,3,"Inventory, Inventory Wastage, Marketing",Marketing Growth,Immediate management intervention required | Review inventory levels and replenishment | Reduce inventory wastage and improve stock rotation | Review marketing effectiveness and conversion performance,"Health: Critical | Risk Areas: Inventory, Inventory Wastage, Marketing | Recommendation: Immediate management intervention required | Review inventory levels and replenishment | Reduce inventory wastage and improve stock rotation | Review marketing effectiveness and conversion performance",,,,,,,,,,82.125,2,11,0,40.0,72.9725,99.325,271.0,22529.0,14.826249999999998,52.5,11.724615384615385,20.134589505722623,4.966577539193344,3059695.76,61605718.14
OUT0150,49.09,Critical,Critical,2,40.0,Low,2,3,"Inventory, Inventory Wastage, Marketing",Marketing Growth,Immediate management intervention required | Review inventory levels and replenishment | Reduce inventory wastage and improve stock rotation | Review marketing effectiveness and conversion performance,"Health: Critical | Risk Areas: Inventory, Inventory Wastage, Marketing | Recommendation: Immediate management intervention required | Review inventory levels and replenishment | Reduce inventory wastage and improve stock rotation | Review marketing effectiveness and conversion performance",,,,,,,,,,82.25,3,9,0,40.0,42.4125,98.04249999999999,434.0,19347.0,23.6525,52.5,14.265,20.415033975962785,4.898350897566113,1391043.73,28398205.01
OUT0060,49.48,Critical,Critical,2,40.0,Low,2,3,"Inventory, Inventory Wastage, Marketing",Marketing Growth,Immediate management intervention required | Review inventory levels and replenishment | Reduce inventory wastage and improve stock rotation | Review marketing effectiveness and conversion performance,"Health: Critical | Risk Areas: Inventory, Inventory Wastage, Marketing | Recommendation: Immediate management intervention required | Review inventory levels and replenishment | Reduce inventory wastage and improve stock rotation | Review marketing effectiveness and conversion performance",,,,,,,,,,82.875,1,12,0,40.0,73.885,97.925,1430.0,38468.0,15.318000000000001,52.5,18.72410256410257,18.389231248161032,5.4379652227169775,2431219.55,44708258.52
OUT0560,49.48,Critical,Critical,2,40.0,Low,2,3,"Inventory, Inventory Wastage, Marketing",Marketing Growth,Immediate management intervention required | Review inventory levels and replenishment | Reduce inventory wastage and improve stock rotation | Review marketing effectiveness and conversion performance,"Health: Critical | Risk Areas: Inventory, Inventory Wastage, Marketing | Recommendation: Immediate management intervention required | Review inventory levels and replenishment | Reduce inventory wastage and improve stock rotation | Review marketing effectiveness and conversion performance",,,,,,,,,,82.875,1,12,0,40.0,79.7525,97.98249999999999,2952.0,68993.0,13.66625,52.5,31.03589743589744,18.519515449486224,5.39970931057887,12762141.87,236348683.53
OUT0659,49.48,Critical,Critical,2,40.0,Low,2,3,"Inventory, Inventory Wastage, Marketing",Marketing Growth,Immediate management intervention required | Review inventory levels and replenishment | Reduce inventory wastage and improve stock rotation | Review marketing effectiveness and conversion performance,"Health: Critical | Risk Areas: Inventory, Inventory Wastage, Marketing | Recommendation: Immediate management intervention required | Review inventory levels and replenishment | Reduce inventory wastage and improve stock rotation | Review marketing effectiveness and conversion performance",,,,,,,,,,82.875,1,12,0,35.0,44.0925,99.3375,44.0,5625.0,23.146250000000002,52.5,11.995405405405403,20.87611289792148,4.790163786188206,404295.84,8440125.6
OUT0108,49.56,Critical,Critical,2,40.0,Low,2,3,"Inventory, Inventory Wastage, Marketing",Marketing Growth,Immediate management intervention required | Review inventory levels and replenishment | Reduce inventory wastage and improve stock rotation | Review marketing effectiveness and conversion performance,"Health: Critical | Risk Areas: Inventory, Inventory Wastage, Marketing | Recommendation: Immediate management intervention required | Review inventory levels and replenishment | Reduce inventory wastage and improve stock rotation | Review marketing effectiveness and conversion performance",,,,,,,,,,83.0,2,10,0,40.0,69.33250000000001,96.91,3024.0,59961.0,15.696250000000001,52.5,21.415,18.828649959752408,5.31105523836054,7276534.62,137007323.28
OUT0317,49.56,Critical,Critical,2,40.0,Low,2,3,"Inventory, Inventory Wastage, Marketing",Marketing Growth,Immediate management intervention required | Review inventory levels and replenishment | Reduce inventory wastage and improve stock rotation | Review marketing effectiveness and conversion performance,"Health: Critical | Risk Areas: Inventory, Inventory Wastage, Marketing | Recommendation: Immediate management intervention required | Review inventory levels and replenishment | Reduce inventory wastage and improve stock rotation | Review marketing effectiveness and conversion performance",,,,,,,,,,83.0,2,10,0,40.0,75.525,99.20750000000001,898.0,60180.0,14.865,52.5,23.88026315789474,18.53155629534692,5.396200859023857,9686466.73,179505303.51
OUT0397,49.56,Critical,Critical,2,40.0,Low,2,3,"Inventory, Inventory Wastage, Marketing",Marketing Growth,Immediate management intervention required | Review inventory levels and replenishment | Reduce inventory wastage and improve stock rotation | Review marketing effectiveness and conversion performance,"Health: Critical | Risk Areas: Inventory, Inventory Wastage, Marketing | Recommendation: Immediate management intervention required | Review inventory levels and replenishment | Reduce inventory wastage and improve stock rotation | Review marketing effectiveness and conversion performance",,,,,,,,,,83.0,2,10,0,40.0,45.2025,99.31,301.0,37472.0,23.445500000000003,52.5,15.57342105263158,19.436597641070524,5.144933380145448,2322065.18,45133046.6
OUT0319,50.03,Needs Attention,Critical,2,40.0,Low,2,3,"Inventory, Inventory Wastage, Marketing",Marketing Growth,Immediate management intervention required | Review inventory levels and replenishment | Reduce inventory wastage and improve stock rotation | Review marketing effectiveness and conversion performance,"Health: Needs Attention | Risk Areas: Inventory, Inventory Wastage, Marketing | Recommendation: Immediate management intervention required | Review inventory levels and replenishment | Reduce inventory wastage and improve stock rotation | Review marketing effectiveness and conversion performance",,,,,,,,,,83.75,1,11,0,40.0,83.255,99.3025,125.0,7714.0,12.919749999999999,52.5,13.3445,19.869572920717985,5.032820805913251,1519953.15,30200819.95
OUT0344,50.03,Needs Attention,Critical,2,40.0,Low,2,3,"Inventory, Inventory Wastage, Marketing",Marketing Growth,Immediate management intervention required | Review inventory levels and replenishment | Reduce inventory wastage and improve stock rotation | Review marketing effectiveness and conversion performance,"Health: Needs Attention | Risk Areas: Inventory, Inventory Wastage, Marketing | Recommendation: Immediate management intervention required | Review inventory levels and replenishment | Reduce inventory wastage and improve stock rotation | Review marketing effectiveness and conversion performance",,,,,,,,,,83.75,1,11,0,40.0,67.6825,99.345,101.0,9534.0,16.4035,52.5,18.81,19.177914558336223,5.214331292165037,381049.93,7307743.0
OUT0356,50.03,Needs Attention,Critical,2,40.0,Low,2,3,"Inventory, Inventory Wastage, Marketing",Marketing Growth,Immediate management intervention required | Review inventory levels and replenishment | Reduce inventory wastage and improve stock rotation | Review marketing effectiveness and conversion performance,"Health: Needs Attention | Risk Areas: Inventory, Inventory Wastage, Marketing | Recommendation: Immediate management intervention required | Review inventory levels and replenishment | Reduce inventory wastage and improve stock rotation | Review marketing effectiveness and conversion performance",,,,,,,,,,83.75,1,11,0,40.0,81.55,96.4425,1020.0,12853.0,13.23,52.5,21.544210526315787,19.16057001314371,5.219051412948691,1077146.39,20638738.82
OUT0402,50.03,Needs Attention,Critical,2,40.0,Low,2,3,"Inventory, Inventory Wastage, Marketing",Marketing Growth,Immediate management intervention required | Review inventory levels and replenishment | Reduce inventory wastage and improve stock rotation | Review marketing effectiveness and conversion performance,"Health: Needs Attention | Risk Areas: Inventory, Inventory Wastage, Marketing | Recommendation: Immediate management intervention required | Review inventory levels and replenishment | Reduce inventory wastage and improve stock rotation | Review marketing effectiveness and conversion performance",,,,,,,,,,83.75,1,11,0,40.0,80.4425,99.2475,297.0,18316.0,14.516749999999998,52.5,17.715405405405406,19.68210346070006,5.080757765534232,1716089.49,33776250.89
OUT0405,50.03,Needs Attention,Critical,2,40.0,Low,2,3,"Inventory, Inventory Wastage, Marketing",Marketing Growth,Immediate management intervention required | Review inventory levels and replenishment | Reduce inventory wastage and improve stock rotation | Review marketing effectiveness and conversion performance,"Health: Needs Attention | Risk Areas: Inventory, Inventory Wastage, Marketing | Recommendation: Immediate management intervention required | Review inventory levels and replenishment | Reduce inventory wastage and improve stock rotation | Review marketing effectiveness and conversion performance",,,,,,,,,,83.75,1,11,0,40.0,66.015,98.00750000000001,539.0,17073.0,16.851,52.5,9.45675,19.574088536680616,5.108794711570159,1715202.32,33573522.07
OUT0414,50.03,Needs Attention,Critical,2,40.0,Low,2,3,"Inventory, Inventory Wastage, Marketing",Marketing Growth,Immediate management intervention required | Review inventory levels and replenishment | Reduce inventory wastage and improve stock rotation | Review marketing effectiveness and conversion performance,"Health: Needs Attention | Risk Areas: Inventory, Inventory Wastage, Marketing | Recommendation: Immediate management intervention required | Review inventory levels and replenishment | Reduce inventory wastage and improve stock rotation | Review marketing effectiveness and conversion performance",,,,,,,,,,83.75,1,11,0,40.0,51.5225,99.325,313.0,36785.0,20.98725,52.5,14.4315,19.59776662032038,5.102622249634954,2749943.53,53892751.52
OUT0459,50.03,Needs Attention,Critical,2,40.0,Low,2,3,"Inventory, Inventory Wastage, Marketing",Marketing Growth,Immediate management intervention required | Review inventory levels and replenishment | Reduce inventory wastage and improve stock rotation | Review marketing effectiveness and conversion performance,"Health: Needs Attention | Risk Areas: Inventory, Inventory Wastage, Marketing | Recommendation: Immediate management intervention required | Review inventory levels and replenishment | Reduce inventory wastage and improve stock rotation | Review marketing effectiveness and conversion performance",,,,,,,,,,83.75,1,11,0,40.0,82.16,99.2675,695.0,40943.0,13.5605,52.5,25.64552631578947,18.817034033664044,5.314333801017634,7791755.53,146617728.99
OUT0670,50.11,Needs Attention,Critical,2,40.0,Low,2,3,"Inventory, Inventory Wastage, Marketing",Marketing Growth,Immediate management intervention required | Review inventory levels and replenishment | Reduce inventory wastage and improve stock rotation | Review marketing effectiveness and conversion performance,"Health: Needs Attention | Risk Areas: Inventory, Inventory Wastage, Marketing | Recommendation: Immediate management intervention required | Review inventory levels and replenishment | Reduce inventory wastage and improve stock rotation | Review marketing effectiveness and conversion performance",,,,,,,,,,83.875,2,9,0,40.0,49.7875,98.1125,454.0,19180.0,21.84625,52.5,14.176750000000002,19.923994347840647,5.019073899247414,921644.22,18362834.23
OUT0056,50.19,Needs Attention,Critical,2,40.0,Low,2,3,"Inventory, Inventory Wastage, Marketing",Marketing Growth,Immediate management intervention required | Review inventory levels and replenishment | Reduce inventory wastage and improve stock rotation | Review marketing effectiveness and conversion performance,"Health: Needs Attention | Risk Areas: Inventory, Inventory Wastage, Marketing | Recommendation: Immediate management intervention required | Review inventory levels and replenishment | Reduce inventory wastage and improve stock rotation | Review marketing effectiveness and conversion performance",,,,,,,,,,84.0,3,7,0,40.0,47.8775,96.9425,1363.0,36844.0,22.37425,52.5,17.16,19.828928459177487,5.043136859658025,2558836.25,50738980.94
OUT0302,50.58,Needs Attention,Critical,2,40.0,Low,2,3,"Inventory, Inventory Wastage, Marketing",Marketing Growth,Immediate management intervention required | Review inventory levels and replenishment | Reduce inventory wastage and improve stock rotation | Review marketing effectiveness and conversion performance,"Health: Needs Attention | Risk Areas: Inventory, Inventory Wastage, Marketing | Recommendation: Immediate management intervention required | Review inventory levels and replenishment | Reduce inventory wastage and improve stock rotation | Review marketing effectiveness and conversion performance",,,,,,,,,,84.625,1,10,0,40.0,78.2375,99.29249999999999,116.0,8180.0,14.469,52.5,11.201282051282051,20.088269463745554,4.978029599835651,995784.57,20003588.77
OUT0409,50.58,Needs Attention,Critical,2,40.0,Low,2,3,"Inventory, Inventory Wastage, Marketing",Marketing Growth,Immediate management intervention required | Review inventory levels and replenishment | Reduce inventory wastage and improve stock rotation | Review marketing effectiveness and conversion performance,"Health: Needs Attention | Risk Areas: Inventory, Inventory Wastage, Marketing | Recommendation: Immediate management intervention required | Review inventory levels and replenishment | Reduce inventory wastage and improve stock rotation | Review marketing effectiveness and conversion performance",,,,,,,,,,84.625,1,10,0,40.0,82.8425,99.1525,134.0,6610.0,13.23125,52.5,20.414871794871797,18.847318715832984,5.305794500943704,1443905.33,27213743.95
OUT0598,51.12,Needs Attention,Critical,2,40.0,Low,2,3,"Inventory, Inventory Wastage, Marketing","Marketing Growth, Healthy Inventory",Immediate management intervention required | Review inventory levels and replenishment | Reduce inventory wastage and improve stock rotation | Review marketing effectiveness and conversion performance,"Health: Needs Attention | Risk Areas: Inventory, Inventory Wastage, Marketing | Recommendation: Immediate management intervention required | Review inventory levels and replenishment | Reduce inventory wastage and improve stock rotation | Review marketing effectiveness and conversion performance",,,,,,,,,,85.5,1,9,0,40.0,82.0325,96.9975,479.0,7231.0,13.98975,52.5,19.4885,19.188745327179568,5.211388149404262,1038548.36,19928439.99
OUT0391,51.67,Needs Attention,Critical,2,40.0,Low,2,3,"Inventory, Inventory Wastage, Marketing","Marketing Growth, Healthy Inventory",Immediate management intervention required | Review inventory levels and replenishment | Reduce inventory wastage and improve stock rotation | Review marketing effectiveness and conversion performance,"Health: Needs Attention | Risk Areas: Inventory, Inventory Wastage, Marketing | Recommendation: Immediate management intervention required | Review inventory levels and replenishment | Reduce inventory wastage and improve stock rotation | Review marketing effectiveness and conversion performance",,,,,,,,,,86.375,1,8,0,40.0,77.82000000000001,96.83,664.0,10757.0,14.73,52.5,13.071111111111112,20.23294732969065,4.942433663792321,1605701.6,32488075.9
OUT0243,58.09,Needs Attention,Critical,2,40.0,Low,1,3,"Inventory, Inventory Wastage, Inventory Overstock",Marketing Growth,Immediate management intervention required | Review inventory levels and replenishment | Reduce inventory wastage and improve stock rotation | Reduce excess inventory and avoid unnecessary replenishment,"Health: Needs Attention | Risk Areas: Inventory, Inventory Wastage, Inventory Overstock | Recommendation: Immediate management intervention required | Review inventory levels and replenishment | Reduce inventory wastage and improve stock rotation | Reduce excess inventory and avoid unnecessary replenishment",,,,,,,,,,73.75,3,18,1,40.0,44.847500000000004,96.8175,1651.0,44169.0,22.844,80.0,23.210833333333333,20.99530195912758,4.762970315677008,1638568.12,34402232.46
OUT0457,58.25,Needs Attention,Critical,2,40.0,Low,1,3,"Inventory, Inventory Wastage, Inventory Overstock",Marketing Growth,Immediate management intervention required | Review inventory levels and replenishment | Reduce inventory wastage and improve stock rotation | Reduce excess inventory and avoid unnecessary replenishment,"Health: Needs Attention | Risk Areas: Inventory, Inventory Wastage, Inventory Overstock | Recommendation: Immediate management intervention required | Review inventory levels and replenishment | Reduce inventory wastage and improve stock rotation | Reduce excess inventory and avoid unnecessary replenishment",,,,,,,,,,74.0,5,14,1,40.0,44.075,99.365,1013.0,136052.0,22.6135,80.0,30.94666666666667,20.598422661536866,4.854740658697549,9464048.68,194944474.8
OUT0532,61.45,Needs Attention,Critical,2,40.0,Low,1,3,"Inventory, Inventory Wastage, Inventory Overstock",Marketing Growth,Immediate management intervention required | Review inventory levels and replenishment | Reduce inventory wastage and improve stock rotation | Reduce excess inventory and avoid unnecessary replenishment,"Health: Needs Attention | Risk Areas: Inventory, Inventory Wastage, Inventory Overstock | Recommendation: Immediate management intervention required | Review inventory levels and replenishment | Reduce inventory wastage and improve stock rotation | Reduce excess inventory and avoid unnecessary replenishment",,,,,,,,,,79.125,4,10,1,40.0,46.275,99.3425,381.0,48765.0,22.430500000000002,80.0,21.36325,20.470749851711624,4.885018903772041,4790176.57,98058506.31
OUT0057,61.77,Needs Attention,Critical,2,40.0,Low,1,3,"Inventory, Inventory Wastage, Inventory Overstock",Marketing Growth,Immediate management intervention required | Review inventory levels and replenishment | Reduce inventory wastage and improve stock rotation | Reduce excess inventory and avoid unnecessary replenishment,"Health: Needs Attention | Risk Areas: Inventory, Inventory Wastage, Inventory Overstock | Recommendation: Immediate management intervention required | Review inventory levels and replenishment | Reduce inventory wastage and improve stock rotation | Reduce excess inventory and avoid unnecessary replenishment",,,,,,,,,,79.625,1,15,1,40.0,65.705,99.275,554.0,48609.0,16.632749999999998,80.0,18.030526315789476,20.26006649195364,4.935817956950704,1660429.48,33640411.67
OUT0699,68.64,Stable,Critical,2,40.0,Low,1,3,"Inventory, Inventory Wastage, Inventory Overstock",Marketing Growth,Immediate management intervention required | Review inventory levels and replenishment | Reduce inventory wastage and improve stock rotation | Reduce excess inventory and avoid unnecessary replenishment,"Health: Stable | Risk Areas: Inventory, Inventory Wastage, Inventory Overstock | Recommendation: Immediate management intervention required | Review inventory levels and replenishment | Reduce inventory wastage and improve stock rotation | Reduce excess inventory and avoid unnecessary replenishment",,,,,,,,,,83.125,1,11,1,40.0,48.04,99.2775,954.0,107763.0,22.6305,92.5,31.0548717948718,23.361150833350845,4.280611032964951,3094054.58,72280675.73
OUT0092,51.59,Needs Attention,High,2,40.0,Low,1,2,"Inventory Wastage, Marketing",Marketing Growth,Prioritize corrective action | Reduce inventory wastage and improve stock rotation | Review marketing effectiveness and conversion performance,"Health: Needs Attention | Risk Areas: Inventory Wastage, Marketing | Recommendation: Prioritize corrective action | Reduce inventory wastage and improve stock rotation | Review marketing effectiveness and conversion performance",,,,,,,,,,79.25,0,18,0,40.0,71.97,99.29249999999999,183.0,14883.0,14.45875,37.5,11.296410256410256,18.788686880896105,5.322351723348887,1122184.42,21084371.69
OUT0312,54.33,Needs Attention,High,2,40.0,Low,1,2,"Inventory Wastage, Marketing",Marketing Growth,Prioritize corrective action | Reduce inventory wastage and improve stock rotation | Review marketing effectiveness and conversion performance,"Health: Needs Attention | Risk Areas: Inventory Wastage, Marketing | Recommendation: Prioritize corrective action | Reduce inventory wastage and improve stock rotation | Review marketing effectiveness and conversion performance",,,,,,,,,,83.625,0,13,0,40.0,74.515,99.2775,201.0,15284.0,14.767500000000002,37.5,14.76525,18.6359293348416,5.365978707219108,2466074.71,45957594.03
OUT0170,55.03,Needs Attention,High,2,40.0,Low,1,2,"Inventory Wastage, Marketing",Marketing Growth,Prioritize corrective action | Reduce inventory wastage and improve stock rotation | Review marketing effectiveness and conversion performance,"Health: Needs Attention | Risk Areas: Inventory Wastage, Marketing | Recommendation: Prioritize corrective action | Reduce inventory wastage and improve stock rotation | Review marketing effectiveness and conversion performance",,,,,,,,,,75.75,0,22,0,40.0,40.5675,97.89500000000001,824.0,34994.0,24.30275,52.5,18.8275,18.492167697719918,5.407694848686128,1616878.99,29899597.43
OUT0415,55.58,Needs Attention,High,2,40.0,Low,1,2,"Inventory Wastage, Marketing",Marketing Growth,Prioritize corrective action | Reduce inventory wastage and improve stock rotation | Review marketing effectiveness and conversion performance,"Health: Needs Attention | Risk Areas: Inventory Wastage, Marketing | Recommendation: Prioritize corrective action | Reduce inventory wastage and improve stock rotation | Review marketing effectiveness and conversion performance",,,,,,,,,,76.625,0,21,0,40.0,43.269999999999996,98.14750000000001,717.0,33665.0,23.11,52.5,11.02051282051282,19.88762406391489,5.028252730372406,1454421.7,28924992.0
OUT0383,56.12,Needs Attention,High,2,40.0,Low,1,2,"Inventory Wastage, Marketing",Marketing Growth,Prioritize corrective action | Reduce inventory wastage and improve stock rotation | Review marketing effectiveness and conversion performance,"Health: Needs Attention | Risk Areas: Inventory Wastage, Marketing | Recommendation: Prioritize corrective action | Reduce inventory wastage and improve stock rotation | Review marketing effectiveness and conversion performance",,,,,,,,,,77.5,0,20,0,40.0,74.905,96.83,1021.0,17058.0,14.02825,52.5,17.4474358974359,20.529040964609752,4.8711481540901564,2510547.29,51539128.16
OUT0461,56.12,Needs Attention,High,2,40.0,Low,1,2,"Inventory Wastage, Marketing",Marketing Growth,Prioritize corrective action | Reduce inventory wastage and improve stock rotation | Review marketing effectiveness and conversion performance,"Health: Needs Attention | Risk Areas: Inventory Wastage, Marketing | Recommendation: Prioritize corrective action | Reduce inventory wastage and improve stock rotation | Review marketing effectiveness and conversion performance",,,,,,,,,,77.5,0,20,0,40.0,68.02000000000001,96.8025,866.0,16714.0,15.82875,52.5,18.921794871794877,19.114804213255024,5.231547175913825,2237452.03,42768457.49
OUT0458,56.33,Needs Attention,High,2,40.0,Low,1,2,"Inventory, Inventory Wastage",Marketing Growth,Prioritize corrective action | Review inventory levels and replenishment | Reduce inventory wastage and improve stock rotation,"Health: Needs Attention | Risk Areas: Inventory, Inventory Wastage | Recommendation: Prioritize corrective action | Review inventory levels and replenishment | Reduce inventory wastage and improve stock rotation",,,,,,,,,,66.125,7,20,0,40.0,58.4525,96.78999999999999,1452.0,32390.0,17.34525,80.0,24.189230769230768,21.14766650556005,4.72865410345432,1646859.72,34827240.14
OUT0038,57.22,Needs Attention,High,2,40.0,Low,1,2,"Inventory Wastage, Marketing",Marketing Growth,Prioritize corrective action | Reduce inventory wastage and improve stock rotation | Review marketing effectiveness and conversion performance,"Health: Needs Attention | Risk Areas: Inventory Wastage, Marketing | Recommendation: Prioritize corrective action | Reduce inventory wastage and improve stock rotation | Review marketing effectiveness and conversion performance",,,,,,,,,,79.25,0,18,0,40.0,73.2525,96.3075,1738.0,26153.0,14.77825,52.5,16.204,22.06502629812349,4.532058953788985,1006111.71,22199881.34
OUT0110,57.22,Needs Attention,High,2,40.0,Low,1,2,"Inventory Wastage, Marketing",Marketing Growth,Prioritize corrective action | Reduce inventory wastage and improve stock rotation | Review marketing effectiveness and conversion performance,"Health: Needs Attention | Risk Areas: Inventory Wastage, Marketing | Recommendation: Prioritize corrective action | Reduce inventory wastage and improve stock rotation | Review marketing effectiveness and conversion performance",,,,,,,,,,79.25,0,18,0,40.0,71.3425,98.02000000000001,1564.0,45688.0,15.2085,52.5,24.27875,17.712403122714964,5.645761295470785,2911070.69,51562057.58
OUT0193,57.22,Needs Attention,High,2,40.0,Low,1,2,"Inventory Wastage, Marketing",Marketing Growth,Prioritize corrective action | Reduce inventory wastage and improve stock rotation | Review marketing effectiveness and conversion performance,"Health: Needs Attention | Risk Areas: Inventory Wastage, Marketing | Recommendation: Prioritize corrective action | Reduce inventory wastage and improve stock rotation | Review marketing effectiveness and conversion performance",,,,,,,,,,79.25,0,18,0,40.0,67.0025,96.50750000000001,2001.0,36224.0,16.1815,52.5,17.18948717948718,20.803517649902386,4.806879378904905,2462902.29,51237031.26
OUT0200,57.22,Needs Attention,High,2,40.0,Low,1,2,"Inventory Wastage, Marketing",Marketing Growth,Prioritize corrective action | Reduce inventory wastage and improve stock rotation | Review marketing effectiveness and conversion performance,"Health: Needs Attention | Risk Areas: Inventory Wastage, Marketing | Recommendation: Prioritize corrective action | Reduce inventory wastage and improve stock rotation | Review marketing effectiveness and conversion performance",,,,,,,,,,79.25,0,18,0,40.0,78.1925,98.175,791.0,21459.0,13.76425,52.5,24.33575,19.00660079379662,5.261330055011101,1176938.75,22369604.98
OUT0610,57.22,Needs Attention,High,2,40.0,Low,1,2,"Inventory Wastage, Marketing",Marketing Growth,Prioritize corrective action | Reduce inventory wastage and improve stock rotation | Review marketing effectiveness and conversion performance,"Health: Needs Attention | Risk Areas: Inventory Wastage, Marketing | Recommendation: Prioritize corrective action | Reduce inventory wastage and improve stock rotation | Review marketing effectiveness and conversion performance",,,,,,,,,,79.25,0,18,0,40.0,76.7325,98.25750000000001,492.0,14147.0,13.970500000000001,52.5,11.151,20.516300513844968,4.874173096290788,1348099.22,27658008.72
OUT0650,57.22,Needs Attention,High,2,40.0,Low,1,2,"Inventory Wastage, Marketing",Marketing Growth,Prioritize corrective action | Reduce inventory wastage and improve stock rotation | Review marketing effectiveness and conversion performance,"Health: Needs Attention | Risk Areas: Inventory Wastage, Marketing | Recommendation: Prioritize corrective action | Reduce inventory wastage and improve stock rotation | Review marketing effectiveness and conversion performance",,,,,,,,,,79.25,0,18,0,40.0,77.41499999999999,97.85249999999999,409.0,9292.0,14.25075,52.5,10.89,20.923854512823667,4.779234148216462,895905.49,18745796.13
OUT0019,57.34,Needs Attention,High,2,40.0,Low,1,2,"Inventory, Inventory Wastage",Marketing Growth,Prioritize corrective action | Review inventory levels and replenishment | Reduce inventory wastage and improve stock rotation,"Health: Needs Attention | Risk Areas: Inventory, Inventory Wastage | Recommendation: Prioritize corrective action | Review inventory levels and replenishment | Reduce inventory wastage and improve stock rotation",,,,,,,,,,67.75,6,20,0,40.0,63.629999999999995,99.22999999999999,386.0,33775.0,15.0335,80.0,32.725641025641025,19.56909368413071,5.11009869001208,3711455.37,72629817.84
OUT0330,57.5,Needs Attention,High,2,40.0,Low,1,2,"Inventory, Inventory Wastage",Marketing Growth,Prioritize corrective action | Review inventory levels and replenishment | Reduce inventory wastage and improve stock rotation,"Health: Needs Attention | Risk Areas: Inventory, Inventory Wastage | Recommendation: Prioritize corrective action | Review inventory levels and replenishment | Reduce inventory wastage and improve stock rotation",,,,,,,,,,68.0,8,16,0,40.0,53.782500000000006,98.20750000000001,768.0,32865.0,18.57475,80.0,26.24475,19.603249346832044,5.101195124886802,2634942.48,51653434.45
OUT0030,57.77,Needs Attention,High,2,40.0,Low,1,2,"Inventory Wastage, Marketing",Marketing Growth,Prioritize corrective action | Reduce inventory wastage and improve stock rotation | Review marketing effectiveness and conversion performance,"Health: Needs Attention | Risk Areas: Inventory Wastage, Marketing | Recommendation: Prioritize corrective action | Reduce inventory wastage and improve stock rotation | Review marketing effectiveness and conversion performance",,,,,,,,,,80.125,0,17,0,40.0,62.432500000000005,98.0675,219.0,7624.0,17.17075,52.5,15.925,20.973101746142447,4.768011961721058,798288.25,16742580.69
OUT0613,57.77,Needs Attention,High,2,40.0,Low,1,2,"Inventory Wastage, Marketing",Marketing Growth,Prioritize corrective action | Reduce inventory wastage and improve stock rotation | Review marketing effectiveness and conversion performance,"Health: Needs Attention | Risk Areas: Inventory Wastage, Marketing | Recommendation: Prioritize corrective action | Reduce inventory wastage and improve stock rotation | Review marketing effectiveness and conversion performance",,,,,,,,,,80.125,0,17,0,40.0,73.84,96.80499999999999,2061.0,34820.0,14.69275,52.5,24.89948717948718,18.41270200364435,5.431033423568547,1586176.21,29205789.88
OUT0113,57.81,Needs Attention,High,2,40.0,Low,1,2,"Inventory, Inventory Wastage",Marketing Growth,Prioritize corrective action | Review inventory levels and replenishment | Reduce inventory wastage and improve stock rotation,"Health: Needs Attention | Risk Areas: Inventory, Inventory Wastage | Recommendation: Prioritize corrective action | Review inventory levels and replenishment | Reduce inventory wastage and improve stock rotation",,,,,,,,,,68.5,5,21,0,40.0,54.27,96.6925,721.0,16564.0,18.0955,80.0,23.1135,19.69716024474928,5.076873963426136,500458.27,9857606.74
OUT0654,58.31,Needs Attention,High,2,40.0,Low,1,2,"Inventory Wastage, Marketing",Marketing Growth,Prioritize corrective action | Reduce inventory wastage and improve stock rotation | Review marketing effectiveness and conversion performance,"Health: Needs Attention | Risk Areas: Inventory Wastage, Marketing | Recommendation: Prioritize corrective action | Reduce inventory wastage and improve stock rotation | Review marketing effectiveness and conversion performance",,,,,,,,,,81.0,0,16,0,40.0,78.63,99.315,434.0,31390.0,14.047749999999999,52.5,28.56815789473684,18.968135822990035,5.271999364259957,3864827.89,73308580.35
OUT0731,58.31,Needs Attention,High,2,40.0,Low,1,2,"Inventory Wastage, Marketing",Marketing Growth,Prioritize corrective action | Reduce inventory wastage and improve stock rotation | Review marketing effectiveness and conversion performance,"Health: Needs Attention | Risk Areas: Inventory Wastage, Marketing | Recommendation: Prioritize corrective action | Reduce inventory wastage and improve stock rotation | Review marketing effectiveness and conversion performance",,,,,,,,,,81.0,0,16,0,40.0,72.575,96.64750000000001,742.0,12452.0,15.126249999999999,52.5,18.82657894736842,18.20811570628689,5.492056488056701,1857642.88,33824176.5
OUT0503,58.86,Needs Attention,High,2,40.0,Low,1,2,"Inventory Wastage, Marketing",Marketing Growth,Prioritize corrective action | Reduce inventory wastage and improve stock rotation | Review marketing effectiveness and conversion performance,"Health: Needs Attention | Risk Areas: Inventory Wastage, Marketing | Recommendation: Prioritize corrective action | Reduce inventory wastage and improve stock rotation | Review marketing effectiveness and conversion performance",,,,,,,,,,81.875,0,15,0,40.0,82.015,97.0175,1435.0,20640.0,13.270750000000001,52.5,17.644878048780487,21.723161950633248,4.603381415065357,2673165.96,58069617.07
OUT0199,58.91,Needs Attention,High,2,40.0,Low,1,2,"Inventory, Inventory Wastage",Marketing Growth,Prioritize corrective action | Review inventory levels and replenishment | Reduce inventory wastage and improve stock rotation,"Health: Needs Attention | Risk Areas: Inventory, Inventory Wastage | Recommendation: Prioritize corrective action | Review inventory levels and replenishment | Reduce inventory wastage and improve stock rotation",,,,,,,,,,70.25,5,19,0,40.0,50.975,99.2875,478.0,53072.0,19.64775,80.0,19.53794871794872,21.215079895298462,4.713628253748,5580861.56,118398423.88
OUT0373,58.98,Needs Attention,High,2,40.0,Low,1,2,"Inventory, Inventory Wastage",Marketing Growth,Prioritize corrective action | Review inventory levels and replenishment | Reduce inventory wastage and improve stock rotation,"Health: Needs Attention | Risk Areas: Inventory, Inventory Wastage | Recommendation: Prioritize corrective action | Review inventory levels and replenishment | Reduce inventory wastage and improve stock rotation",,,,,,,,,,70.375,6,17,0,40.0,53.77,96.63250000000001,2884.0,64749.0,19.183,80.0,20.56475,20.54539117248561,4.867271650389408,3978065.45,81730910.78
OUT0543,58.98,Needs Attention,High,2,40.0,Low,1,2,"Inventory, Inventory Wastage",Marketing Growth,Prioritize corrective action | Review inventory levels and replenishment | Reduce inventory wastage and improve stock rotation,"Health: Needs Attention | Risk Areas: Inventory, Inventory Wastage | Recommendation: Prioritize corrective action | Review inventory levels and replenishment | Reduce inventory wastage and improve stock rotation",,,,,,,,,,70.375,6,17,0,40.0,42.11,96.545,2757.0,69604.0,22.4525,80.0,21.116153846153846,20.76881426799932,4.814911371906312,1822349.4,37848036.22
OUT0714,59.14,Needs Attention,High,2,40.0,Low,1,2,"Inventory, Inventory Wastage",Marketing Growth,Prioritize corrective action | Review inventory levels and replenishment | Reduce inventory wastage and improve stock rotation,"Health: Needs Attention | Risk Areas: Inventory, Inventory Wastage | Recommendation: Prioritize corrective action | Review inventory levels and replenishment | Reduce inventory wastage and improve stock rotation",,,,,,,,,,70.625,8,13,0,40.0,62.81,99.2475,507.0,44666.0,16.228749999999998,80.0,27.113333333333337,19.55209016473553,5.114542698885545,3848663.87,75249423.0
OUT0450,59.22,Needs Attention,High,2,40.0,Low,1,2,"Inventory, Inventory Wastage",Marketing Growth,Prioritize corrective action | Review inventory levels and replenishment | Reduce inventory wastage and improve stock rotation,"Health: Needs Attention | Risk Areas: Inventory, Inventory Wastage | Recommendation: Prioritize corrective action | Review inventory levels and replenishment | Reduce inventory wastage and improve stock rotation",,,,,,,,,,70.75,2,24,0,40.0,47.6925,97.9375,875.0,34863.0,20.8035,80.0,22.385128205128204,21.01212222701023,4.759157543422913,2300236.58,48332852.17
OUT0513,59.38,Needs Attention,High,2,40.0,Low,1,2,"Inventory, Inventory Wastage",Marketing Growth,Prioritize corrective action | Review inventory levels and replenishment | Reduce inventory wastage and improve stock rotation,"Health: Needs Attention | Risk Areas: Inventory, Inventory Wastage | Recommendation: Prioritize corrective action | Review inventory levels and replenishment | Reduce inventory wastage and improve stock rotation",,,,,,,,,,71.0,4,20,0,40.0,65.3275,96.7325,2710.0,52714.0,15.38625,80.0,21.68230769230769,20.60857411238214,4.852349291837592,6295483.38,129740935.81
OUT0542,59.38,Needs Attention,High,2,40.0,Low,1,2,"Inventory, Inventory Wastage",Marketing Growth,Prioritize corrective action | Review inventory levels and replenishment | Reduce inventory wastage and improve stock rotation,"Health: Needs Attention | Risk Areas: Inventory, Inventory Wastage | Recommendation: Prioritize corrective action | Review inventory levels and replenishment | Reduce inventory wastage and improve stock rotation",,,,,,,,,,71.0,4,20,0,40.0,36.265,99.3,859.0,115616.0,25.42125,80.0,27.585897435897436,19.395908752810342,5.15572646141216,3757401.42,72878215.09
OUT0179,59.41,Needs Attention,High,2,40.0,Low,1,2,"Inventory Wastage, Marketing",Marketing Growth,Prioritize corrective action | Reduce inventory wastage and improve stock rotation | Review marketing effectiveness and conversion performance,"Health: Needs Attention | Risk Areas: Inventory Wastage, Marketing | Recommendation: Prioritize corrective action | Reduce inventory wastage and improve stock rotation | Review marketing effectiveness and conversion performance",,,,,,,,,,82.75,0,14,0,40.0,81.52000000000001,99.3175,606.0,39067.0,13.4235,52.5,24.034358974358977,19.08555295433305,5.239565248084506,7774955.35,148389322.05
OUT0325,59.41,Needs Attention,High,2,40.0,Low,1,2,"Inventory Wastage, Marketing",Marketing Growth,Prioritize corrective action | Reduce inventory wastage and improve stock rotation | Review marketing effectiveness and conversion performance,"Health: Needs Attention | Risk Areas: Inventory Wastage, Marketing | Recommendation: Prioritize corrective action | Reduce inventory wastage and improve stock rotation | Review marketing effectiveness and conversion performance",,,,,,,,,,82.75,0,14,0,40.0,83.03999999999999,97.995,330.0,7087.0,13.101750000000001,52.5,13.343157894736844,20.912341041443344,4.781865397174975,1030944.03,21559453.15
OUT0496,59.41,Needs Attention,High,2,40.0,Low,1,2,"Inventory Wastage, Marketing",Marketing Growth,Prioritize corrective action | Reduce inventory wastage and improve stock rotation | Review marketing effectiveness and conversion performance,"Health: Needs Attention | Risk Areas: Inventory Wastage, Marketing | Recommendation: Prioritize corrective action | Reduce inventory wastage and improve stock rotation | Review marketing effectiveness and conversion performance",,,,,,,,,,82.75,0,14,0,40.0,61.2375,96.74,2418.0,51507.0,17.84,52.5,20.36975,18.21088570298349,5.491221109779246,5794435.15,105521796.23
OUT0028,59.45,Needs Attention,High,2,40.0,Low,1,2,"Inventory, Inventory Wastage",Marketing Growth,Prioritize corrective action | Review inventory levels and replenishment | Reduce inventory wastage and improve stock rotation,"Health: Needs Attention | Risk Areas: Inventory, Inventory Wastage | Recommendation: Prioritize corrective action | Review inventory levels and replenishment | Reduce inventory wastage and improve stock rotation",,,,,,,,,,71.125,5,18,0,40.0,65.96000000000001,96.91749999999999,4764.0,95749.0,15.80975,80.0,32.96690476190476,20.385774493504403,4.9053814478259525,10302560.97,210025684.64
OUT0428,59.45,Needs Attention,High,2,40.0,Low,1,2,"Inventory, Inventory Wastage",Marketing Growth,Prioritize corrective action | Review inventory levels and replenishment | Reduce inventory wastage and improve stock rotation,"Health: Needs Attention | Risk Areas: Inventory, Inventory Wastage | Recommendation: Prioritize corrective action | Review inventory levels and replenishment | Reduce inventory wastage and improve stock rotation",,,,,,,,,,71.125,5,18,0,40.0,65.985,96.82000000000001,2118.0,41359.0,15.482499999999998,80.0,21.3785,20.851579749511888,4.795799704448815,3570617.34,74453012.22
OUT0001,59.53,Needs Attention,High,2,40.0,Low,1,2,"Inventory, Inventory Wastage",Marketing Growth,Prioritize corrective action | Review inventory levels and replenishment | Reduce inventory wastage and improve stock rotation,"Health: Needs Attention | Risk Areas: Inventory, Inventory Wastage | Recommendation: Prioritize corrective action | Review inventory levels and replenishment | Reduce inventory wastage and improve stock rotation",,,,,,,,,,71.25,6,16,0,40.0,41.197500000000005,96.5625,1266.0,32999.0,23.075,80.0,25.142894736842106,21.18966194535099,4.719282462264104,2926886.83,62019742.48
OUT0468,59.53,Needs Attention,High,2,40.0,Low,1,2,"Inventory, Inventory Wastage",Marketing Growth,Prioritize corrective action | Review inventory levels and replenishment | Reduce inventory wastage and improve stock rotation,"Health: Needs Attention | Risk Areas: Inventory, Inventory Wastage | Recommendation: Prioritize corrective action | Review inventory levels and replenishment | Reduce inventory wastage and improve stock rotation",,,,,,,,,,71.25,6,16,0,40.0,63.335,96.69500000000001,2243.0,45034.0,16.5075,80.0,33.799268292682925,19.69798485962945,5.076661430730795,6216121.31,122445063.45
OUT0416,59.61,Needs Attention,High,2,40.0,Low,1,2,"Inventory, Inventory Wastage",Marketing Growth,Prioritize corrective action | Review inventory levels and replenishment | Reduce inventory wastage and improve stock rotation,"Health: Needs Attention | Risk Areas: Inventory, Inventory Wastage | Recommendation: Prioritize corrective action | Review inventory levels and replenishment | Reduce inventory wastage and improve stock rotation",,,,,,,,,,71.375,7,14,0,40.0,67.42,96.9375,1353.0,27076.0,16.106,80.0,20.81736842105263,19.68918005781044,5.078931662282774,3474002.48,68400260.35
OUT0519,59.61,Needs Attention,High,2,40.0,Low,1,2,"Inventory, Inventory Wastage",Marketing Growth,Prioritize corrective action | Review inventory levels and replenishment | Reduce inventory wastage and improve stock rotation,"Health: Needs Attention | Risk Areas: Inventory, Inventory Wastage | Recommendation: Prioritize corrective action | Review inventory levels and replenishment | Reduce inventory wastage and improve stock rotation",,,,,,,,,,71.375,7,14,0,40.0,55.3,99.29249999999999,544.0,56186.0,19.03975,80.0,19.97205128205128,19.5490635254366,5.115334546326645,3783775.49,73969267.42
OUT0369,59.69,Needs Attention,High,2,40.0,Low,1,2,"Inventory, Inventory Wastage",Marketing Growth,Prioritize corrective action | Review inventory levels and replenishment | Reduce inventory wastage and improve stock rotation,"Health: Needs Attention | Risk Areas: Inventory, Inventory Wastage | Recommendation: Prioritize corrective action | Review inventory levels and replenishment | Reduce inventory wastage and improve stock rotation",,,,,,,,,,71.5,8,12,0,40.0,40.394999999999996,99.21000000000001,492.0,54870.0,24.65875,80.0,31.229750000000003,19.738069901736413,5.066351497275968,3071644.44,60628332.67
OUT0255,59.84,Needs Attention,High,2,40.0,Low,1,2,"Inventory, Inventory Wastage",Marketing Growth,Prioritize corrective action | Review inventory levels and replenishment | Reduce inventory wastage and improve stock rotation,"Health: Needs Attention | Risk Areas: Inventory, Inventory Wastage | Recommendation: Prioritize corrective action | Review inventory levels and replenishment | Reduce inventory wastage and improve stock rotation",,,,,,,,,,71.75,3,21,0,40.0,60.605,97.9275,980.0,32345.0,16.79825,80.0,17.993000000000002,22.28555814374675,4.487210926241022,2848982.38,63491162.48
OUT0597,59.84,Needs Attention,High,2,40.0,Low,1,2,"Inventory, Inventory Wastage",Marketing Growth,Prioritize corrective action | Review inventory levels and replenishment | Reduce inventory wastage and improve stock rotation,"Health: Needs Attention | Risk Areas: Inventory, Inventory Wastage | Recommendation: Prioritize corrective action | Review inventory levels and replenishment | Reduce inventory wastage and improve stock rotation",,,,,,,,,,71.75,3,21,0,40.0,58.504999999999995,99.315,700.0,71537.0,17.798,80.0,26.71315789473684,19.48052760444331,5.133331192590031,8367046.29,162994476.22
OUT0712,59.84,Needs Attention,High,2,40.0,Low,1,2,"Inventory, Inventory Wastage",Marketing Growth,Prioritize corrective action | Review inventory levels and replenishment | Reduce inventory wastage and improve stock rotation,"Health: Needs Attention | Risk Areas: Inventory, Inventory Wastage | Recommendation: Prioritize corrective action | Review inventory levels and replenishment | Reduce inventory wastage and improve stock rotation",,,,,,,,,,71.75,3,21,0,40.0,58.2925,99.22749999999999,1018.0,94317.0,17.67875,80.0,31.94846153846154,19.36661940086048,5.1635237895756285,6020003.81,116587122.58
OUT0309,59.92,Needs Attention,High,2,40.0,Low,1,2,"Inventory, Inventory Wastage",Marketing Growth,Prioritize corrective action | Review inventory levels and replenishment | Reduce inventory wastage and improve stock rotation,"Health: Needs Attention | Risk Areas: Inventory, Inventory Wastage | Recommendation: Prioritize corrective action | Review inventory levels and replenishment | Reduce inventory wastage and improve stock rotation",,,,,,,,,,71.875,4,19,0,40.0,50.295,99.275,175.0,19303.0,20.674500000000002,80.0,24.07871794871795,20.225946221655395,4.944144461974917,1112883.27,22509117.17
OUT0690,59.92,Needs Attention,High,2,40.0,Low,1,2,"Inventory, Inventory Wastage",Marketing Growth,Prioritize corrective action | Review inventory levels and replenishment | Reduce inventory wastage and improve stock rotation,"Health: Needs Attention | Risk Areas: Inventory, Inventory Wastage | Recommendation: Prioritize corrective action | Review inventory levels and replenishment | Reduce inventory wastage and improve stock rotation",,,,,,,,,,71.875,4,19,0,40.0,67.0775,97.9525,2776.0,83148.0,15.882,80.0,29.7445,20.57727047949533,4.8597310367109765,8860853.97,182332188.82
OUT0494,59.95,Needs Attention,High,2,40.0,Low,1,2,"Inventory Wastage, Marketing",Marketing Growth,Prioritize corrective action | Reduce inventory wastage and improve stock rotation | Review marketing effectiveness and conversion performance,"Health: Needs Attention | Risk Areas: Inventory Wastage, Marketing | Recommendation: Prioritize corrective action | Reduce inventory wastage and improve stock rotation | Review marketing effectiveness and conversion performance",,,,,,,,,,83.625,0,13,0,40.0,70.6575,99.25,205.0,16369.0,15.60575,52.5,11.974358974358974,19.564008627836788,5.111426901423172,1965762.73,38458199.01
OUT0557,59.95,Needs Attention,High,2,40.0,Low,1,2,"Inventory Wastage, Marketing",Marketing Growth,Prioritize corrective action | Reduce inventory wastage and improve stock rotation | Review marketing effectiveness and conversion performance,"Health: Needs Attention | Risk Areas: Inventory Wastage, Marketing | Recommendation: Prioritize corrective action | Reduce inventory wastage and improve stock rotation | Review marketing effectiveness and conversion performance",,,,,,,,,,83.625,0,13,0,40.0,73.59,99.3575,280.0,24122.0,14.84775,52.5,12.354615384615384,19.86485876806381,5.034015150450868,1882201.06,37389658.23
OUT0720,59.95,Needs Attention,High,2,40.0,Low,1,2,"Inventory Wastage, Marketing",Marketing Growth,Prioritize corrective action | Reduce inventory wastage and improve stock rotation | Review marketing effectiveness and conversion performance,"Health: Needs Attention | Risk Areas: Inventory Wastage, Marketing | Recommendation: Prioritize corrective action | Reduce inventory wastage and improve stock rotation | Review marketing effectiveness and conversion performance",,,,,,,,,,83.625,0,13,0,40.0,70.47999999999999,97.9825,546.0,16060.0,15.67175,52.5,15.313421052631575,19.34718155306893,5.168711511064389,936558.17,18119760.95
OUT0392,60.08,Needs Attention,High,2,40.0,Low,1,2,"Inventory, Inventory Wastage",Marketing Growth,Prioritize corrective action | Review inventory levels and replenishment | Reduce inventory wastage and improve stock rotation,"Health: Needs Attention | Risk Areas: Inventory, Inventory Wastage | Recommendation: Prioritize corrective action | Review inventory levels and replenishment | Reduce inventory wastage and improve stock rotation",,,,,,,,,,72.125,6,15,0,40.0,44.735,99.28,180.0,21046.0,22.0715,80.0,19.263589743589744,20.765521015214286,4.815674980017739,883195.61,18340017.0
OUT0575,60.39,Needs Attention,High,2,40.0,Low,1,2,"Inventory, Inventory Wastage",Marketing Growth,Prioritize corrective action | Review inventory levels and replenishment | Reduce inventory wastage and improve stock rotation,"Health: Needs Attention | Risk Areas: Inventory, Inventory Wastage | Recommendation: Prioritize corrective action | Review inventory levels and replenishment | Reduce inventory wastage and improve stock rotation",,,,,,,,,,72.625,3,20,0,40.0,40.792500000000004,97.9725,732.0,32469.0,23.983,80.0,21.167894736842104,19.501940190554603,5.127694938190464,2888767.8,56336576.86
OUT0599,60.39,Needs Attention,High,2,40.0,Low,1,2,"Inventory, Inventory Wastage",Marketing Growth,Prioritize corrective action | Review inventory levels and replenishment | Reduce inventory wastage and improve stock rotation,"Health: Needs Attention | Risk Areas: Inventory, Inventory Wastage | Recommendation: Prioritize corrective action | Review inventory levels and replenishment | Reduce inventory wastage and improve stock rotation",,,,,,,,,,72.625,3,20,0,40.0,60.629999999999995,99.3275,338.0,34624.0,16.25875,80.0,26.20775,20.52668510936641,4.871707217565762,1098049.65,22539319.4
OUT0413,60.47,Needs Attention,High,2,40.0,Low,1,2,"Inventory, Inventory Wastage",Marketing Growth,Prioritize corrective action | Review inventory levels and replenishment | Reduce inventory wastage and improve stock rotation,"Health: Needs Attention | Risk Areas: Inventory, Inventory Wastage | Recommendation: Prioritize corrective action | Review inventory levels and replenishment | Reduce inventory wastage and improve stock rotation",,,,,,,,,,72.75,4,18,0,40.0,49.275,96.9625,2872.0,76681.0,19.981,80.0,30.31820512820513,19.69572785432197,5.077243183884485,7658940.37,150848405.18
OUT0426,60.47,Needs Attention,High,2,40.0,Low,1,2,"Inventory, Inventory Wastage",Marketing Growth,Prioritize corrective action | Review inventory levels and replenishment | Reduce inventory wastage and improve stock rotation,"Health: Needs Attention | Risk Areas: Inventory, Inventory Wastage | Recommendation: Prioritize corrective action | Review inventory levels and replenishment | Reduce inventory wastage and improve stock rotation",,,,,,,,,,72.75,4,18,0,40.0,45.6825,96.7225,1961.0,50525.0,21.081,80.0,19.192564102564106,19.38994371196967,5.157312547445337,3921679.24,76041139.72
OUT0644,60.47,Needs Attention,High,2,40.0,Low,1,2,"Inventory, Inventory Wastage",Marketing Growth,Prioritize corrective action | Review inventory levels and replenishment | Reduce inventory wastage and improve stock rotation,"Health: Needs Attention | Risk Areas: Inventory, Inventory Wastage | Recommendation: Prioritize corrective action | Review inventory levels and replenishment | Reduce inventory wastage and improve stock rotation",,,,,,,,,,72.75,4,18,0,40.0,56.0025,99.2125,924.0,87280.0,18.564500000000002,80.0,24.428,19.83530733355877,5.04151502764028,3276834.31,64997015.62
OUT0667,60.47,Needs Attention,High,2,40.0,Low,1,2,"Inventory, Inventory Wastage",Marketing Growth,Prioritize corrective action | Review inventory levels and replenishment | Reduce inventory wastage and improve stock rotation,"Health: Needs Attention | Risk Areas: Inventory, Inventory Wastage | Recommendation: Prioritize corrective action | Review inventory levels and replenishment | Reduce inventory wastage and improve stock rotation",,,,,,,,,,72.75,4,18,0,40.0,57.5375,99.3175,1216.0,130595.0,17.7315,80.0,32.26289473684211,19.97025627603263,5.007447006076499,10744016.8,214560768.93
OUT0676,60.47,Needs Attention,High,2,40.0,Low,1,2,"Inventory, Inventory Wastage",Marketing Growth,Prioritize corrective action | Review inventory levels and replenishment | Reduce inventory wastage and improve stock rotation,"Health: Needs Attention | Risk Areas: Inventory, Inventory Wastage | Recommendation: Prioritize corrective action | Review inventory levels and replenishment | Reduce inventory wastage and improve stock rotation",,,,,,,,,,72.75,4,18,0,40.0,65.08250000000001,96.635,1306.0,25357.0,15.925999999999998,80.0,27.70948717948718,20.687144570203436,4.8339199090837415,1679341.83,34740787.22
OUT0222,60.55,Needs Attention,High,2,40.0,Low,1,2,"Inventory, Inventory Wastage",Marketing Growth,Prioritize corrective action | Review inventory levels and replenishment | Reduce inventory wastage and improve stock rotation,"Health: Needs Attention | Risk Areas: Inventory, Inventory Wastage | Recommendation: Prioritize corrective action | Review inventory levels and replenishment | Reduce inventory wastage and improve stock rotation",,,,,,,,,,72.875,5,16,0,40.0,58.94,99.2125,738.0,67517.0,17.75525,80.0,36.45666666666666,19.728479973512638,5.068814228681558,5107159.49,100756493.72
OUT0296,60.55,Needs Attention,High,2,40.0,Low,1,2,"Inventory, Inventory Wastage",Marketing Growth,Prioritize corrective action | Review inventory levels and replenishment | Reduce inventory wastage and improve stock rotation,"Health: Needs Attention | Risk Areas: Inventory, Inventory Wastage | Recommendation: Prioritize corrective action | Review inventory levels and replenishment | Reduce inventory wastage and improve stock rotation",,,,,,,,,,72.875,5,16,0,40.0,60.364999999999995,96.83500000000001,1960.0,43528.0,17.364250000000002,80.0,26.26736842105263,20.110262637709816,4.972585480434488,1867195.31,37549788.08
OUT0687,60.55,Needs Attention,High,2,40.0,Low,1,2,"Inventory, Inventory Wastage",Marketing Growth,Prioritize corrective action | Review inventory levels and replenishment | Reduce inventory wastage and improve stock rotation,"Health: Needs Attention | Risk Areas: Inventory, Inventory Wastage | Recommendation: Prioritize corrective action | Review inventory levels and replenishment | Reduce inventory wastage and improve stock rotation",,,,,,,,,,72.875,5,16,0,40.0,51.815,99.315,361.0,40699.0,19.638749999999998,80.0,24.289250000000003,20.42773475468958,4.895305387546363,2268969.05,46349897.92
OUT0691,60.55,Needs Attention,High,2,40.0,Low,1,2,"Inventory, Inventory Wastage",Marketing Growth,Prioritize corrective action | Review inventory levels and replenishment | Reduce inventory wastage and improve stock rotation,"Health: Needs Attention | Risk Areas: Inventory, Inventory Wastage | Recommendation: Prioritize corrective action | Review inventory levels and replenishment | Reduce inventory wastage and improve stock rotation",,,,,,,,,,72.875,5,16,0,40.0,72.45750000000001,96.86,1885.0,32319.0,14.31025,80.0,19.41684210526316,20.7819139060816,4.811876348440461,3745031.31,77828918.26
OUT0122,60.62,Needs Attention,High,2,40.0,Low,1,2,"Inventory, Inventory Wastage",Marketing Growth,Prioritize corrective action | Review inventory levels and replenishment | Reduce inventory wastage and improve stock rotation,"Health: Needs Attention | Risk Areas: Inventory, Inventory Wastage | Recommendation: Prioritize corrective action | Review inventory levels and replenishment | Reduce inventory wastage and improve stock rotation",,,,,,,,,,73.0,6,14,0,40.0,62.835,99.295,281.0,26052.0,16.252000000000002,80.0,22.34230769230769,21.94643905257825,4.556547864572685,2112159.24,46354374.03
OUT0345,60.62,Needs Attention,High,2,40.0,Low,1,2,"Inventory, Inventory Wastage",Marketing Growth,Prioritize corrective action | Review inventory levels and replenishment | Reduce inventory wastage and improve stock rotation,"Health: Needs Attention | Risk Areas: Inventory, Inventory Wastage | Recommendation: Prioritize corrective action | Review inventory levels and replenishment | Reduce inventory wastage and improve stock rotation",,,,,,,,,,73.0,6,14,0,40.0,70.6275,98.0775,805.0,24238.0,14.5095,80.0,21.83825,20.36627174958516,4.910078841604228,1010641.69,20583003.3
OUT0376,60.62,Needs Attention,High,2,40.0,Low,1,2,"Inventory, Inventory Wastage",Marketing Growth,Prioritize corrective action | Review inventory levels and replenishment | Reduce inventory wastage and improve stock rotation,"Health: Needs Attention | Risk Areas: Inventory, Inventory Wastage | Recommendation: Prioritize corrective action | Review inventory levels and replenishment | Reduce inventory wastage and improve stock rotation",,,,,,,,,,73.0,6,14,0,40.0,42.2875,96.97749999999999,2088.0,60210.0,23.29925,80.0,19.204615384615384,19.84412813331562,5.039274052666162,2962819.14,58794562.65
OUT0014,60.78,Needs Attention,High,2,40.0,Low,1,2,"Inventory, Inventory Wastage",Marketing Growth,Prioritize corrective action | Review inventory levels and replenishment | Reduce inventory wastage and improve stock rotation,"Health: Needs Attention | Risk Areas: Inventory, Inventory Wastage | Recommendation: Prioritize corrective action | Review inventory levels and replenishment | Reduce inventory wastage and improve stock rotation",,,,,,,,,,73.25,1,23,0,40.0,65.815,99.2875,216.0,19233.0,15.397499999999999,80.0,19.74525,20.916925201676648,4.7808174019757095,2564597.86,53643501.61
OUT0541,60.78,Needs Attention,High,2,40.0,Low,1,2,"Inventory, Inventory Wastage",Marketing Growth,Prioritize corrective action | Review inventory levels and replenishment | Reduce inventory wastage and improve stock rotation,"Health: Needs Attention | Risk Areas: Inventory, Inventory Wastage | Recommendation: Prioritize corrective action | Review inventory levels and replenishment | Reduce inventory wastage and improve stock rotation",,,,,,,,,,73.25,1,23,0,40.0,65.3725,96.83,1653.0,33532.0,16.1605,80.0,24.31410256410257,22.18109316718332,4.508344076925338,2263857.75,50214839.67
OUT0008,60.94,Needs Attention,High,2,40.0,Low,1,2,"Inventory, Inventory Wastage",Marketing Growth,Prioritize corrective action | Review inventory levels and replenishment | Reduce inventory wastage and improve stock rotation,"Health: Needs Attention | Risk Areas: Inventory, Inventory Wastage | Recommendation: Prioritize corrective action | Review inventory levels and replenishment | Reduce inventory wastage and improve stock rotation",,,,,,,,,,73.5,3,19,0,40.0,64.69,96.94,712.0,15054.0,15.77425,80.0,20.517692307692307,19.49192460050202,5.130329716000669,1568470.39,30572506.58
OUT0669,60.94,Needs Attention,High,2,40.0,Low,1,2,"Inventory, Inventory Wastage",Marketing Growth,Prioritize corrective action | Review inventory levels and replenishment | Reduce inventory wastage and improve stock rotation,"Health: Needs Attention | Risk Areas: Inventory, Inventory Wastage | Recommendation: Prioritize corrective action | Review inventory levels and replenishment | Reduce inventory wastage and improve stock rotation",,,,,,,,,,73.5,3,19,0,40.0,74.02250000000001,99.2625,646.0,45016.0,14.32975,80.0,37.086410256410254,19.785802897371354,5.054128989290878,5490675.53,108637423.81
OUT0154,61.02,Needs Attention,High,2,40.0,Low,1,2,"Inventory, Inventory Wastage",Marketing Growth,Prioritize corrective action | Review inventory levels and replenishment | Reduce inventory wastage and improve stock rotation,"Health: Needs Attention | Risk Areas: Inventory, Inventory Wastage | Recommendation: Prioritize corrective action | Review inventory levels and replenishment | Reduce inventory wastage and improve stock rotation",,,,,,,,,,73.625,4,17,0,40.0,48.705,99.3425,216.0,26500.0,20.98125,80.0,18.215945945945947,21.450182914057656,4.661964907276557,2207974.09,47361448.1
OUT0232,61.02,Needs Attention,High,2,40.0,Low,1,2,"Inventory, Inventory Wastage",Marketing Growth,Prioritize corrective action | Review inventory levels and replenishment | Reduce inventory wastage and improve stock rotation,"Health: Needs Attention | Risk Areas: Inventory, Inventory Wastage | Recommendation: Prioritize corrective action | Review inventory levels and replenishment | Reduce inventory wastage and improve stock rotation",,,,,,,,,,73.625,4,17,0,40.0,67.66499999999999,99.38250000000001,75.0,7346.0,15.028,80.0,18.4565,19.537251982765326,5.11842709958465,823648.91,16091836.3
OUT0624,61.02,Needs Attention,High,2,40.0,Low,1,2,"Inventory, Inventory Wastage",Marketing Growth,Prioritize corrective action | Review inventory levels and replenishment | Reduce inventory wastage and improve stock rotation,"Health: Needs Attention | Risk Areas: Inventory, Inventory Wastage | Recommendation: Prioritize corrective action | Review inventory levels and replenishment | Reduce inventory wastage and improve stock rotation",,,,,,,,,,73.625,4,17,0,40.0,56.765,99.35,700.0,79193.0,18.4,80.0,28.48875,20.68715983032443,4.833916343287214,5289228.08,109419106.67
OUT0638,61.02,Needs Attention,High,2,40.0,Low,1,2,"Inventory, Inventory Wastage",Marketing Growth,Prioritize corrective action | Review inventory levels and replenishment | Reduce inventory wastage and improve stock rotation,"Health: Needs Attention | Risk Areas: Inventory, Inventory Wastage | Recommendation: Prioritize corrective action | Review inventory levels and replenishment | Reduce inventory wastage and improve stock rotation",,,,,,,,,,73.625,4,17,0,40.0,50.5325,96.725,1932.0,46538.0,20.493000000000002,80.0,27.29125,20.367721419195657,4.909729367456613,3552400.11,72354295.81
OUT0165,61.09,Needs Attention,High,2,40.0,Low,1,2,"Inventory, Inventory Wastage",Marketing Growth,Prioritize corrective action | Review inventory levels and replenishment | Reduce inventory wastage and improve stock rotation,"Health: Needs Attention | Risk Areas: Inventory, Inventory Wastage | Recommendation: Prioritize corrective action | Review inventory levels and replenishment | Reduce inventory wastage and improve stock rotation",,,,,,,,,,73.75,5,15,0,40.0,56.05499999999999,98.125,1931.0,75888.0,18.366999999999997,80.0,21.6905,19.377372208906426,5.16065846916214,5144840.94,99693497.85
OUT0517,61.09,Needs Attention,High,2,40.0,Low,1,2,"Inventory, Inventory Wastage",Marketing Growth,Prioritize corrective action | Review inventory levels and replenishment | Reduce inventory wastage and improve stock rotation,"Health: Needs Attention | Risk Areas: Inventory, Inventory Wastage | Recommendation: Prioritize corrective action | Review inventory levels and replenishment | Reduce inventory wastage and improve stock rotation",,,,,,,,,,73.75,5,15,0,40.0,70.8375,99.345,521.0,45888.0,14.37775,80.0,20.324864864864864,22.142533510059,4.516195039495892,1886781.22,41778116.39
OUT0464,61.17,Needs Attention,High,2,40.0,Low,1,2,"Inventory, Inventory Wastage",Marketing Growth,Prioritize corrective action | Review inventory levels and replenishment | Reduce inventory wastage and improve stock rotation,"Health: Needs Attention | Risk Areas: Inventory, Inventory Wastage | Recommendation: Prioritize corrective action | Review inventory levels and replenishment | Reduce inventory wastage and improve stock rotation",,,,,,,,,,73.875,6,13,0,40.0,53.635000000000005,99.3125,210.0,23755.0,18.80325,80.0,19.312368421052632,20.404588163387125,4.900858532368447,1791808.03,36561104.92
OUT0578,61.17,Needs Attention,High,2,40.0,Low,1,2,"Inventory, Inventory Wastage",Marketing Growth,Prioritize corrective action | Review inventory levels and replenishment | Reduce inventory wastage and improve stock rotation,"Health: Needs Attention | Risk Areas: Inventory, Inventory Wastage | Recommendation: Prioritize corrective action | Review inventory levels and replenishment | Reduce inventory wastage and improve stock rotation",,,,,,,,,,73.875,6,13,0,40.0,57.557500000000005,96.94,1457.0,35261.0,17.39725,80.0,23.76820512820513,20.39931528748152,4.90212532091051,1403245.85,28625254.52
OUT0493,61.33,Needs Attention,High,2,40.0,Low,1,2,"Inventory, Inventory Wastage",Marketing Growth,Prioritize corrective action | Review inventory levels and replenishment | Reduce inventory wastage and improve stock rotation,"Health: Needs Attention | Risk Areas: Inventory, Inventory Wastage | Recommendation: Prioritize corrective action | Review inventory levels and replenishment | Reduce inventory wastage and improve stock rotation",,,,,,,,,,74.125,1,22,0,40.0,68.49249999999999,96.79249999999999,2370.0,44605.0,15.315999999999999,80.0,18.79435897435897,20.64728487800858,4.843251816925816,2379546.12,49131166.62
OUT0524,61.33,Needs Attention,High,2,40.0,Low,1,2,"Inventory, Inventory Wastage",Marketing Growth,Prioritize corrective action | Review inventory levels and replenishment | Reduce inventory wastage and improve stock rotation,"Health: Needs Attention | Risk Areas: Inventory, Inventory Wastage | Recommendation: Prioritize corrective action | Review inventory levels and replenishment | Reduce inventory wastage and improve stock rotation",,,,,,,,,,74.125,1,22,0,40.0,71.235,99.2475,332.0,25361.0,15.341,80.0,20.525641025641026,20.06405936176508,4.984036290809836,1940436.91,38933041.35
OUT0367,61.41,Needs Attention,High,2,40.0,Low,1,2,"Inventory, Inventory Wastage",Marketing Growth,Prioritize corrective action | Review inventory levels and replenishment | Reduce inventory wastage and improve stock rotation,"Health: Needs Attention | Risk Areas: Inventory, Inventory Wastage | Recommendation: Prioritize corrective action | Review inventory levels and replenishment | Reduce inventory wastage and improve stock rotation",,,,,,,,,,74.25,2,20,0,40.0,54.435,99.33250000000001,355.0,39998.0,18.50925,80.0,26.30825,20.23686840247193,4.941476023423911,2951293.81,59724944.45
OUT0581,61.41,Needs Attention,High,2,40.0,Low,1,2,"Inventory, Inventory Wastage",Marketing Growth,Prioritize corrective action | Review inventory levels and replenishment | Reduce inventory wastage and improve stock rotation,"Health: Needs Attention | Risk Areas: Inventory, Inventory Wastage | Recommendation: Prioritize corrective action | Review inventory levels and replenishment | Reduce inventory wastage and improve stock rotation",,,,,,,,,,74.25,2,20,0,40.0,42.6025,96.91,2835.0,80488.0,23.03725,80.0,21.83525,19.98730409378796,5.003175992658256,7388449.35,147675183.94
OUT0504,61.48,Needs Attention,High,2,40.0,Low,1,2,"Inventory, Inventory Wastage",Marketing Growth,Prioritize corrective action | Review inventory levels and replenishment | Reduce inventory wastage and improve stock rotation,"Health: Needs Attention | Risk Areas: Inventory, Inventory Wastage | Recommendation: Prioritize corrective action | Review inventory levels and replenishment | Reduce inventory wastage and improve stock rotation",,,,,,,,,,74.375,3,18,0,40.0,71.35249999999999,99.3125,201.0,16712.0,14.09075,80.0,22.189756097560974,20.341736600532904,4.916001124376974,2327895.75,47353442.18
OUT0438,61.56,Needs Attention,High,2,40.0,Low,1,2,"Inventory, Inventory Wastage",Marketing Growth,Prioritize corrective action | Review inventory levels and replenishment | Reduce inventory wastage and improve stock rotation,"Health: Needs Attention | Risk Areas: Inventory, Inventory Wastage | Recommendation: Prioritize corrective action | Review inventory levels and replenishment | Reduce inventory wastage and improve stock rotation",,,,,,,,,,74.5,4,16,0,40.0,72.7375,96.76,1306.0,22120.0,14.367249999999999,80.0,22.93076923076923,21.447336004034824,4.662583734464144,948819.38,20349648.05
OUT0454,61.56,Needs Attention,High,2,40.0,Low,1,2,"Inventory, Inventory Wastage",Marketing Growth,Prioritize corrective action | Review inventory levels and replenishment | Reduce inventory wastage and improve stock rotation,"Health: Needs Attention | Risk Areas: Inventory, Inventory Wastage | Recommendation: Prioritize corrective action | Review inventory levels and replenishment | Reduce inventory wastage and improve stock rotation",,,,,,,,,,74.5,4,16,0,40.0,39.4825,99.3725,491.0,69861.0,24.145249999999997,80.0,22.762820512820515,20.75276672487237,4.818634610302305,3278687.95,68041846.19
OUT0515,61.56,Needs Attention,High,2,40.0,Low,1,2,"Inventory, Inventory Wastage",Marketing Growth,Prioritize corrective action | Review inventory levels and replenishment | Reduce inventory wastage and improve stock rotation,"Health: Needs Attention | Risk Areas: Inventory, Inventory Wastage | Recommendation: Prioritize corrective action | Review inventory levels and replenishment | Reduce inventory wastage and improve stock rotation",,,,,,,,,,74.5,4,16,0,40.0,74.35249999999999,98.0675,1916.0,51541.0,13.979499999999998,80.0,29.18341463414634,20.313501997030773,4.922834084177953,8593638.24,174566887.55
OUT0642,61.56,Needs Attention,High,2,40.0,Low,1,2,"Inventory, Inventory Wastage",Marketing Growth,Prioritize corrective action | Review inventory levels and replenishment | Reduce inventory wastage and improve stock rotation,"Health: Needs Attention | Risk Areas: Inventory, Inventory Wastage | Recommendation: Prioritize corrective action | Review inventory levels and replenishment | Reduce inventory wastage and improve stock rotation",,,,,,,,,,74.5,4,16,0,40.0,71.9325,99.25750000000001,832.0,63360.0,14.4695,80.0,21.19368421052632,20.362399773516863,4.911012508950885,8549051.59,174079206.16
OUT0719,61.56,Needs Attention,High,2,40.0,Low,1,2,"Inventory, Inventory Wastage",Marketing Growth,Prioritize corrective action | Review inventory levels and replenishment | Reduce inventory wastage and improve stock rotation,"Health: Needs Attention | Risk Areas: Inventory, Inventory Wastage | Recommendation: Prioritize corrective action | Review inventory levels and replenishment | Reduce inventory wastage and improve stock rotation",,,,,,,,,,74.5,4,16,0,40.0,48.475,99.27250000000001,397.0,44298.0,21.29925,80.0,23.25475,19.468491867186312,5.136504701144708,4385679.59,85382567.42999999
OUT0147,61.64,Needs Attention,High,2,40.0,Low,1,2,"Inventory, Inventory Wastage",Marketing Growth,Prioritize corrective action | Review inventory levels and replenishment | Reduce inventory wastage and improve stock rotation,"Health: Needs Attention | Risk Areas: Inventory, Inventory Wastage | Recommendation: Prioritize corrective action | Review inventory levels and replenishment | Reduce inventory wastage and improve stock rotation",,,,,,,,,,74.625,5,14,0,40.0,40.82,99.2625,287.0,34853.0,24.091,80.0,21.256315789473685,19.44083051986993,5.143813166715937,2912202.45,56615634.27
OUT0208,61.64,Needs Attention,High,2,40.0,Low,1,2,"Inventory, Inventory Wastage",Marketing Growth,Prioritize corrective action | Review inventory levels and replenishment | Reduce inventory wastage and improve stock rotation,"Health: Needs Attention | Risk Areas: Inventory, Inventory Wastage | Recommendation: Prioritize corrective action | Review inventory levels and replenishment | Reduce inventory wastage and improve stock rotation",,,,,,,,,,74.625,5,14,0,40.0,73.65,96.8,743.0,11989.0,14.0565,80.0,18.25435897435897,20.777053322099547,4.813002038823033,981563.0,20393986.79
OUT0505,61.64,Needs Attention,High,2,40.0,Low,1,2,"Inventory, Inventory Wastage",Marketing Growth,Prioritize corrective action | Review inventory levels and replenishment | Reduce inventory wastage and improve stock rotation,"Health: Needs Attention | Risk Areas: Inventory, Inventory Wastage | Recommendation: Prioritize corrective action | Review inventory levels and replenishment | Reduce inventory wastage and improve stock rotation",,,,,,,,,,74.625,5,14,0,40.0,49.722500000000004,97.91749999999999,542.0,20791.0,20.533,80.0,18.24435897435897,20.91111277618332,4.782146271713232,966391.19,20208315.16
OUT0673,61.64,Needs Attention,High,2,40.0,Low,1,2,"Inventory, Inventory Wastage",Marketing Growth,Prioritize corrective action | Review inventory levels and replenishment | Reduce inventory wastage and improve stock rotation,"Health: Needs Attention | Risk Areas: Inventory, Inventory Wastage | Recommendation: Prioritize corrective action | Review inventory levels and replenishment | Reduce inventory wastage and improve stock rotation",,,,,,,,,,74.625,5,14,0,40.0,61.685,96.495,1771.0,34253.0,17.169,80.0,21.7845,20.92734255826073,4.778437573791549,3163568.17,66205074.8
OUT0729,61.64,Needs Attention,High,2,40.0,Low,1,2,"Inventory, Inventory Wastage",Marketing Growth,Prioritize corrective action | Review inventory levels and replenishment | Reduce inventory wastage and improve stock rotation,"Health: Needs Attention | Risk Areas: Inventory, Inventory Wastage | Recommendation: Prioritize corrective action | Review inventory levels and replenishment | Reduce inventory wastage and improve stock rotation",,,,,,,,,,74.625,5,14,0,40.0,58.160000000000004,99.345,393.0,42371.0,17.83875,80.0,18.255897435897435,20.130948258966693,4.96747588407606,1954472.95,39345393.83
OUT0525,61.72,Needs Attention,High,2,40.0,Low,1,2,"Inventory, Inventory Wastage",Marketing Growth,Prioritize corrective action | Review inventory levels and replenishment | Reduce inventory wastage and improve stock rotation,"Health: Needs Attention | Risk Areas: Inventory, Inventory Wastage | Recommendation: Prioritize corrective action | Review inventory levels and replenishment | Reduce inventory wastage and improve stock rotation",,,,,,,,,,74.75,6,12,0,40.0,50.275,97.92,1739.0,66529.0,20.416999999999998,80.0,28.39410256410256,20.056223187800907,4.985983605369155,4537985.66,91014853.22
OUT0660,61.8,Needs Attention,High,2,40.0,Low,1,2,"Inventory, Inventory Wastage",Marketing Growth,Prioritize corrective action | Review inventory levels and replenishment | Reduce inventory wastage and improve stock rotation,"Health: Needs Attention | Risk Areas: Inventory, Inventory Wastage | Recommendation: Prioritize corrective action | Review inventory levels and replenishment | Reduce inventory wastage and improve stock rotation",,,,,,,,,,74.875,7,10,0,40.0,53.0875,97.9975,2492.0,95682.0,20.5875,80.0,25.11315789473684,21.461031860366894,4.659608198274694,6938706.66,148911804.7
OUT0037,61.88,Needs Attention,High,2,40.0,Low,1,2,"Inventory, Inventory Wastage",Marketing Growth,Prioritize corrective action | Review inventory levels and replenishment | Reduce inventory wastage and improve stock rotation,"Health: Needs Attention | Risk Areas: Inventory, Inventory Wastage | Recommendation: Prioritize corrective action | Review inventory levels and replenishment | Reduce inventory wastage and improve stock rotation",,,,,,,,,,75.0,1,21,0,40.0,70.9375,99.25,223.0,17341.0,14.74925,80.0,18.95375,20.59639518702058,4.855218551206374,2578234.17,53102329.85
OUT0470,61.88,Needs Attention,High,2,40.0,Low,1,2,"Inventory, Inventory Wastage",Marketing Growth,Prioritize corrective action | Review inventory levels and replenishment | Reduce inventory wastage and improve stock rotation,"Health: Needs Attention | Risk Areas: Inventory, Inventory Wastage | Recommendation: Prioritize corrective action | Review inventory levels and replenishment | Reduce inventory wastage and improve stock rotation",,,,,,,,,,75.0,1,21,0,40.0,70.675,97.9375,1931.0,52976.0,14.172749999999999,80.0,25.974,19.51973911082891,5.123019289972134,6825017.66,133222564.15
OUT0009,61.95,Needs Attention,High,2,40.0,Low,1,2,"Inventory, Inventory Wastage",Marketing Growth,Prioritize corrective action | Review inventory levels and replenishment | Reduce inventory wastage and improve stock rotation,"Health: Needs Attention | Risk Areas: Inventory, Inventory Wastage | Recommendation: Prioritize corrective action | Review inventory levels and replenishment | Reduce inventory wastage and improve stock rotation",,,,,,,,,,75.125,2,19,0,40.0,47.292500000000004,99.215,1272.0,136258.0,21.20425,80.0,31.7985,20.704535744788416,4.8298595647174185,9531345.13,197342075.94
OUT0079,61.95,Needs Attention,High,2,40.0,Low,1,2,"Inventory, Inventory Wastage",Marketing Growth,Prioritize corrective action | Review inventory levels and replenishment | Reduce inventory wastage and improve stock rotation,"Health: Needs Attention | Risk Areas: Inventory, Inventory Wastage | Recommendation: Prioritize corrective action | Review inventory levels and replenishment | Reduce inventory wastage and improve stock rotation",,,,,,,,,,75.125,2,19,0,40.0,60.7275,99.35249999999999,1003.0,106978.0,16.7595,80.0,30.35625,20.348444860190497,4.914380469223918,7541312.96,153453990.94
OUT0246,61.95,Needs Attention,High,2,40.0,Low,1,2,"Inventory, Inventory Wastage",Marketing Growth,Prioritize corrective action | Review inventory levels and replenishment | Reduce inventory wastage and improve stock rotation,"Health: Needs Attention | Risk Areas: Inventory, Inventory Wastage | Recommendation: Prioritize corrective action | Review inventory levels and replenishment | Reduce inventory wastage and improve stock rotation",,,,,,,,,,75.125,2,19,0,40.0,45.0575,96.845,893.0,24281.0,22.24875,80.0,21.879,21.13191195638231,4.732179473698675,1627743.2,34397325.99
OUT0495,61.95,Needs Attention,High,2,40.0,Low,1,2,"Inventory, Inventory Wastage",Marketing Growth,Prioritize corrective action | Review inventory levels and replenishment | Reduce inventory wastage and improve stock rotation,"Health: Needs Attention | Risk Areas: Inventory, Inventory Wastage | Recommendation: Prioritize corrective action | Review inventory levels and replenishment | Reduce inventory wastage and improve stock rotation",,,,,,,,,,75.125,2,19,0,40.0,49.765,98.08,582.0,24397.0,20.36675,80.0,19.1727027027027,20.79965682368717,4.80777163044909,656076.75,13646171.25
OUT0510,61.95,Needs Attention,High,2,40.0,Low,1,2,"Inventory, Inventory Wastage",Marketing Growth,Prioritize corrective action | Review inventory levels and replenishment | Reduce inventory wastage and improve stock rotation,"Health: Needs Attention | Risk Areas: Inventory, Inventory Wastage | Recommendation: Prioritize corrective action | Review inventory levels and replenishment | Reduce inventory wastage and improve stock rotation",,,,,,,,,,75.125,2,19,0,40.0,48.3075,97.975,581.0,23693.0,20.83725,80.0,29.3545,19.500879625876276,5.127973810335568,2265502.93,44179299.93
OUT0042,62.03,Needs Attention,High,2,40.0,Low,1,2,"Inventory, Inventory Wastage",Marketing Growth,Prioritize corrective action | Review inventory levels and replenishment | Reduce inventory wastage and improve stock rotation,"Health: Needs Attention | Risk Areas: Inventory, Inventory Wastage | Recommendation: Prioritize corrective action | Review inventory levels and replenishment | Reduce inventory wastage and improve stock rotation",,,,,,,,,,75.25,3,17,0,40.0,69.3025,99.25,94.0,7479.0,15.119,80.0,20.63205128205128,19.349426347615434,5.168111870785446,1028982.91,19910229.03
OUT0160,62.03,Needs Attention,High,2,40.0,Low,1,2,"Inventory, Inventory Wastage",Marketing Growth,Prioritize corrective action | Review inventory levels and replenishment | Reduce inventory wastage and improve stock rotation,"Health: Needs Attention | Risk Areas: Inventory, Inventory Wastage | Recommendation: Prioritize corrective action | Review inventory levels and replenishment | Reduce inventory wastage and improve stock rotation",,,,,,,,,,75.25,3,17,0,40.0,66.99249999999999,98.125,981.0,32483.0,15.40825,80.0,20.05307692307693,21.297822406166887,4.695315703780332,3517676.2,74918842.99
OUT0198,62.03,Needs Attention,High,2,40.0,Low,1,2,"Inventory, Inventory Wastage",Marketing Growth,Prioritize corrective action | Review inventory levels and replenishment | Reduce inventory wastage and improve stock rotation,"Health: Needs Attention | Risk Areas: Inventory, Inventory Wastage | Recommendation: Prioritize corrective action | Review inventory levels and replenishment | Reduce inventory wastage and improve stock rotation",,,,,,,,,,75.25,3,17,0,40.0,45.5075,96.7875,2163.0,56865.0,22.149250000000002,80.0,20.001794871794875,21.29516565726252,4.695901483438139,4158496.22,88555865.89
OUT0327,62.03,Needs Attention,High,2,40.0,Low,1,2,"Inventory, Inventory Wastage",Marketing Growth,Prioritize corrective action | Review inventory levels and replenishment | Reduce inventory wastage and improve stock rotation,"Health: Needs Attention | Risk Areas: Inventory, Inventory Wastage | Recommendation: Prioritize corrective action | Review inventory levels and replenishment | Reduce inventory wastage and improve stock rotation",,,,,,,,,,75.25,3,17,0,40.0,48.06,99.235,854.0,91689.0,20.889000000000003,80.0,25.8448717948718,21.51457394458381,4.648012099034594,3100317.47,66702009.46
OUT0377,62.03,Needs Attention,High,2,40.0,Low,1,2,"Inventory, Inventory Wastage",Marketing Growth,Prioritize corrective action | Review inventory levels and replenishment | Reduce inventory wastage and improve stock rotation,"Health: Needs Attention | Risk Areas: Inventory, Inventory Wastage | Recommendation: Prioritize corrective action | Review inventory levels and replenishment | Reduce inventory wastage and improve stock rotation",,,,,,,,,,75.25,3,17,0,40.0,67.635,99.345,284.0,26661.0,16.024,80.0,20.91692307692308,19.487813326594868,5.131412043214247,2754810.84,53685239.4
OUT0508,62.03,Needs Attention,High,2,40.0,Low,1,2,"Inventory, Inventory Wastage",Marketing Growth,Prioritize corrective action | Review inventory levels and replenishment | Reduce inventory wastage and improve stock rotation,"Health: Needs Attention | Risk Areas: Inventory, Inventory Wastage | Recommendation: Prioritize corrective action | Review inventory levels and replenishment | Reduce inventory wastage and improve stock rotation",,,,,,,,,,75.25,3,17,0,40.0,48.2525,96.60249999999999,721.0,17519.0,20.739250000000002,80.0,19.21725,20.09919279461964,4.975324184500038,889199.97,17872201.63
OUT0576,62.03,Needs Attention,High,2,40.0,Low,1,2,"Inventory, Inventory Wastage",Marketing Growth,Prioritize corrective action | Review inventory levels and replenishment | Reduce inventory wastage and improve stock rotation,"Health: Needs Attention | Risk Areas: Inventory, Inventory Wastage | Recommendation: Prioritize corrective action | Review inventory levels and replenishment | Reduce inventory wastage and improve stock rotation",,,,,,,,,,75.25,3,17,0,40.0,55.339999999999996,96.47,2325.0,49425.0,19.08325,80.0,21.503846153846155,21.13316731656612,4.73189837103172,4544308.0600000005,96035622.57
OUT0614,62.03,Needs Attention,High,2,40.0,Low,1,2,"Inventory, Inventory Wastage",Marketing Growth,Prioritize corrective action | Review inventory levels and replenishment | Reduce inventory wastage and improve stock rotation,"Health: Needs Attention | Risk Areas: Inventory, Inventory Wastage | Recommendation: Prioritize corrective action | Review inventory levels and replenishment | Reduce inventory wastage and improve stock rotation",,,,,,,,,,75.25,3,17,0,40.0,55.425,99.2875,92.0,9787.0,18.4975,80.0,20.286153846153844,20.005435366097892,4.99864152766525,951453.85,19034248.5
OUT0114,62.11,Needs Attention,High,2,40.0,Low,1,2,"Inventory, Inventory Wastage",Marketing Growth,Prioritize corrective action | Review inventory levels and replenishment | Reduce inventory wastage and improve stock rotation,"Health: Needs Attention | Risk Areas: Inventory, Inventory Wastage | Recommendation: Prioritize corrective action | Review inventory levels and replenishment | Reduce inventory wastage and improve stock rotation",,,,,,,,,,75.375,4,15,0,40.0,57.6625,99.33250000000001,140.0,15224.0,18.22525,80.0,23.709230769230768,20.27469801965983,4.932255952864634,1136709.76,23046447.12
OUT0141,62.11,Needs Attention,High,2,40.0,Low,1,2,"Inventory, Inventory Wastage",Marketing Growth,Prioritize corrective action | Review inventory levels and replenishment | Reduce inventory wastage and improve stock rotation,"Health: Needs Attention | Risk Areas: Inventory, Inventory Wastage | Recommendation: Prioritize corrective action | Review inventory levels and replenishment | Reduce inventory wastage and improve stock rotation",,,,,,,,,,75.375,4,15,0,40.0,73.2875,96.47999999999999,1756.0,26534.0,14.47375,80.0,20.8574358974359,20.196160844656404,4.951436105563522,2381245.66,48092020.36
OUT0190,62.11,Needs Attention,High,2,40.0,Low,1,2,"Inventory, Inventory Wastage",Marketing Growth,Prioritize corrective action | Review inventory levels and replenishment | Reduce inventory wastage and improve stock rotation,"Health: Needs Attention | Risk Areas: Inventory, Inventory Wastage | Recommendation: Prioritize corrective action | Review inventory levels and replenishment | Reduce inventory wastage and improve stock rotation",,,,,,,,,,75.375,4,15,0,40.0,52.58,97.775,1056.0,36569.0,20.0045,80.0,27.698648648648646,19.789250808867195,5.053248400651523,3194714.8,63221012.44
OUT0350,62.11,Needs Attention,High,2,40.0,Low,1,2,"Inventory, Inventory Wastage",Marketing Growth,Prioritize corrective action | Review inventory levels and replenishment | Reduce inventory wastage and improve stock rotation,"Health: Needs Attention | Risk Areas: Inventory, Inventory Wastage | Recommendation: Prioritize corrective action | Review inventory levels and replenishment | Reduce inventory wastage and improve stock rotation",,,,,,,,,,75.375,4,15,0,40.0,43.214999999999996,98.0525,682.0,30138.0,22.6595,80.0,19.787692307692307,20.69691786232532,4.831637283637791,1564023.58,32370467.57
OUT0390,62.11,Needs Attention,High,2,40.0,Low,1,2,"Inventory, Inventory Wastage",Marketing Growth,Prioritize corrective action | Review inventory levels and replenishment | Reduce inventory wastage and improve stock rotation,"Health: Needs Attention | Risk Areas: Inventory, Inventory Wastage | Recommendation: Prioritize corrective action | Review inventory levels and replenishment | Reduce inventory wastage and improve stock rotation",,,,,,,,,,75.375,4,15,0,40.0,46.4975,98.10249999999999,1763.0,76856.0,22.88975,80.0,28.8374358974359,20.44479764689004,4.891219846101607,2096282.83,42858078.27
OUT0479,62.11,Needs Attention,High,2,40.0,Low,1,2,"Inventory, Inventory Wastage",Marketing Growth,Prioritize corrective action | Review inventory levels and replenishment | Reduce inventory wastage and improve stock rotation,"Health: Needs Attention | Risk Areas: Inventory, Inventory Wastage | Recommendation: Prioritize corrective action | Review inventory levels and replenishment | Reduce inventory wastage and improve stock rotation",,,,,,,,,,75.375,4,15,0,40.0,64.0625,99.2525,211.0,18249.0,16.6765,80.0,26.65078947368421,20.26140914171721,4.935490878277815,1376855.98,27897042.34
OUT0616,62.11,Needs Attention,High,2,40.0,Low,1,2,"Inventory, Inventory Wastage",Marketing Growth,Prioritize corrective action | Review inventory levels and replenishment | Reduce inventory wastage and improve stock rotation,"Health: Needs Attention | Risk Areas: Inventory, Inventory Wastage | Recommendation: Prioritize corrective action | Review inventory levels and replenishment | Reduce inventory wastage and improve stock rotation",,,,,,,,,,75.375,4,15,0,40.0,63.565,96.6,2021.0,39197.0,16.7075,80.0,18.58897435897436,22.3907144970294,4.466137068259574,3686674.39,82547273.71000001
OUT0686,62.11,Needs Attention,High,2,40.0,Low,1,2,"Inventory, Inventory Wastage",Marketing Growth,Prioritize corrective action | Review inventory levels and replenishment | Reduce inventory wastage and improve stock rotation,"Health: Needs Attention | Risk Areas: Inventory, Inventory Wastage | Recommendation: Prioritize corrective action | Review inventory levels and replenishment | Reduce inventory wastage and improve stock rotation",,,,,,,,,,75.375,4,15,0,40.0,69.325,96.67999999999999,508.0,9076.0,15.235,80.0,22.786153846153844,19.888832566073532,5.027947199403774,358844.12,7136990.62
OUT0010,62.19,Needs Attention,High,2,40.0,Low,1,2,"Inventory, Inventory Wastage",Marketing Growth,Prioritize corrective action | Review inventory levels and replenishment | Reduce inventory wastage and improve stock rotation,"Health: Needs Attention | Risk Areas: Inventory, Inventory Wastage | Recommendation: Prioritize corrective action | Review inventory levels and replenishment | Reduce inventory wastage and improve stock rotation",,,,,,,,,,75.5,5,13,0,40.0,42.6425,98.1125,1295.0,60279.0,23.2755,80.0,25.502368421052637,20.440149606830563,4.892332097539179,4178335.96,85405812.13
OUT0100,62.19,Needs Attention,High,2,40.0,Low,1,2,"Inventory, Inventory Wastage",Marketing Growth,Prioritize corrective action | Review inventory levels and replenishment | Reduce inventory wastage and improve stock rotation,"Health: Needs Attention | Risk Areas: Inventory, Inventory Wastage | Recommendation: Prioritize corrective action | Review inventory levels and replenishment | Reduce inventory wastage and improve stock rotation",,,,,,,,,,75.5,5,13,0,40.0,44.6125,97.9675,2124.0,88226.0,22.217,80.0,22.15153846153846,19.580314128845465,5.10717036212822,6458896.18,126467216.13
OUT0466,62.19,Needs Attention,High,2,40.0,Low,1,2,"Inventory, Inventory Wastage",Marketing Growth,Prioritize corrective action | Review inventory levels and replenishment | Reduce inventory wastage and improve stock rotation,"Health: Needs Attention | Risk Areas: Inventory, Inventory Wastage | Recommendation: Prioritize corrective action | Review inventory levels and replenishment | Reduce inventory wastage and improve stock rotation",,,,,,,,,,75.5,5,13,0,40.0,72.7,97.06,882.0,16391.0,14.36225,80.0,23.75075,20.696667151691376,4.831695812039369,1990276.6,41192092.33
OUT0254,62.27,Needs Attention,High,2,40.0,Low,1,2,"Inventory, Inventory Wastage",Marketing Growth,Prioritize corrective action | Review inventory levels and replenishment | Reduce inventory wastage and improve stock rotation,"Health: Needs Attention | Risk Areas: Inventory, Inventory Wastage | Recommendation: Prioritize corrective action | Review inventory levels and replenishment | Reduce inventory wastage and improve stock rotation",,,,,,,,,,75.625,6,11,0,40.0,50.085,99.2775,922.0,101288.0,20.8595,80.0,22.84512195121951,20.56534692708132,4.862548653060443,7858567.54,161614167.81
OUT0573,62.27,Needs Attention,High,2,40.0,Low,1,2,"Inventory, Inventory Wastage",Marketing Growth,Prioritize corrective action | Review inventory levels and replenishment | Reduce inventory wastage and improve stock rotation,"Health: Needs Attention | Risk Areas: Inventory, Inventory Wastage | Recommendation: Prioritize corrective action | Review inventory levels and replenishment | Reduce inventory wastage and improve stock rotation",,,,,,,,,,75.625,6,11,0,40.0,50.13,96.995,1425.0,37846.0,19.98025,80.0,23.67794871794872,19.3337850118597,5.172292954465883,4068306.46,78655762.46
OUT0269,62.42,Needs Attention,High,2,40.0,Low,1,2,"Inventory, Inventory Wastage",Marketing Growth,Prioritize corrective action | Review inventory levels and replenishment | Reduce inventory wastage and improve stock rotation,"Health: Needs Attention | Risk Areas: Inventory, Inventory Wastage | Recommendation: Prioritize corrective action | Review inventory levels and replenishment | Reduce inventory wastage and improve stock rotation",,,,,,,,,,75.875,1,20,0,40.0,65.6875,99.3,513.0,48054.0,16.02975,80.0,19.02475,22.80554847704404,4.384897828730562,4486858.25,102325263.33
OUT0389,62.42,Needs Attention,High,2,40.0,Low,1,2,"Inventory, Inventory Wastage",Marketing Growth,Prioritize corrective action | Review inventory levels and replenishment | Reduce inventory wastage and improve stock rotation,"Health: Needs Attention | Risk Areas: Inventory, Inventory Wastage | Recommendation: Prioritize corrective action | Review inventory levels and replenishment | Reduce inventory wastage and improve stock rotation",,,,,,,,,,75.875,1,20,0,40.0,74.1075,99.2675,149.0,11098.0,13.87,80.0,23.866578947368424,21.763899394361868,4.594764852933748,434125.57,9448265.23
OUT0722,62.42,Needs Attention,High,2,40.0,Low,1,2,"Inventory, Inventory Wastage",Marketing Growth,Prioritize corrective action | Review inventory levels and replenishment | Reduce inventory wastage and improve stock rotation,"Health: Needs Attention | Risk Areas: Inventory, Inventory Wastage | Recommendation: Prioritize corrective action | Review inventory levels and replenishment | Reduce inventory wastage and improve stock rotation",,,,,,,,,,75.875,1,20,0,40.0,75.9475,99.2825,331.0,23520.0,13.91625,80.0,20.59225,19.932875925728645,5.016837528744338,2292648.08,45699069.72
OUT0031,62.5,Needs Attention,High,2,40.0,Low,1,2,"Inventory, Inventory Wastage",Marketing Growth,Prioritize corrective action | Review inventory levels and replenishment | Reduce inventory wastage and improve stock rotation,"Health: Needs Attention | Risk Areas: Inventory, Inventory Wastage | Recommendation: Prioritize corrective action | Review inventory levels and replenishment | Reduce inventory wastage and improve stock rotation",,,,,,,,,,76.0,2,18,0,40.0,55.9,96.935,2630.0,63585.0,18.369,80.0,24.90473684210526,20.069007681616487,4.982807400666926,5310374.46,106573945.83
OUT0033,62.5,Needs Attention,High,2,40.0,Low,1,2,"Inventory, Inventory Wastage",Marketing Growth,Prioritize corrective action | Review inventory levels and replenishment | Reduce inventory wastage and improve stock rotation,"Health: Needs Attention | Risk Areas: Inventory, Inventory Wastage | Recommendation: Prioritize corrective action | Review inventory levels and replenishment | Reduce inventory wastage and improve stock rotation",,,,,,,,,,76.0,2,18,0,40.0,44.410000000000004,96.725,4850.0,128240.0,22.7915,80.0,28.58421052631579,19.37883220181085,5.160269667367031,9145965.03,177238121.64
OUT0095,62.5,Needs Attention,High,2,40.0,Low,1,2,"Inventory, Inventory Wastage",Marketing Growth,Prioritize corrective action | Review inventory levels and replenishment | Reduce inventory wastage and improve stock rotation,"Health: Needs Attention | Risk Areas: Inventory, Inventory Wastage | Recommendation: Prioritize corrective action | Review inventory levels and replenishment | Reduce inventory wastage and improve stock rotation",,,,,,,,,,76.0,2,18,0,40.0,71.04249999999999,98.075,781.0,23055.0,14.655750000000001,80.0,20.42725,20.366891662906564,4.909929392030211,1783927.59,36333059.96
OUT0102,62.5,Needs Attention,High,2,40.0,Low,1,2,"Inventory, Inventory Wastage",Marketing Growth,Prioritize corrective action | Review inventory levels and replenishment | Reduce inventory wastage and improve stock rotation,"Health: Needs Attention | Risk Areas: Inventory, Inventory Wastage | Recommendation: Prioritize corrective action | Review inventory levels and replenishment | Reduce inventory wastage and improve stock rotation",,,,,,,,,,76.0,2,18,0,40.0,49.03,99.275,500.0,54517.0,21.03425,80.0,21.4,20.73573474382229,4.822592555095862,3559807.61,73815226.34
OUT0274,62.5,Needs Attention,High,2,40.0,Low,1,2,"Inventory, Inventory Wastage",Marketing Growth,Prioritize corrective action | Review inventory levels and replenishment | Reduce inventory wastage and improve stock rotation,"Health: Needs Attention | Risk Areas: Inventory, Inventory Wastage | Recommendation: Prioritize corrective action | Review inventory levels and replenishment | Reduce inventory wastage and improve stock rotation",,,,,,,,,,76.0,2,18,0,40.0,73.58250000000001,99.3,295.0,22385.0,13.855500000000001,80.0,20.49775,20.95199383628783,4.772815455243448,1667099.26,34929053.42
OUT0285,62.5,Needs Attention,High,2,40.0,Low,1,2,"Inventory, Inventory Wastage",Marketing Growth,Prioritize corrective action | Review inventory levels and replenishment | Reduce inventory wastage and improve stock rotation,"Health: Needs Attention | Risk Areas: Inventory, Inventory Wastage | Recommendation: Prioritize corrective action | Review inventory levels and replenishment | Reduce inventory wastage and improve stock rotation",,,,,,,,,,76.0,2,18,0,40.0,58.635000000000005,97.9025,1180.0,40131.0,17.98425,80.0,21.53162162162162,21.497419160904045,4.651721178785195,3566615.22,76673022.37
OUT0353,62.5,Needs Attention,High,2,40.0,Low,1,2,"Inventory, Inventory Wastage",Marketing Growth,Prioritize corrective action | Review inventory levels and replenishment | Reduce inventory wastage and improve stock rotation,"Health: Needs Attention | Risk Areas: Inventory, Inventory Wastage | Recommendation: Prioritize corrective action | Review inventory levels and replenishment | Reduce inventory wastage and improve stock rotation",,,,,,,,,,76.0,2,18,0,40.0,50.152499999999996,96.95,703.0,18403.0,20.6355,80.0,24.13225,20.503590969675056,4.877194445982689,1988166.33,40764549.21
OUT0374,62.5,Needs Attention,High,2,40.0,Low,1,2,"Inventory, Inventory Wastage",Marketing Growth,Prioritize corrective action | Review inventory levels and replenishment | Reduce inventory wastage and improve stock rotation,"Health: Needs Attention | Risk Areas: Inventory, Inventory Wastage | Recommendation: Prioritize corrective action | Review inventory levels and replenishment | Reduce inventory wastage and improve stock rotation",,,,,,,,,,76.0,2,18,0,40.0,51.842499999999994,99.315,226.0,25648.0,19.5315,80.0,19.30825,19.630788734723826,5.094038826015965,2378113.38,46684241.35
OUT0388,62.5,Needs Attention,High,2,40.0,Low,1,2,"Inventory, Inventory Wastage",Marketing Growth,Prioritize corrective action | Review inventory levels and replenishment | Reduce inventory wastage and improve stock rotation,"Health: Needs Attention | Risk Areas: Inventory, Inventory Wastage | Recommendation: Prioritize corrective action | Review inventory levels and replenishment | Reduce inventory wastage and improve stock rotation",,,,,,,,,,76.0,2,18,0,40.0,71.05499999999999,96.5575,2134.0,36014.0,14.773500000000002,80.0,22.74692307692308,20.639975463835203,4.84496699985023,2790835.51,57602776.45
OUT0499,62.5,Needs Attention,High,2,40.0,Low,1,2,"Inventory, Inventory Wastage",Marketing Growth,Prioritize corrective action | Review inventory levels and replenishment | Reduce inventory wastage and improve stock rotation,"Health: Needs Attention | Risk Areas: Inventory, Inventory Wastage | Recommendation: Prioritize corrective action | Review inventory levels and replenishment | Reduce inventory wastage and improve stock rotation",,,,,,,,,,76.0,2,18,0,40.0,76.755,99.285,358.0,24398.0,13.499,80.0,20.902820512820515,20.863162446449813,4.79313719847954,3392198.91,70771996.91
OUT0511,62.5,Needs Attention,High,2,40.0,Low,1,2,"Inventory, Inventory Wastage",Marketing Growth,Prioritize corrective action | Review inventory levels and replenishment | Reduce inventory wastage and improve stock rotation,"Health: Needs Attention | Risk Areas: Inventory, Inventory Wastage | Recommendation: Prioritize corrective action | Review inventory levels and replenishment | Reduce inventory wastage and improve stock rotation",,,,,,,,,,76.0,2,18,0,40.0,75.72,96.77000000000001,1018.0,15818.0,13.727500000000001,80.0,24.29675,19.490551075145373,5.130691257238047,2739486.28,53394097.26
OUT0536,62.5,Needs Attention,High,2,40.0,Low,1,2,"Inventory, Inventory Wastage",Marketing Growth,Prioritize corrective action | Review inventory levels and replenishment | Reduce inventory wastage and improve stock rotation,"Health: Needs Attention | Risk Areas: Inventory, Inventory Wastage | Recommendation: Prioritize corrective action | Review inventory levels and replenishment | Reduce inventory wastage and improve stock rotation",,,,,,,,,,76.0,2,18,0,40.0,43.75,96.9725,3218.0,91237.0,22.63975,80.0,22.57025,21.256007228503115,4.704552408408367,4735409.18,100655891.76
OUT0723,62.5,Needs Attention,High,2,40.0,Low,1,2,"Inventory, Inventory Wastage",Marketing Growth,Prioritize corrective action | Review inventory levels and replenishment | Reduce inventory wastage and improve stock rotation,"Health: Needs Attention | Risk Areas: Inventory, Inventory Wastage | Recommendation: Prioritize corrective action | Review inventory levels and replenishment | Reduce inventory wastage and improve stock rotation",,,,,,,,,,76.0,2,18,0,40.0,73.6825,96.865,7109.0,123891.0,14.216,80.0,41.451578947368425,20.70349715683774,4.8301018539263065,14502578.91,300254101.23
OUT0725,62.5,Needs Attention,High,2,40.0,Low,1,2,"Inventory, Inventory Wastage",Marketing Growth,Prioritize corrective action | Review inventory levels and replenishment | Reduce inventory wastage and improve stock rotation,"Health: Needs Attention | Risk Areas: Inventory, Inventory Wastage | Recommendation: Prioritize corrective action | Review inventory levels and replenishment | Reduce inventory wastage and improve stock rotation",,,,,,,,,,76.0,2,18,0,40.0,69.34,98.0025,927.0,27723.0,14.973250000000002,80.0,19.197692307692307,19.495071855298345,5.129501483361916,3944692.41,76902061.98
OUT0746,62.5,Needs Attention,High,2,40.0,Low,1,2,"Inventory, Inventory Wastage",Marketing Growth,Prioritize corrective action | Review inventory levels and replenishment | Reduce inventory wastage and improve stock rotation,"Health: Needs Attention | Risk Areas: Inventory, Inventory Wastage | Recommendation: Prioritize corrective action | Review inventory levels and replenishment | Reduce inventory wastage and improve stock rotation",,,,,,,,,,76.0,2,18,0,40.0,53.24249999999999,96.4875,842.0,18431.0,18.789250000000003,80.0,19.06615384615385,19.541767606281493,5.117244356536921,1845121.3,36056931.65
OUT0021,62.58,Needs Attention,High,2,40.0,Low,1,2,"Inventory, Inventory Wastage",Marketing Growth,Prioritize corrective action | Review inventory levels and replenishment | Reduce inventory wastage and improve stock rotation,"Health: Needs Attention | Risk Areas: Inventory, Inventory Wastage | Recommendation: Prioritize corrective action | Review inventory levels and replenishment | Reduce inventory wastage and improve stock rotation",,,,,,,,,,76.125,3,16,0,40.0,58.8775,96.83500000000001,5870.0,132321.0,17.10275,80.0,37.934250000000006,19.50835820678742,5.126007987961162,9944725.24,194005262.25
OUT0024,62.58,Needs Attention,High,2,40.0,Low,1,2,"Inventory, Inventory Wastage",Marketing Growth,Prioritize corrective action | Review inventory levels and replenishment | Reduce inventory wastage and improve stock rotation,"Health: Needs Attention | Risk Areas: Inventory, Inventory Wastage | Recommendation: Prioritize corrective action | Review inventory levels and replenishment | Reduce inventory wastage and improve stock rotation",,,,,,,,,,76.125,3,16,0,40.0,75.215,99.3025,309.0,22270.0,14.11275,80.0,18.161388888888887,19.99680932394173,5.000797796290045,1799477.57,35983809.85
OUT0049,62.58,Needs Attention,High,2,40.0,Low,1,2,"Inventory, Inventory Wastage",Marketing Growth,Prioritize corrective action | Review inventory levels and replenishment | Reduce inventory wastage and improve stock rotation,"Health: Needs Attention | Risk Areas: Inventory, Inventory Wastage | Recommendation: Prioritize corrective action | Review inventory levels and replenishment | Reduce inventory wastage and improve stock rotation",,,,,,,,,,76.125,3,16,0,40.0,67.0775,99.225,888.0,71667.0,16.0085,80.0,24.70641025641025,20.489289376984907,4.880598744060272,6358054.98,130272028.36
OUT0099,62.58,Needs Attention,High,2,40.0,Low,1,2,"Inventory, Inventory Wastage",Marketing Growth,Prioritize corrective action | Review inventory levels and replenishment | Reduce inventory wastage and improve stock rotation,"Health: Needs Attention | Risk Areas: Inventory, Inventory Wastage | Recommendation: Prioritize corrective action | Review inventory levels and replenishment | Reduce inventory wastage and improve stock rotation",,,,,,,,,,76.125,3,16,0,40.0,65.9875,99.265,964.0,81490.0,16.159,80.0,29.35897435897436,20.45454244809309,4.888889607468227,2838742.95,58065188.17
OUT0212,62.58,Needs Attention,High,2,40.0,Low,1,2,"Inventory, Inventory Wastage",Marketing Growth,Prioritize corrective action | Review inventory levels and replenishment | Reduce inventory wastage and improve stock rotation,"Health: Needs Attention | Risk Areas: Inventory, Inventory Wastage | Recommendation: Prioritize corrective action | Review inventory levels and replenishment | Reduce inventory wastage and improve stock rotation",,,,,,,,,,76.125,3,16,0,40.0,66.675,99.31,580.0,53060.0,15.72825,80.0,29.223000000000003,19.85290507740401,5.037046196015769,4101727.37,81431204.13
OUT0242,62.58,Needs Attention,High,2,40.0,Low,1,2,"Inventory, Inventory Wastage",Marketing Growth,Prioritize corrective action | Review inventory levels and replenishment | Reduce inventory wastage and improve stock rotation,"Health: Needs Attention | Risk Areas: Inventory, Inventory Wastage | Recommendation: Prioritize corrective action | Review inventory levels and replenishment | Reduce inventory wastage and improve stock rotation",,,,,,,,,,76.125,3,16,0,40.0,63.3975,99.325,247.0,23983.0,16.771,80.0,19.02675,19.924766156301164,5.018879479716013,2045213.33,40750397.34
OUT0336,62.58,Needs Attention,High,2,40.0,Low,1,2,"Inventory, Inventory Wastage",Marketing Growth,Prioritize corrective action | Review inventory levels and replenishment | Reduce inventory wastage and improve stock rotation,"Health: Needs Attention | Risk Areas: Inventory, Inventory Wastage | Recommendation: Prioritize corrective action | Review inventory levels and replenishment | Reduce inventory wastage and improve stock rotation",,,,,,,,,,76.125,3,16,0,40.0,70.3725,96.7825,995.0,17850.0,14.88175,80.0,19.635,21.18496270849824,4.720329290921316,741978.7,15718791.09
OUT0403,62.58,Needs Attention,High,2,40.0,Low,1,2,"Inventory, Inventory Wastage",Marketing Growth,Prioritize corrective action | Review inventory levels and replenishment | Reduce inventory wastage and improve stock rotation,"Health: Needs Attention | Risk Areas: Inventory, Inventory Wastage | Recommendation: Prioritize corrective action | Review inventory levels and replenishment | Reduce inventory wastage and improve stock rotation",,,,,,,,,,76.125,3,16,0,40.0,53.527499999999996,96.74249999999999,1162.0,27241.0,19.669249999999998,80.0,21.371025641025643,19.312912923048497,5.177882818529026,1904508.91,36781614.74
OUT0451,62.58,Needs Attention,High,2,40.0,Low,1,2,"Inventory, Inventory Wastage",Marketing Growth,Prioritize corrective action | Review inventory levels and replenishment | Reduce inventory wastage and improve stock rotation,"Health: Needs Attention | Risk Areas: Inventory, Inventory Wastage | Recommendation: Prioritize corrective action | Review inventory levels and replenishment | Reduce inventory wastage and improve stock rotation",,,,,,,,,,76.125,3,16,0,40.0,76.4025,96.66499999999999,2476.0,37610.0,13.586500000000001,80.0,22.186,21.552896151288344,4.639747683933531,1779273.59,38348498.91
OUT0733,62.58,Needs Attention,High,2,40.0,Low,1,2,"Inventory, Inventory Wastage",Marketing Growth,Prioritize corrective action | Review inventory levels and replenishment | Reduce inventory wastage and improve stock rotation,"Health: Needs Attention | Risk Areas: Inventory, Inventory Wastage | Recommendation: Prioritize corrective action | Review inventory levels and replenishment | Reduce inventory wastage and improve stock rotation",,,,,,,,,,76.125,3,16,0,40.0,75.955,96.97749999999999,1622.0,27408.0,13.55625,80.0,21.584,19.735954437051312,5.066894551208778,1564994.41,30886658.37
OUT0135,62.66,Needs Attention,High,2,40.0,Low,1,2,"Inventory, Inventory Wastage",Marketing Growth,Prioritize corrective action | Review inventory levels and replenishment | Reduce inventory wastage and improve stock rotation,"Health: Needs Attention | Risk Areas: Inventory, Inventory Wastage | Recommendation: Prioritize corrective action | Review inventory levels and replenishment | Reduce inventory wastage and improve stock rotation",,,,,,,,,,76.25,4,14,0,40.0,69.88,97.975,450.0,13148.0,15.253,80.0,20.6325,19.72199829837863,5.070480104859412,1887082.55,37217038.84
OUT0259,62.66,Needs Attention,High,2,40.0,Low,1,2,"Inventory, Inventory Wastage",Marketing Growth,Prioritize corrective action | Review inventory levels and replenishment | Reduce inventory wastage and improve stock rotation,"Health: Needs Attention | Risk Areas: Inventory, Inventory Wastage | Recommendation: Prioritize corrective action | Review inventory levels and replenishment | Reduce inventory wastage and improve stock rotation",,,,,,,,,,76.25,4,14,0,40.0,48.3425,99.38250000000001,1134.0,149275.0,21.615000000000002,80.0,31.943589743589744,19.642309437038683,5.091051045730609,8083591.32,158780402.07
OUT0290,62.66,Needs Attention,High,2,40.0,Low,1,2,"Inventory, Inventory Wastage",Marketing Growth,Prioritize corrective action | Review inventory levels and replenishment | Reduce inventory wastage and improve stock rotation,"Health: Needs Attention | Risk Areas: Inventory, Inventory Wastage | Recommendation: Prioritize corrective action | Review inventory levels and replenishment | Reduce inventory wastage and improve stock rotation",,,,,,,,,,76.25,4,14,0,40.0,58.05,98.0925,2368.0,88945.0,17.944499999999998,80.0,32.21615384615385,19.421766732568013,5.148862169800021,10572262.57,205332017.47
OUT0384,62.66,Needs Attention,High,2,40.0,Low,1,2,"Inventory, Inventory Wastage",Marketing Growth,Prioritize corrective action | Review inventory levels and replenishment | Reduce inventory wastage and improve stock rotation,"Health: Needs Attention | Risk Areas: Inventory, Inventory Wastage | Recommendation: Prioritize corrective action | Review inventory levels and replenishment | Reduce inventory wastage and improve stock rotation",,,,,,,,,,76.25,4,14,0,40.0,48.05,99.325,130.0,15658.0,21.87375,80.0,19.795897435897437,19.52550502044765,5.121506455032905,1529312.83,29860605.34
OUT0440,62.66,Needs Attention,High,2,40.0,Low,1,2,"Inventory, Inventory Wastage",Marketing Growth,Prioritize corrective action | Review inventory levels and replenishment | Reduce inventory wastage and improve stock rotation,"Health: Needs Attention | Risk Areas: Inventory, Inventory Wastage | Recommendation: Prioritize corrective action | Review inventory levels and replenishment | Reduce inventory wastage and improve stock rotation",,,,,,,,,,76.25,4,14,0,40.0,56.120000000000005,97.995,473.0,17470.0,19.214750000000002,80.0,20.27948717948718,21.501848590668523,4.650762913631458,922483.83,19835107.64
OUT0087,62.73,Needs Attention,High,2,40.0,Low,1,2,"Inventory, Inventory Wastage",Marketing Growth,Prioritize corrective action | Review inventory levels and replenishment | Reduce inventory wastage and improve stock rotation,"Health: Needs Attention | Risk Areas: Inventory, Inventory Wastage | Recommendation: Prioritize corrective action | Review inventory levels and replenishment | Reduce inventory wastage and improve stock rotation",,,,,,,,,,76.375,5,12,0,40.0,47.4425,99.27250000000001,573.0,65015.0,21.7155,80.0,26.327,19.465965510093515,5.137171333636028,4852085.06,94450520.43
OUT0119,62.73,Needs Attention,High,2,40.0,Low,1,2,"Inventory, Inventory Wastage",Marketing Growth,Prioritize corrective action | Review inventory levels and replenishment | Reduce inventory wastage and improve stock rotation,"Health: Needs Attention | Risk Areas: Inventory, Inventory Wastage | Recommendation: Prioritize corrective action | Review inventory levels and replenishment | Reduce inventory wastage and improve stock rotation",,,,,,,,,,76.375,5,12,0,40.0,47.105000000000004,99.3125,572.0,69789.0,21.31025,80.0,23.0019512195122,21.54125148921733,4.642255815547946,5075358.95,109329583.54
OUT0298,62.73,Needs Attention,High,2,40.0,Low,1,2,"Inventory, Inventory Wastage",Marketing Growth,Prioritize corrective action | Review inventory levels and replenishment | Reduce inventory wastage and improve stock rotation,"Health: Needs Attention | Risk Areas: Inventory, Inventory Wastage | Recommendation: Prioritize corrective action | Review inventory levels and replenishment | Reduce inventory wastage and improve stock rotation",,,,,,,,,,76.375,5,12,0,40.0,58.935,96.58500000000001,5753.0,119545.0,18.10025,80.0,29.435526315789478,20.31735846572609,4.921899673557109,4518133.01,91796527.96
OUT0744,62.73,Needs Attention,High,2,40.0,Low,1,2,"Inventory, Inventory Wastage",Marketing Growth,Prioritize corrective action | Review inventory levels and replenishment | Reduce inventory wastage and improve stock rotation,"Health: Needs Attention | Risk Areas: Inventory, Inventory Wastage | Recommendation: Prioritize corrective action | Review inventory levels and replenishment | Reduce inventory wastage and improve stock rotation",,,,,,,,,,76.375,5,12,0,40.0,52.06,99.2625,228.0,23393.0,20.28425,80.0,28.37425,20.279237615996816,4.931151845724084,1354903.56,27476411.24
OUT0474,62.81,Needs Attention,High,2,40.0,Low,1,2,"Inventory, Inventory Wastage",Marketing Growth,Prioritize corrective action | Review inventory levels and replenishment | Reduce inventory wastage and improve stock rotation,"Health: Needs Attention | Risk Areas: Inventory, Inventory Wastage | Recommendation: Prioritize corrective action | Review inventory levels and replenishment | Reduce inventory wastage and improve stock rotation",,,,,,,,,,76.5,6,10,0,40.0,58.472500000000004,99.3125,269.0,27796.0,17.718,80.0,20.018947368421053,20.811178563356584,4.805109893010847,2119056.38,44100060.71
OUT0016,62.97,Needs Attention,High,2,40.0,Low,1,2,"Inventory, Inventory Wastage",Marketing Growth,Prioritize corrective action | Review inventory levels and replenishment | Reduce inventory wastage and improve stock rotation,"Health: Needs Attention | Risk Areas: Inventory, Inventory Wastage | Recommendation: Prioritize corrective action | Review inventory levels and replenishment | Reduce inventory wastage and improve stock rotation",,,,,,,,,,76.75,1,19,0,40.0,71.16,96.51,3077.0,50529.0,14.73125,80.0,37.648947368421055,20.6614533771782,4.839930578671485,4734611.43,97823953.32
OUT0085,62.97,Needs Attention,High,2,40.0,Low,1,2,"Inventory, Inventory Wastage",Marketing Growth,Prioritize corrective action | Review inventory levels and replenishment | Reduce inventory wastage and improve stock rotation,"Health: Needs Attention | Risk Areas: Inventory, Inventory Wastage | Recommendation: Prioritize corrective action | Review inventory levels and replenishment | Reduce inventory wastage and improve stock rotation",,,,,,,,,,76.75,1,19,0,40.0,68.4325,97.97,1744.0,52647.0,15.651500000000002,80.0,25.26,19.65357938085132,5.0881316864566175,5779780.04,113593365.82
OUT0186,62.97,Needs Attention,High,2,40.0,Low,1,2,"Inventory, Inventory Wastage",Marketing Growth,Prioritize corrective action | Review inventory levels and replenishment | Reduce inventory wastage and improve stock rotation,"Health: Needs Attention | Risk Areas: Inventory, Inventory Wastage | Recommendation: Prioritize corrective action | Review inventory levels and replenishment | Reduce inventory wastage and improve stock rotation",,,,,,,,,,76.75,1,19,0,40.0,57.80749999999999,96.785,835.0,18605.0,18.107499999999998,80.0,18.274736842105263,19.5682102620446,5.110329389395647,1628438.84,31865633.62
OUT0245,62.97,Needs Attention,High,2,40.0,Low,1,2,"Inventory, Inventory Wastage",Marketing Growth,Prioritize corrective action | Review inventory levels and replenishment | Reduce inventory wastage and improve stock rotation,"Health: Needs Attention | Risk Areas: Inventory, Inventory Wastage | Recommendation: Prioritize corrective action | Review inventory levels and replenishment | Reduce inventory wastage and improve stock rotation",,,,,,,,,,76.75,1,19,0,40.0,63.3575,97.9025,2534.0,80054.0,16.669999999999998,80.0,26.26567567567568,21.9974643887926,4.545978492455185,8010261.96,176205452.21
OUT0282,62.97,Needs Attention,High,2,40.0,Low,1,2,"Inventory, Inventory Wastage",Marketing Growth,Prioritize corrective action | Review inventory levels and replenishment | Reduce inventory wastage and improve stock rotation,"Health: Needs Attention | Risk Areas: Inventory, Inventory Wastage | Recommendation: Prioritize corrective action | Review inventory levels and replenishment | Reduce inventory wastage and improve stock rotation",,,,,,,,,,76.75,1,19,0,40.0,55.92999999999999,99.2775,879.0,89583.0,18.24675,80.0,31.40375,19.430891819855493,5.146444173901211,3652691.83,70975059.8
OUT0609,62.97,Needs Attention,High,2,40.0,Low,1,2,"Inventory, Inventory Wastage",Marketing Growth,Prioritize corrective action | Review inventory levels and replenishment | Reduce inventory wastage and improve stock rotation,"Health: Needs Attention | Risk Areas: Inventory, Inventory Wastage | Recommendation: Prioritize corrective action | Review inventory levels and replenishment | Reduce inventory wastage and improve stock rotation",,,,,,,,,,76.75,1,19,0,40.0,74.08250000000001,99.295,158.0,12053.0,14.214500000000001,80.0,24.41325,21.21079776373784,4.71457986228886,1381848.72,29310113.74
OUT0007,63.05,Needs Attention,High,2,40.0,Low,1,2,"Inventory, Inventory Wastage",Marketing Growth,Prioritize corrective action | Review inventory levels and replenishment | Reduce inventory wastage and improve stock rotation,"Health: Needs Attention | Risk Areas: Inventory, Inventory Wastage | Recommendation: Prioritize corrective action | Review inventory levels and replenishment | Reduce inventory wastage and improve stock rotation",,,,,,,,,,76.875,2,17,0,40.0,45.625,99.245,259.0,28669.0,22.1235,80.0,21.42297297297297,20.018778130524705,4.995309870961587,1372743.68,27480651.16
OUT0052,63.05,Needs Attention,High,2,40.0,Low,1,2,"Inventory, Inventory Wastage",Marketing Growth,Prioritize corrective action | Review inventory levels and replenishment | Reduce inventory wastage and improve stock rotation,"Health: Needs Attention | Risk Areas: Inventory, Inventory Wastage | Recommendation: Prioritize corrective action | Review inventory levels and replenishment | Reduce inventory wastage and improve stock rotation",,,,,,,,,,76.875,2,17,0,40.0,48.3825,99.225,337.0,35306.0,20.3325,80.0,26.51684210526316,19.788165069589294,5.053525662855991,1133036.32,22420709.73
OUT0066,63.05,Needs Attention,High,2,40.0,Low,1,2,"Inventory, Inventory Wastage",Marketing Growth,Prioritize corrective action | Review inventory levels and replenishment | Reduce inventory wastage and improve stock rotation,"Health: Needs Attention | Risk Areas: Inventory, Inventory Wastage | Recommendation: Prioritize corrective action | Review inventory levels and replenishment | Reduce inventory wastage and improve stock rotation",,,,,,,,,,76.875,2,17,0,40.0,52.61749999999999,96.7225,1010.0,23884.0,19.765,80.0,18.45307692307692,19.821280356169023,5.045082769785695,2398393.88,47539237.5
OUT0082,63.05,Needs Attention,High,2,40.0,Low,1,2,"Inventory, Inventory Wastage",Marketing Growth,Prioritize corrective action | Review inventory levels and replenishment | Reduce inventory wastage and improve stock rotation,"Health: Needs Attention | Risk Areas: Inventory, Inventory Wastage | Recommendation: Prioritize corrective action | Review inventory levels and replenishment | Reduce inventory wastage and improve stock rotation",,,,,,,,,,76.875,2,17,0,40.0,58.015,99.2475,840.0,80022.0,18.316,80.0,22.272820512820516,19.97006185275502,5.007495757265482,6929903.12,138390593.94
OUT0138,63.05,Needs Attention,High,2,40.0,Low,1,2,"Inventory, Inventory Wastage",Marketing Growth,Prioritize corrective action | Review inventory levels and replenishment | Reduce inventory wastage and improve stock rotation,"Health: Needs Attention | Risk Areas: Inventory, Inventory Wastage | Recommendation: Prioritize corrective action | Review inventory levels and replenishment | Reduce inventory wastage and improve stock rotation",,,,,,,,,,76.875,2,17,0,40.0,42.2425,96.705,2030.0,53551.0,24.006,80.0,18.615,20.779690453887973,4.8123912250718615,2817663.56,58550176.58
OUT0142,63.05,Needs Attention,High,2,40.0,Low,1,2,"Inventory, Inventory Wastage",Marketing Growth,Prioritize corrective action | Review inventory levels and replenishment | Reduce inventory wastage and improve stock rotation,"Health: Needs Attention | Risk Areas: Inventory, Inventory Wastage | Recommendation: Prioritize corrective action | Review inventory levels and replenishment | Reduce inventory wastage and improve stock rotation",,,,,,,,,,76.875,2,17,0,40.0,46.57,99.22,171.0,18512.0,20.9345,80.0,30.106,19.40970888490838,5.152060785298689,1105274.2,21453050.46
OUT0206,63.05,Needs Attention,High,2,40.0,Low,1,2,"Inventory, Inventory Wastage",Marketing Growth,Prioritize corrective action | Review inventory levels and replenishment | Reduce inventory wastage and improve stock rotation,"Health: Needs Attention | Risk Areas: Inventory, Inventory Wastage | Recommendation: Prioritize corrective action | Review inventory levels and replenishment | Reduce inventory wastage and improve stock rotation",,,,,,,,,,76.875,2,17,0,40.0,52.425,96.66749999999999,3960.0,91502.0,20.027250000000002,80.0,23.848750000000003,19.323029432242684,5.17517195482498,3208784.36,62003434.63
OUT0236,63.05,Needs Attention,High,2,40.0,Low,1,2,"Inventory, Inventory Wastage",Marketing Growth,Prioritize corrective action | Review inventory levels and replenishment | Reduce inventory wastage and improve stock rotation,"Health: Needs Attention | Risk Areas: Inventory, Inventory Wastage | Recommendation: Prioritize corrective action | Review inventory levels and replenishment | Reduce inventory wastage and improve stock rotation",,,,,,,,,,76.875,2,17,0,40.0,69.8175,96.6375,824.0,14504.0,15.2865,80.0,26.471666666666668,21.16249421861752,4.725340924701866,1809493.67,38293399.33
OUT0260,63.05,Needs Attention,High,2,40.0,Low,1,2,"Inventory, Inventory Wastage",Marketing Growth,Prioritize corrective action | Review inventory levels and replenishment | Reduce inventory wastage and improve stock rotation,"Health: Needs Attention | Risk Areas: Inventory, Inventory Wastage | Recommendation: Prioritize corrective action | Review inventory levels and replenishment | Reduce inventory wastage and improve stock rotation",,,,,,,,,,76.875,2,17,0,40.0,63.94,97.8375,286.0,8741.0,16.583000000000002,80.0,18.992820512820515,21.077011758932965,4.744505584745308,630081.83,13280242.14
OUT0268,63.05,Needs Attention,High,2,40.0,Low,1,2,"Inventory, Inventory Wastage",Marketing Growth,Prioritize corrective action | Review inventory levels and replenishment | Reduce inventory wastage and improve stock rotation,"Health: Needs Attention | Risk Areas: Inventory, Inventory Wastage | Recommendation: Prioritize corrective action | Review inventory levels and replenishment | Reduce inventory wastage and improve stock rotation",,,,,,,,,,76.875,2,17,0,40.0,57.955,96.9525,2168.0,51243.0,18.845,80.0,18.860750000000003,19.903271990315293,5.02429952465398,2483320.92,49426211.71
OUT0299,63.05,Needs Attention,High,2,40.0,Low,1,2,"Inventory, Inventory Wastage",Marketing Growth,Prioritize corrective action | Review inventory levels and replenishment | Reduce inventory wastage and improve stock rotation,"Health: Needs Attention | Risk Areas: Inventory, Inventory Wastage | Recommendation: Prioritize corrective action | Review inventory levels and replenishment | Reduce inventory wastage and improve stock rotation",,,,,,,,,,76.875,2,17,0,40.0,52.61,99.37,518.0,62585.0,19.78575,80.0,22.67589743589744,20.52305714235444,4.872568414460295,6395146.36,131247954.18
OUT0372,63.05,Needs Attention,High,2,40.0,Low,1,2,"Inventory, Inventory Wastage",Marketing Growth,Prioritize corrective action | Review inventory levels and replenishment | Reduce inventory wastage and improve stock rotation,"Health: Needs Attention | Risk Areas: Inventory, Inventory Wastage | Recommendation: Prioritize corrective action | Review inventory levels and replenishment | Reduce inventory wastage and improve stock rotation",,,,,,,,,,76.875,2,17,0,40.0,65.5025,99.3,194.0,17574.0,16.69975,80.0,28.778205128205126,20.11911648059404,4.970397188984682,2102393.21,42298293.88
OUT0433,63.05,Needs Attention,High,2,40.0,Low,1,2,"Inventory, Inventory Wastage",Marketing Growth,Prioritize corrective action | Review inventory levels and replenishment | Reduce inventory wastage and improve stock rotation,"Health: Needs Attention | Risk Areas: Inventory, Inventory Wastage | Recommendation: Prioritize corrective action | Review inventory levels and replenishment | Reduce inventory wastage and improve stock rotation",,,,,,,,,,76.875,2,17,0,40.0,70.4975,96.775,5476.0,98968.0,15.072999999999999,80.0,30.21897435897436,19.95565302438756,5.0111113817118,3824085.13,76312115.99
OUT0522,63.05,Needs Attention,High,2,40.0,Low,1,2,"Inventory, Inventory Wastage",Marketing Growth,Prioritize corrective action | Review inventory levels and replenishment | Reduce inventory wastage and improve stock rotation,"Health: Needs Attention | Risk Areas: Inventory, Inventory Wastage | Recommendation: Prioritize corrective action | Review inventory levels and replenishment | Reduce inventory wastage and improve stock rotation",,,,,,,,,,76.875,2,17,0,40.0,44.894999999999996,99.2375,1071.0,117630.0,22.6265,80.0,31.38275,19.73695733088705,5.066637087141415,9196926.37,181519343.34
OUT0626,63.05,Needs Attention,High,2,40.0,Low,1,2,"Inventory, Inventory Wastage",Marketing Growth,Prioritize corrective action | Review inventory levels and replenishment | Reduce inventory wastage and improve stock rotation,"Health: Needs Attention | Risk Areas: Inventory, Inventory Wastage | Recommendation: Prioritize corrective action | Review inventory levels and replenishment | Reduce inventory wastage and improve stock rotation",,,,,,,,,,76.875,2,17,0,40.0,47.7625,96.6125,2842.0,68813.0,21.6085,80.0,19.682051282051283,19.767234567128597,5.058876579847562,3355816.37,66335209.35
OUT0631,63.05,Needs Attention,High,2,40.0,Low,1,2,"Inventory, Inventory Wastage",Marketing Growth,Prioritize corrective action | Review inventory levels and replenishment | Reduce inventory wastage and improve stock rotation,"Health: Needs Attention | Risk Areas: Inventory, Inventory Wastage | Recommendation: Prioritize corrective action | Review inventory levels and replenishment | Reduce inventory wastage and improve stock rotation",,,,,,,,,,76.875,2,17,0,40.0,66.615,96.64750000000001,2320.0,43257.0,15.721,80.0,25.58815789473684,19.537528195394952,5.11835473760546,3496940.73,68321578.11
OUT0637,63.05,Needs Attention,High,2,40.0,Low,1,2,"Inventory, Inventory Wastage",Marketing Growth,Prioritize corrective action | Review inventory levels and replenishment | Reduce inventory wastage and improve stock rotation,"Health: Needs Attention | Risk Areas: Inventory, Inventory Wastage | Recommendation: Prioritize corrective action | Review inventory levels and replenishment | Reduce inventory wastage and improve stock rotation",,,,,,,,,,76.875,2,17,0,40.0,45.9375,99.2875,842.0,99727.0,21.28375,80.0,28.549,19.62134258693744,5.0964912088418055,4883208.69,95815110.63
OUT0707,63.05,Needs Attention,High,2,40.0,Low,1,2,"Inventory, Inventory Wastage",Marketing Growth,Prioritize corrective action | Review inventory levels and replenishment | Reduce inventory wastage and improve stock rotation,"Health: Needs Attention | Risk Areas: Inventory, Inventory Wastage | Recommendation: Prioritize corrective action | Review inventory levels and replenishment | Reduce inventory wastage and improve stock rotation",,,,,,,,,,76.875,2,17,0,40.0,41.927499999999995,99.21000000000001,1069.0,119537.0,24.208000000000002,80.0,24.053243243243244,21.46263595068388,4.659259945040144,6789821.49,145727466.81
OUT0005,63.12,Needs Attention,High,2,40.0,Low,1,2,"Inventory, Inventory Wastage",Marketing Growth,Prioritize corrective action | Review inventory levels and replenishment | Reduce inventory wastage and improve stock rotation,"Health: Needs Attention | Risk Areas: Inventory, Inventory Wastage | Recommendation: Prioritize corrective action | Review inventory levels and replenishment | Reduce inventory wastage and improve stock rotation",,,,,,,,,,77.0,3,15,0,40.0,57.777499999999996,98.10249999999999,1192.0,45132.0,18.52375,80.0,19.47026315789474,20.05453326948656,4.9864037550129545,3448067.79,69149390.21
OUT0044,63.12,Needs Attention,High,2,40.0,Low,1,2,"Inventory, Inventory Wastage",Marketing Growth,Prioritize corrective action | Review inventory levels and replenishment | Reduce inventory wastage and improve stock rotation,"Health: Needs Attention | Risk Areas: Inventory, Inventory Wastage | Recommendation: Prioritize corrective action | Review inventory levels and replenishment | Reduce inventory wastage and improve stock rotation",,,,,,,,,,77.0,3,15,0,40.0,55.4525,99.285,841.0,89738.0,18.566,80.0,25.71076923076923,19.49747453095164,5.128869374402981,8429711.31,164358081.57
OUT0059,63.12,Needs Attention,High,2,40.0,Low,1,2,"Inventory, Inventory Wastage",Marketing Growth,Prioritize corrective action | Review inventory levels and replenishment | Reduce inventory wastage and improve stock rotation,"Health: Needs Attention | Risk Areas: Inventory, Inventory Wastage | Recommendation: Prioritize corrective action | Review inventory levels and replenishment | Reduce inventory wastage and improve stock rotation",,,,,,,,,,77.0,3,15,0,40.0,68.2975,99.2625,588.0,49162.0,15.580250000000001,80.0,27.16378378378378,19.82775025489328,5.043436532862373,2240055.1,44415253.08
OUT0062,63.12,Needs Attention,High,2,40.0,Low,1,2,"Inventory, Inventory Wastage",Marketing Growth,Prioritize corrective action | Review inventory levels and replenishment | Reduce inventory wastage and improve stock rotation,"Health: Needs Attention | Risk Areas: Inventory, Inventory Wastage | Recommendation: Prioritize corrective action | Review inventory levels and replenishment | Reduce inventory wastage and improve stock rotation",,,,,,,,,,77.0,3,15,0,40.0,68.94500000000001,99.325,204.0,18100.0,15.810749999999999,80.0,23.40820512820513,20.721238504854437,4.825966361835596,686802.96,14231407.94
OUT0233,63.12,Needs Attention,High,2,40.0,Low,1,2,"Inventory, Inventory Wastage",Marketing Growth,Prioritize corrective action | Review inventory levels and replenishment | Reduce inventory wastage and improve stock rotation,"Health: Needs Attention | Risk Areas: Inventory, Inventory Wastage | Recommendation: Prioritize corrective action | Review inventory levels and replenishment | Reduce inventory wastage and improve stock rotation",,,,,,,,,,77.0,3,15,0,40.0,41.252500000000005,96.6875,1375.0,36896.0,24.2575,80.0,32.78615384615385,20.127068758454303,4.968433367029432,3278321.95,65983011.3
OUT0280,63.12,Needs Attention,High,2,40.0,Low,1,2,"Inventory, Inventory Wastage",Marketing Growth,Prioritize corrective action | Review inventory levels and replenishment | Reduce inventory wastage and improve stock rotation,"Health: Needs Attention | Risk Areas: Inventory, Inventory Wastage | Recommendation: Prioritize corrective action | Review inventory levels and replenishment | Reduce inventory wastage and improve stock rotation",,,,,,,,,,77.0,3,15,0,40.0,42.2825,97.91499999999999,849.0,35659.0,24.11975,80.0,23.377222222222223,21.230338964094592,4.710240386134347,2166629.48,45998278.27
OUT0291,63.12,Needs Attention,High,2,40.0,Low,1,2,"Inventory, Inventory Wastage",Marketing Growth,Prioritize corrective action | Review inventory levels and replenishment | Reduce inventory wastage and improve stock rotation,"Health: Needs Attention | Risk Areas: Inventory, Inventory Wastage | Recommendation: Prioritize corrective action | Review inventory levels and replenishment | Reduce inventory wastage and improve stock rotation",,,,,,,,,,77.0,3,15,0,40.0,71.4825,96.885,892.0,16300.0,14.716999999999999,80.0,23.90219512195122,20.795213113612814,4.808798998772401,1114074.07,23167407.71
OUT0349,63.12,Needs Attention,High,2,40.0,Low,1,2,"Inventory, Inventory Wastage",Marketing Growth,Prioritize corrective action | Review inventory levels and replenishment | Reduce inventory wastage and improve stock rotation,"Health: Needs Attention | Risk Areas: Inventory, Inventory Wastage | Recommendation: Prioritize corrective action | Review inventory levels and replenishment | Reduce inventory wastage and improve stock rotation",,,,,,,,,,77.0,3,15,0,40.0,47.64,99.3075,1104.0,132477.0,21.617250000000002,80.0,32.04179487179487,20.281197083597046,4.930675422550754,13149077.34,266679029.0
OUT0363,63.12,Needs Attention,High,2,40.0,Low,1,2,"Inventory, Inventory Wastage",Marketing Growth,Prioritize corrective action | Review inventory levels and replenishment | Reduce inventory wastage and improve stock rotation,"Health: Needs Attention | Risk Areas: Inventory, Inventory Wastage | Recommendation: Prioritize corrective action | Review inventory levels and replenishment | Reduce inventory wastage and improve stock rotation",,,,,,,,,,77.0,3,15,0,40.0,48.002500000000005,96.4025,954.0,21748.0,21.24025,80.0,22.569,20.706651011181627,4.829366175438018,1149952.66,23811668.41
OUT0552,63.12,Needs Attention,High,2,40.0,Low,1,2,"Inventory, Inventory Wastage",Marketing Growth,Prioritize corrective action | Review inventory levels and replenishment | Reduce inventory wastage and improve stock rotation,"Health: Needs Attention | Risk Areas: Inventory, Inventory Wastage | Recommendation: Prioritize corrective action | Review inventory levels and replenishment | Reduce inventory wastage and improve stock rotation",,,,,,,,,,77.0,3,15,0,40.0,58.525,99.2375,225.0,20907.0,18.3065,80.0,21.91368421052632,21.158504733511585,4.726231898685,1957710.43,41422225.4
OUT0701,63.2,Needs Attention,High,2,40.0,Low,1,2,"Inventory, Inventory Wastage",Marketing Growth,Prioritize corrective action | Review inventory levels and replenishment | Reduce inventory wastage and improve stock rotation,"Health: Needs Attention | Risk Areas: Inventory, Inventory Wastage | Recommendation: Prioritize corrective action | Review inventory levels and replenishment | Reduce inventory wastage and improve stock rotation",,,,,,,,,,77.125,4,13,0,40.0,63.015,96.8925,2073.0,44175.0,16.958750000000002,80.0,24.752,20.25946207689316,4.935965210747355,3123092.09,63272165.76
OUT0104,63.28,Needs Attention,High,2,40.0,Low,1,2,"Inventory, Inventory Wastage",Marketing Growth,Prioritize corrective action | Review inventory levels and replenishment | Reduce inventory wastage and improve stock rotation,"Health: Needs Attention | Risk Areas: Inventory, Inventory Wastage | Recommendation: Prioritize corrective action | Review inventory levels and replenishment | Reduce inventory wastage and improve stock rotation",,,,,,,,,,77.25,5,11,0,40.0,42.447500000000005,99.2875,511.0,62921.0,23.575,80.0,19.32948717948718,21.073287589816196,4.74534405577636,5167901.7,108904678.76
OUT0728,63.28,Needs Attention,High,2,40.0,Low,1,2,"Inventory, Inventory Wastage",Marketing Growth,Prioritize corrective action | Review inventory levels and replenishment | Reduce inventory wastage and improve stock rotation,"Health: Needs Attention | Risk Areas: Inventory, Inventory Wastage | Recommendation: Prioritize corrective action | Review inventory levels and replenishment | Reduce inventory wastage and improve stock rotation",,,,,,,,,,77.25,5,11,0,40.0,46.125,96.745,1956.0,50224.0,22.196,80.0,23.401,20.842025697850865,4.797998114468862,4640603.63,96719580.11
OUT0215,63.52,Needs Attention,High,2,40.0,Low,1,2,"Inventory, Inventory Wastage",Marketing Growth,Prioritize corrective action | Review inventory levels and replenishment | Reduce inventory wastage and improve stock rotation,"Health: Needs Attention | Risk Areas: Inventory, Inventory Wastage | Recommendation: Prioritize corrective action | Review inventory levels and replenishment | Reduce inventory wastage and improve stock rotation",,,,,,,,,,77.625,1,18,0,40.0,70.53999999999999,98.095,1669.0,50674.0,15.17625,80.0,22.12225,20.58727671480126,4.857369014139923,2977994.08,61308788.18
OUT0580,63.52,Needs Attention,High,2,40.0,Low,1,2,"Inventory, Inventory Wastage",Marketing Growth,Prioritize corrective action | Review inventory levels and replenishment | Reduce inventory wastage and improve stock rotation,"Health: Needs Attention | Risk Areas: Inventory, Inventory Wastage | Recommendation: Prioritize corrective action | Review inventory levels and replenishment | Reduce inventory wastage and improve stock rotation",,,,,,,,,,77.625,1,18,0,40.0,47.445,97.89500000000001,1013.0,40159.0,21.46425,80.0,35.126666666666665,20.61614265036418,4.850567911559999,2603128.3,53666464.37
OUT0621,63.52,Needs Attention,High,2,40.0,Low,1,2,"Inventory, Inventory Wastage",Marketing Growth,Prioritize corrective action | Review inventory levels and replenishment | Reduce inventory wastage and improve stock rotation,"Health: Needs Attention | Risk Areas: Inventory, Inventory Wastage | Recommendation: Prioritize corrective action | Review inventory levels and replenishment | Reduce inventory wastage and improve stock rotation",,,,,,,,,,77.625,1,18,0,40.0,60.472500000000004,96.77250000000001,1195.0,25375.0,17.94475,80.0,24.41842105263158,20.459689221889217,4.887659774079704,998193.21,20422722.86
OUT0692,63.52,Needs Attention,High,2,40.0,Low,1,2,"Inventory, Inventory Wastage",Marketing Growth,Prioritize corrective action | Review inventory levels and replenishment | Reduce inventory wastage and improve stock rotation,"Health: Needs Attention | Risk Areas: Inventory, Inventory Wastage | Recommendation: Prioritize corrective action | Review inventory levels and replenishment | Reduce inventory wastage and improve stock rotation",,,,,,,,,,77.625,1,18,0,40.0,72.29249999999999,99.3775,204.0,18094.0,14.7005,80.0,22.21375,19.490883134595386,5.130603847421607,1907372.68,37176378.0
OUT0116,63.59,Needs Attention,High,2,40.0,Low,1,2,"Inventory, Inventory Wastage",Marketing Growth,Prioritize corrective action | Review inventory levels and replenishment | Reduce inventory wastage and improve stock rotation,"Health: Needs Attention | Risk Areas: Inventory, Inventory Wastage | Recommendation: Prioritize corrective action | Review inventory levels and replenishment | Reduce inventory wastage and improve stock rotation",,,,,,,,,,77.75,2,16,0,40.0,61.295,96.79499999999999,4014.0,85009.0,17.43825,80.0,21.64578947368421,20.67173894891216,4.837522389729212,9489175.55,196157759.81
OUT0140,63.59,Needs Attention,High,2,40.0,Low,1,2,"Inventory, Inventory Wastage",Marketing Growth,Prioritize corrective action | Review inventory levels and replenishment | Reduce inventory wastage and improve stock rotation,"Health: Needs Attention | Risk Areas: Inventory, Inventory Wastage | Recommendation: Prioritize corrective action | Review inventory levels and replenishment | Reduce inventory wastage and improve stock rotation",,,,,,,,,,77.75,2,16,0,40.0,58.3325,98.005,1911.0,68973.0,17.56175,80.0,31.8745,19.739343212321675,5.066024686048221,6430498.53,126933817.51
OUT0195,63.59,Needs Attention,High,2,40.0,Low,1,2,"Inventory, Inventory Wastage",Marketing Growth,Prioritize corrective action | Review inventory levels and replenishment | Reduce inventory wastage and improve stock rotation,"Health: Needs Attention | Risk Areas: Inventory, Inventory Wastage | Recommendation: Prioritize corrective action | Review inventory levels and replenishment | Reduce inventory wastage and improve stock rotation",,,,,,,,,,77.75,2,16,0,40.0,75.0925,97.935,2464.0,62147.0,14.145,80.0,23.0045,20.112703204022363,4.971982084437107,5114813.86,102872733.11
OUT0214,63.59,Needs Attention,High,2,40.0,Low,1,2,"Inventory, Inventory Wastage",Marketing Growth,Prioritize corrective action | Review inventory levels and replenishment | Reduce inventory wastage and improve stock rotation,"Health: Needs Attention | Risk Areas: Inventory, Inventory Wastage | Recommendation: Prioritize corrective action | Review inventory levels and replenishment | Reduce inventory wastage and improve stock rotation",,,,,,,,,,77.75,2,16,0,40.0,57.5775,99.3075,206.0,21935.0,17.70375,80.0,18.57,20.358112148148784,4.9120468181079975,1350752.39,27498768.64
OUT0220,63.59,Needs Attention,High,2,40.0,Low,1,2,"Inventory, Inventory Wastage",Marketing Growth,Prioritize corrective action | Review inventory levels and replenishment | Reduce inventory wastage and improve stock rotation,"Health: Needs Attention | Risk Areas: Inventory, Inventory Wastage | Recommendation: Prioritize corrective action | Review inventory levels and replenishment | Reduce inventory wastage and improve stock rotation",,,,,,,,,,77.75,2,16,0,40.0,73.4625,98.045,584.0,15770.0,14.535749999999998,80.0,25.663,20.512789259133804,4.875007427645299,933091.97,19140318.94
OUT0229,63.59,Needs Attention,High,2,40.0,Low,1,2,"Inventory, Inventory Wastage",Marketing Growth,Prioritize corrective action | Review inventory levels and replenishment | Reduce inventory wastage and improve stock rotation,"Health: Needs Attention | Risk Areas: Inventory, Inventory Wastage | Recommendation: Prioritize corrective action | Review inventory levels and replenishment | Reduce inventory wastage and improve stock rotation",,,,,,,,,,77.75,2,16,0,40.0,62.165,99.3175,219.0,21783.0,16.6785,80.0,23.20820512820513,20.68948263781256,4.833373639669355,1503852.27,31113925.43
OUT0266,63.59,Needs Attention,High,2,40.0,Low,1,2,"Inventory, Inventory Wastage",Marketing Growth,Prioritize corrective action | Review inventory levels and replenishment | Reduce inventory wastage and improve stock rotation,"Health: Needs Attention | Risk Areas: Inventory, Inventory Wastage | Recommendation: Prioritize corrective action | Review inventory levels and replenishment | Reduce inventory wastage and improve stock rotation",,,,,,,,,,77.75,2,16,0,40.0,62.205,96.8175,2006.0,42496.0,17.1415,80.0,21.16,20.57560771176788,4.860123764062951,4263738.81,87729017.14
OUT0275,63.59,Needs Attention,High,2,40.0,Low,1,2,"Inventory, Inventory Wastage",Marketing Growth,Prioritize corrective action | Review inventory levels and replenishment | Reduce inventory wastage and improve stock rotation,"Health: Needs Attention | Risk Areas: Inventory, Inventory Wastage | Recommendation: Prioritize corrective action | Review inventory levels and replenishment | Reduce inventory wastage and improve stock rotation",,,,,,,,,,77.75,2,16,0,40.0,61.885000000000005,98.0275,2780.0,95841.0,17.49175,80.0,24.107027027027023,21.158433145815465,4.726247889474611,9764932.66,206610674.86
OUT0420,63.59,Needs Attention,High,2,40.0,Low,1,2,"Inventory, Inventory Wastage",Marketing Growth,Prioritize corrective action | Review inventory levels and replenishment | Reduce inventory wastage and improve stock rotation,"Health: Needs Attention | Risk Areas: Inventory, Inventory Wastage | Recommendation: Prioritize corrective action | Review inventory levels and replenishment | Reduce inventory wastage and improve stock rotation",,,,,,,,,,77.75,2,16,0,40.0,63.98,98.0275,1257.0,42314.0,16.594,80.0,19.14153846153846,20.401539642084774,4.901590848257238,4291676.66,87556811.51
OUT0427,63.59,Needs Attention,High,2,40.0,Low,1,2,"Inventory, Inventory Wastage",Marketing Growth,Prioritize corrective action | Review inventory levels and replenishment | Reduce inventory wastage and improve stock rotation,"Health: Needs Attention | Risk Areas: Inventory, Inventory Wastage | Recommendation: Prioritize corrective action | Review inventory levels and replenishment | Reduce inventory wastage and improve stock rotation",,,,,,,,,,77.75,2,16,0,40.0,73.24,99.3475,147.0,12004.0,14.535749999999998,80.0,19.0605,20.007975920880494,4.998006814654308,1255839.94,25126815.28
OUT0476,63.59,Needs Attention,High,2,40.0,Low,1,2,"Inventory, Inventory Wastage",Marketing Growth,Prioritize corrective action | Review inventory levels and replenishment | Reduce inventory wastage and improve stock rotation,"Health: Needs Attention | Risk Areas: Inventory, Inventory Wastage | Recommendation: Prioritize corrective action | Review inventory levels and replenishment | Reduce inventory wastage and improve stock rotation",,,,,,,,,,77.75,2,16,0,40.0,68.735,96.78,4434.0,83335.0,14.789750000000002,80.0,31.44282051282051,20.73838936507002,4.821975238271469,10786133.64,223687039.17
OUT0620,63.59,Needs Attention,High,2,40.0,Low,1,2,"Inventory, Inventory Wastage",Marketing Growth,Prioritize corrective action | Review inventory levels and replenishment | Reduce inventory wastage and improve stock rotation,"Health: Needs Attention | Risk Areas: Inventory, Inventory Wastage | Recommendation: Prioritize corrective action | Review inventory levels and replenishment | Reduce inventory wastage and improve stock rotation",,,,,,,,,,77.75,2,16,0,40.0,47.652499999999996,98.0475,2059.0,87115.0,22.4035,80.0,22.427894736842106,20.51929412273223,4.8734619915221815,4522028.61,92788835.08
OUT0682,63.59,Needs Attention,High,2,40.0,Low,1,2,"Inventory, Inventory Wastage",Marketing Growth,Prioritize corrective action | Review inventory levels and replenishment | Reduce inventory wastage and improve stock rotation,"Health: Needs Attention | Risk Areas: Inventory, Inventory Wastage | Recommendation: Prioritize corrective action | Review inventory levels and replenishment | Reduce inventory wastage and improve stock rotation",,,,,,,,,,77.75,2,16,0,40.0,46.83,99.30499999999999,270.0,32373.0,22.36,80.0,19.96525,22.813683367615624,4.383334264292961,1510605.18,34462468.27
OUT0717,63.59,Needs Attention,High,2,40.0,Low,1,2,"Inventory, Inventory Wastage",Marketing Growth,Prioritize corrective action | Review inventory levels and replenishment | Reduce inventory wastage and improve stock rotation,"Health: Needs Attention | Risk Areas: Inventory, Inventory Wastage | Recommendation: Prioritize corrective action | Review inventory levels and replenishment | Reduce inventory wastage and improve stock rotation",,,,,,,,,,77.75,2,16,0,40.0,63.25,99.3125,617.0,59493.0,16.566,80.0,23.774615384615384,19.895045620561717,5.0263770140164485,4539180.19,90307196.96
OUT0093,63.67,Needs Attention,High,2,40.0,Low,1,2,"Inventory, Inventory Wastage",Marketing Growth,Prioritize corrective action | Review inventory levels and replenishment | Reduce inventory wastage and improve stock rotation,"Health: Needs Attention | Risk Areas: Inventory, Inventory Wastage | Recommendation: Prioritize corrective action | Review inventory levels and replenishment | Reduce inventory wastage and improve stock rotation",,,,,,,,,,77.875,3,14,0,40.0,74.005,96.81750000000001,919.0,15210.0,14.117500000000001,80.0,19.548461538461535,20.063133484971324,4.984266294938769,1562295.35,31344540.15
OUT0235,63.67,Needs Attention,High,2,40.0,Low,1,2,"Inventory, Inventory Wastage",Marketing Growth,Prioritize corrective action | Review inventory levels and replenishment | Reduce inventory wastage and improve stock rotation,"Health: Needs Attention | Risk Areas: Inventory, Inventory Wastage | Recommendation: Prioritize corrective action | Review inventory levels and replenishment | Reduce inventory wastage and improve stock rotation",,,,,,,,,,77.875,3,14,0,40.0,58.375,97.9375,1336.0,46657.0,18.11175,80.0,20.024102564102567,19.317061806412163,5.176770722284778,2248221.91,43429041.59
OUT0257,63.67,Needs Attention,High,2,40.0,Low,1,2,"Inventory, Inventory Wastage",Marketing Growth,Prioritize corrective action | Review inventory levels and replenishment | Reduce inventory wastage and improve stock rotation,"Health: Needs Attention | Risk Areas: Inventory, Inventory Wastage | Recommendation: Prioritize corrective action | Review inventory levels and replenishment | Reduce inventory wastage and improve stock rotation",,,,,,,,,,77.875,3,14,0,40.0,68.7225,99.36,381.0,37135.0,15.84075,80.0,19.94589743589744,20.11987177407567,4.97021060188114,3447695.95,69367200.43
OUT0636,63.67,Needs Attention,High,2,40.0,Low,1,2,"Inventory, Inventory Wastage",Marketing Growth,Prioritize corrective action | Review inventory levels and replenishment | Reduce inventory wastage and improve stock rotation,"Health: Needs Attention | Risk Areas: Inventory, Inventory Wastage | Recommendation: Prioritize corrective action | Review inventory levels and replenishment | Reduce inventory wastage and improve stock rotation",,,,,,,,,,77.875,3,14,0,40.0,68.9275,96.94500000000001,1410.0,27711.0,15.80225,80.0,19.961794871794872,20.2142264979135,4.947010958362514,3426296.64,69259936.33
OUT0651,63.67,Needs Attention,High,2,40.0,Low,1,2,"Inventory, Inventory Wastage",Marketing Growth,Prioritize corrective action | Review inventory levels and replenishment | Reduce inventory wastage and improve stock rotation,"Health: Needs Attention | Risk Areas: Inventory, Inventory Wastage | Recommendation: Prioritize corrective action | Review inventory levels and replenishment | Reduce inventory wastage and improve stock rotation",,,,,,,,,,77.875,3,14,0,40.0,58.1625,96.97999999999999,1844.0,44062.0,18.061,80.0,25.974,20.87417553081148,4.790608369293161,2071908.84,43249388.81
OUT0075,63.75,Needs Attention,High,2,40.0,Low,1,2,"Inventory, Inventory Wastage",Marketing Growth,Prioritize corrective action | Review inventory levels and replenishment | Reduce inventory wastage and improve stock rotation,"Health: Needs Attention | Risk Areas: Inventory, Inventory Wastage | Recommendation: Prioritize corrective action | Review inventory levels and replenishment | Reduce inventory wastage and improve stock rotation",,,,,,,,,,78.0,4,12,0,40.0,69.07000000000001,98.095,752.0,23577.0,15.301750000000002,80.0,22.033947368421053,19.36559640008096,5.1637965562259645,2172148.85,42064957.95
OUT0090,63.75,Needs Attention,High,2,40.0,Low,1,2,"Inventory, Inventory Wastage",Marketing Growth,Prioritize corrective action | Review inventory levels and replenishment | Reduce inventory wastage and improve stock rotation,"Health: Needs Attention | Risk Areas: Inventory, Inventory Wastage | Recommendation: Prioritize corrective action | Review inventory levels and replenishment | Reduce inventory wastage and improve stock rotation",,,,,,,,,,78.0,4,12,0,40.0,71.66499999999999,98.025,854.0,24602.0,15.1555,80.0,24.63692307692308,20.345480994980928,4.915096380600155,1220252.13,24826616.52
OUT0502,63.75,Needs Attention,High,2,40.0,Low,1,2,"Inventory, Inventory Wastage",Marketing Growth,Prioritize corrective action | Review inventory levels and replenishment | Reduce inventory wastage and improve stock rotation,"Health: Needs Attention | Risk Areas: Inventory, Inventory Wastage | Recommendation: Prioritize corrective action | Review inventory levels and replenishment | Reduce inventory wastage and improve stock rotation",,,,,,,,,,78.0,4,12,0,40.0,69.17,99.315,452.0,39986.0,15.822999999999999,80.0,18.86921052631579,20.795007865670527,4.808846461899404,2576023.23,53568423.33
OUT0521,63.75,Needs Attention,High,2,40.0,Low,1,2,"Inventory, Inventory Wastage",Marketing Growth,Prioritize corrective action | Review inventory levels and replenishment | Reduce inventory wastage and improve stock rotation,"Health: Needs Attention | Risk Areas: Inventory, Inventory Wastage | Recommendation: Prioritize corrective action | Review inventory levels and replenishment | Reduce inventory wastage and improve stock rotation",,,,,,,,,,78.0,4,12,0,40.0,54.95,96.7025,3975.0,89924.0,19.163,80.0,27.63625,20.056891118274915,4.985817563165839,9923007.09,199024672.77
OUT0582,63.75,Needs Attention,High,2,40.0,Low,1,2,"Inventory, Inventory Wastage",Marketing Growth,Prioritize corrective action | Review inventory levels and replenishment | Reduce inventory wastage and improve stock rotation,"Health: Needs Attention | Risk Areas: Inventory, Inventory Wastage | Recommendation: Prioritize corrective action | Review inventory levels and replenishment | Reduce inventory wastage and improve stock rotation",,,,,,,,,,78.0,4,12,0,40.0,74.6875,99.2875,668.0,48699.0,14.67925,80.0,24.34,21.372637055298917,4.678879809789641,7016926.8,149970229.74
OUT0593,63.75,Needs Attention,High,2,40.0,Low,1,2,"Inventory, Inventory Wastage",Marketing Growth,Prioritize corrective action | Review inventory levels and replenishment | Reduce inventory wastage and improve stock rotation,"Health: Needs Attention | Risk Areas: Inventory, Inventory Wastage | Recommendation: Prioritize corrective action | Review inventory levels and replenishment | Reduce inventory wastage and improve stock rotation",,,,,,,,,,78.0,4,12,0,40.0,52.5025,96.85249999999999,720.0,17702.0,20.384,80.0,18.82307692307692,20.38543254832144,4.905463730679294,1111587.83,22660198.73
OUT0678,63.75,Needs Attention,High,2,40.0,Low,1,2,"Inventory, Inventory Wastage",Marketing Growth,Prioritize corrective action | Review inventory levels and replenishment | Reduce inventory wastage and improve stock rotation,"Health: Needs Attention | Risk Areas: Inventory, Inventory Wastage | Recommendation: Prioritize corrective action | Review inventory levels and replenishment | Reduce inventory wastage and improve stock rotation",,,,,,,,,,78.0,4,12,0,40.0,46.667500000000004,96.91,631.0,16973.0,22.082749999999997,80.0,18.93075,21.15707300633916,4.726551729061843,1147995.79,24288230.74
OUT0168,63.83,Needs Attention,High,2,40.0,Low,1,2,"Inventory, Inventory Wastage",Marketing Growth,Prioritize corrective action | Review inventory levels and replenishment | Reduce inventory wastage and improve stock rotation,"Health: Needs Attention | Risk Areas: Inventory, Inventory Wastage | Recommendation: Prioritize corrective action | Review inventory levels and replenishment | Reduce inventory wastage and improve stock rotation",,,,,,,,,,78.125,5,10,0,40.0,49.457499999999996,96.67999999999999,1477.0,36119.0,21.31525,80.0,24.38875,19.924141277906145,5.019036886216515,1067842.27,21275840.25
OUT0137,64.06,Needs Attention,High,2,40.0,Low,1,2,"Inventory, Inventory Wastage",Marketing Growth,Prioritize corrective action | Review inventory levels and replenishment | Reduce inventory wastage and improve stock rotation,"Health: Needs Attention | Risk Areas: Inventory, Inventory Wastage | Recommendation: Prioritize corrective action | Review inventory levels and replenishment | Reduce inventory wastage and improve stock rotation",,,,,,,,,,78.5,1,17,0,40.0,65.4125,99.2975,806.0,75106.0,16.174500000000002,80.0,28.867,20.28340537732786,4.930138610342857,9185410.54,186311405.54
OUT0169,64.06,Needs Attention,High,2,40.0,Low,1,2,"Inventory, Inventory Wastage",Marketing Growth,Prioritize corrective action | Review inventory levels and replenishment | Reduce inventory wastage and improve stock rotation,"Health: Needs Attention | Risk Areas: Inventory, Inventory Wastage | Recommendation: Prioritize corrective action | Review inventory levels and replenishment | Reduce inventory wastage and improve stock rotation",,,,,,,,,,78.5,1,17,0,40.0,56.927499999999995,99.3275,319.0,34413.0,18.50575,80.0,22.548,20.08872050133281,4.977917831718819,2343131.71,47070518.02
OUT0277,64.06,Needs Attention,High,2,40.0,Low,1,2,"Inventory, Inventory Wastage",Marketing Growth,Prioritize corrective action | Review inventory levels and replenishment | Reduce inventory wastage and improve stock rotation,"Health: Needs Attention | Risk Areas: Inventory, Inventory Wastage | Recommendation: Prioritize corrective action | Review inventory levels and replenishment | Reduce inventory wastage and improve stock rotation",,,,,,,,,,78.5,1,17,0,40.0,59.325,99.3,364.0,36788.0,17.467750000000002,80.0,20.237368421052636,19.72402545052221,5.069958982300564,1541250.89,30399671.78
OUT0295,64.06,Needs Attention,High,2,40.0,Low,1,2,"Inventory, Inventory Wastage",Marketing Growth,Prioritize corrective action | Review inventory levels and replenishment | Reduce inventory wastage and improve stock rotation,"Health: Needs Attention | Risk Areas: Inventory, Inventory Wastage | Recommendation: Prioritize corrective action | Review inventory levels and replenishment | Reduce inventory wastage and improve stock rotation",,,,,,,,,,78.5,1,17,0,40.0,64.04249999999999,97.85,1628.0,49814.0,16.782,80.0,22.22179487179487,20.467029341187736,4.885906905833205,5231368.32,107070568.9
OUT0421,64.06,Needs Attention,High,2,40.0,Low,1,2,"Inventory, Inventory Wastage",Marketing Growth,Prioritize corrective action | Review inventory levels and replenishment | Reduce inventory wastage and improve stock rotation,"Health: Needs Attention | Risk Areas: Inventory, Inventory Wastage | Recommendation: Prioritize corrective action | Review inventory levels and replenishment | Reduce inventory wastage and improve stock rotation",,,,,,,,,,78.5,1,17,0,40.0,78.025,96.60249999999999,672.0,9597.0,13.43975,80.0,19.776666666666667,19.40115043149542,5.154333520225796,717636.82,13922979.9
OUT0447,64.06,Needs Attention,High,2,40.0,Low,1,2,"Inventory, Inventory Wastage",Marketing Growth,Prioritize corrective action | Review inventory levels and replenishment | Reduce inventory wastage and improve stock rotation,"Health: Needs Attention | Risk Areas: Inventory, Inventory Wastage | Recommendation: Prioritize corrective action | Review inventory levels and replenishment | Reduce inventory wastage and improve stock rotation",,,,,,,,,,78.5,1,17,0,40.0,52.485,99.25750000000001,432.0,45570.0,20.162,80.0,23.257179487179485,20.1052794857774,4.973817950192665,1457790.46,29309284.63
OUT0455,64.06,Needs Attention,High,2,40.0,Low,1,2,"Inventory, Inventory Wastage",Marketing Growth,Prioritize corrective action | Review inventory levels and replenishment | Reduce inventory wastage and improve stock rotation,"Health: Needs Attention | Risk Areas: Inventory, Inventory Wastage | Recommendation: Prioritize corrective action | Review inventory levels and replenishment | Reduce inventory wastage and improve stock rotation",,,,,,,,,,78.5,1,17,0,40.0,65.91499999999999,97.9025,688.0,20945.0,16.082749999999997,80.0,26.35975,19.674096803608133,5.082825453093252,1852636.11,36448942.17
OUT0570,64.06,Needs Attention,High,2,40.0,Low,1,2,"Inventory, Inventory Wastage",Marketing Growth,Prioritize corrective action | Review inventory levels and replenishment | Reduce inventory wastage and improve stock rotation,"Health: Needs Attention | Risk Areas: Inventory, Inventory Wastage | Recommendation: Prioritize corrective action | Review inventory levels and replenishment | Reduce inventory wastage and improve stock rotation",,,,,,,,,,78.5,1,17,0,40.0,62.845000000000006,98.07000000000001,588.0,20798.0,16.838749999999997,80.0,25.15974358974359,20.588328240792517,4.857120929414066,1369545.56,28196653.53
OUT0694,64.06,Needs Attention,High,2,40.0,Low,1,2,"Inventory, Inventory Wastage",Marketing Growth,Prioritize corrective action | Review inventory levels and replenishment | Reduce inventory wastage and improve stock rotation,"Health: Needs Attention | Risk Areas: Inventory, Inventory Wastage | Recommendation: Prioritize corrective action | Review inventory levels and replenishment | Reduce inventory wastage and improve stock rotation",,,,,,,,,,78.5,1,17,0,40.0,79.39750000000001,99.28,442.0,28407.0,13.482499999999998,80.0,18.854,20.27472776140924,4.932248717555618,2660235.45,53935549.53
OUT0735,64.06,Needs Attention,High,2,40.0,Low,1,2,"Inventory, Inventory Wastage",Marketing Growth,Prioritize corrective action | Review inventory levels and replenishment | Reduce inventory wastage and improve stock rotation,"Health: Needs Attention | Risk Areas: Inventory, Inventory Wastage | Recommendation: Prioritize corrective action | Review inventory levels and replenishment | Reduce inventory wastage and improve stock rotation",,,,,,,,,,78.5,1,17,0,40.0,50.505,97.99249999999999,4598.0,181033.0,20.393,80.0,37.79,20.474066472198835,4.884227573246733,14246270.42,291679087.56
OUT0084,64.14,Needs Attention,High,2,40.0,Low,1,2,"Inventory, Inventory Wastage",Marketing Growth,Prioritize corrective action | Review inventory levels and replenishment | Reduce inventory wastage and improve stock rotation,"Health: Needs Attention | Risk Areas: Inventory, Inventory Wastage | Recommendation: Prioritize corrective action | Review inventory levels and replenishment | Reduce inventory wastage and improve stock rotation",,,,,,,,,,78.625,2,15,0,40.0,72.81,99.35249999999999,181.0,16043.0,14.646,80.0,18.657,20.691856778791017,4.83281906834476,1985149.56,41076430.38
OUT0107,64.14,Needs Attention,High,2,40.0,Low,1,2,"Inventory, Inventory Wastage",Marketing Growth,Prioritize corrective action | Review inventory levels and replenishment | Reduce inventory wastage and improve stock rotation,"Health: Needs Attention | Risk Areas: Inventory, Inventory Wastage | Recommendation: Prioritize corrective action | Review inventory levels and replenishment | Reduce inventory wastage and improve stock rotation",,,,,,,,,,78.625,2,15,0,40.0,72.9025,99.365,311.0,27064.0,14.722999999999999,80.0,18.17578947368421,19.8093727594679,5.048115415577959,3434131.23,68027985.64
OUT0112,64.14,Needs Attention,High,2,40.0,Low,1,2,"Inventory, Inventory Wastage",Marketing Growth,Prioritize corrective action | Review inventory levels and replenishment | Reduce inventory wastage and improve stock rotation,"Health: Needs Attention | Risk Areas: Inventory, Inventory Wastage | Recommendation: Prioritize corrective action | Review inventory levels and replenishment | Reduce inventory wastage and improve stock rotation",,,,,,,,,,78.625,2,15,0,40.0,72.5025,99.2675,373.0,28949.0,14.937000000000001,80.0,25.45179487179487,19.33581893172354,5.171748884963637,4314171.07,83418030.65
OUT0143,64.14,Needs Attention,High,2,40.0,Low,1,2,"Inventory, Inventory Wastage",Marketing Growth,Prioritize corrective action | Review inventory levels and replenishment | Reduce inventory wastage and improve stock rotation,"Health: Needs Attention | Risk Areas: Inventory, Inventory Wastage | Recommendation: Prioritize corrective action | Review inventory levels and replenishment | Reduce inventory wastage and improve stock rotation",,,,,,,,,,78.625,2,15,0,40.0,52.7125,96.925,820.0,20655.0,19.48425,80.0,20.4175,20.082948762380912,4.979348460387378,1723888.65,34620767.43
OUT0155,64.14,Needs Attention,High,2,40.0,Low,1,2,"Inventory, Inventory Wastage",Marketing Growth,Prioritize corrective action | Review inventory levels and replenishment | Reduce inventory wastage and improve stock rotation,"Health: Needs Attention | Risk Areas: Inventory, Inventory Wastage | Recommendation: Prioritize corrective action | Review inventory levels and replenishment | Reduce inventory wastage and improve stock rotation",,,,,,,,,,78.625,2,15,0,40.0,61.6375,97.97749999999999,1758.0,59584.0,17.329500000000003,80.0,19.58225,22.12056527844755,4.520680133677765,2493787.63,55163992.06
OUT0315,64.14,Needs Attention,High,2,40.0,Low,1,2,"Inventory, Inventory Wastage",Marketing Growth,Prioritize corrective action | Review inventory levels and replenishment | Reduce inventory wastage and improve stock rotation,"Health: Needs Attention | Risk Areas: Inventory, Inventory Wastage | Recommendation: Prioritize corrective action | Review inventory levels and replenishment | Reduce inventory wastage and improve stock rotation",,,,,,,,,,78.625,2,15,0,40.0,49.144999999999996,98.0475,1054.0,43118.0,20.13325,80.0,24.98974358974359,20.09874641975891,4.975434681920801,3965085.63,79693250.61
OUT0378,64.14,Needs Attention,High,2,40.0,Low,1,2,"Inventory, Inventory Wastage",Marketing Growth,Prioritize corrective action | Review inventory levels and replenishment | Reduce inventory wastage and improve stock rotation,"Health: Needs Attention | Risk Areas: Inventory, Inventory Wastage | Recommendation: Prioritize corrective action | Review inventory levels and replenishment | Reduce inventory wastage and improve stock rotation",,,,,,,,,,78.625,2,15,0,40.0,70.295,96.6425,3201.0,56997.0,15.320250000000001,80.0,19.337,22.29488882358196,4.485332974355408,3715753.37,82842308.28
OUT0467,64.14,Needs Attention,High,2,40.0,Low,1,2,"Inventory, Inventory Wastage",Marketing Growth,Prioritize corrective action | Review inventory levels and replenishment | Reduce inventory wastage and improve stock rotation,"Health: Needs Attention | Risk Areas: Inventory, Inventory Wastage | Recommendation: Prioritize corrective action | Review inventory levels and replenishment | Reduce inventory wastage and improve stock rotation",,,,,,,,,,78.625,2,15,0,40.0,46.7325,99.28,961.0,111294.0,22.11575,80.0,25.796341463414635,20.96640243054763,4.769535466623591,6474445.43,135745828.4
OUT0529,64.14,Needs Attention,High,2,40.0,Low,1,2,"Inventory, Inventory Wastage",Marketing Growth,Prioritize corrective action | Review inventory levels and replenishment | Reduce inventory wastage and improve stock rotation,"Health: Needs Attention | Risk Areas: Inventory, Inventory Wastage | Recommendation: Prioritize corrective action | Review inventory levels and replenishment | Reduce inventory wastage and improve stock rotation",,,,,,,,,,78.625,2,15,0,40.0,75.115,99.2475,647.0,44949.0,14.30125,80.0,19.149210526315787,21.53360960203965,4.643903267872379,3637058.09,78318989.01
OUT0590,64.14,Needs Attention,High,2,40.0,Low,1,2,"Inventory, Inventory Wastage",Marketing Growth,Prioritize corrective action | Review inventory levels and replenishment | Reduce inventory wastage and improve stock rotation,"Health: Needs Attention | Risk Areas: Inventory, Inventory Wastage | Recommendation: Prioritize corrective action | Review inventory levels and replenishment | Reduce inventory wastage and improve stock rotation",,,,,,,,,,78.625,2,15,0,40.0,77.00750000000001,98.03,1271.0,32320.0,14.255,80.0,18.624634146341464,19.41176958104045,5.151513857740738,3699186.22,71807750.54
OUT0602,64.14,Needs Attention,High,2,40.0,Low,1,2,"Inventory, Inventory Wastage",Marketing Growth,Prioritize corrective action | Review inventory levels and replenishment | Reduce inventory wastage and improve stock rotation,"Health: Needs Attention | Risk Areas: Inventory, Inventory Wastage | Recommendation: Prioritize corrective action | Review inventory levels and replenishment | Reduce inventory wastage and improve stock rotation",,,,,,,,,,78.625,2,15,0,40.0,72.635,99.2625,159.0,11792.0,14.8295,80.0,18.36375,20.34378678592504,4.915505704630446,769681.27,15658231.65
OUT0657,64.14,Needs Attention,High,2,40.0,Low,1,2,"Inventory, Inventory Wastage",Marketing Growth,Prioritize corrective action | Review inventory levels and replenishment | Reduce inventory wastage and improve stock rotation,"Health: Needs Attention | Risk Areas: Inventory, Inventory Wastage | Recommendation: Prioritize corrective action | Review inventory levels and replenishment | Reduce inventory wastage and improve stock rotation",,,,,,,,,,78.625,2,15,0,40.0,73.1875,99.315,468.0,38137.0,15.039750000000002,80.0,21.986410256410256,20.89152372439618,4.786630277389701,2267709.77,47375912.46
OUT0741,64.14,Needs Attention,High,2,40.0,Low,1,2,"Inventory, Inventory Wastage",Marketing Growth,Prioritize corrective action | Review inventory levels and replenishment | Reduce inventory wastage and improve stock rotation,"Health: Needs Attention | Risk Areas: Inventory, Inventory Wastage | Recommendation: Prioritize corrective action | Review inventory levels and replenishment | Reduce inventory wastage and improve stock rotation",,,,,,,,,,78.625,2,15,0,40.0,72.8125,96.78999999999999,1401.0,24459.0,14.673750000000002,80.0,17.854054054054053,21.67615854681208,4.613363561815572,2821640.84,61162334.21
OUT0036,64.22,Needs Attention,High,2,40.0,Low,1,2,"Inventory, Inventory Wastage",Marketing Growth,Prioritize corrective action | Review inventory levels and replenishment | Reduce inventory wastage and improve stock rotation,"Health: Needs Attention | Risk Areas: Inventory, Inventory Wastage | Recommendation: Prioritize corrective action | Review inventory levels and replenishment | Reduce inventory wastage and improve stock rotation",,,,,,,,,,78.75,3,13,0,40.0,43.945,96.5575,2149.0,53099.0,23.489250000000002,80.0,18.412894736842105,20.02608900708041,4.993486245099781,2911740.94,58310783.23
OUT0041,64.22,Needs Attention,High,2,40.0,Low,1,2,"Inventory, Inventory Wastage",Marketing Growth,Prioritize corrective action | Review inventory levels and replenishment | Reduce inventory wastage and improve stock rotation,"Health: Needs Attention | Risk Areas: Inventory, Inventory Wastage | Recommendation: Prioritize corrective action | Review inventory levels and replenishment | Reduce inventory wastage and improve stock rotation",,,,,,,,,,78.75,3,13,0,40.0,44.239999999999995,97.0175,3312.0,95686.0,22.66225,80.0,26.50225,20.998290143651275,4.762292516004428,4607164.8100000005,96742583.42
OUT0117,64.22,Needs Attention,High,2,40.0,Low,1,2,"Inventory, Inventory Wastage",Marketing Growth,Prioritize corrective action | Review inventory levels and replenishment | Reduce inventory wastage and improve stock rotation,"Health: Needs Attention | Risk Areas: Inventory, Inventory Wastage | Recommendation: Prioritize corrective action | Review inventory levels and replenishment | Reduce inventory wastage and improve stock rotation",,,,,,,,,,78.75,3,13,0,40.0,43.8875,99.31,279.0,35224.0,23.24975,80.0,19.42475,20.89751457479158,4.785258057464346,1445145.88,30199957.09
OUT0407,64.22,Needs Attention,High,2,40.0,Low,1,2,"Inventory, Inventory Wastage",Marketing Growth,Prioritize corrective action | Review inventory levels and replenishment | Reduce inventory wastage and improve stock rotation,"Health: Needs Attention | Risk Areas: Inventory, Inventory Wastage | Recommendation: Prioritize corrective action | Review inventory levels and replenishment | Reduce inventory wastage and improve stock rotation",,,,,,,,,,78.75,3,13,0,40.0,62.235,99.35249999999999,268.0,27907.0,17.2885,80.0,24.858205128205128,21.785383414508324,4.59023364874099,2823470.23,61510381.52
OUT0534,64.22,Needs Attention,High,2,40.0,Low,1,2,"Inventory, Inventory Wastage",Marketing Growth,Prioritize corrective action | Review inventory levels and replenishment | Reduce inventory wastage and improve stock rotation,"Health: Needs Attention | Risk Areas: Inventory, Inventory Wastage | Recommendation: Prioritize corrective action | Review inventory levels and replenishment | Reduce inventory wastage and improve stock rotation",,,,,,,,,,78.75,3,13,0,40.0,53.5425,99.315,531.0,59527.0,19.584,80.0,26.8775,19.48327412934136,5.132607555390411,4113241.78,80139417.16
OUT0562,64.22,Needs Attention,High,2,40.0,Low,1,2,"Inventory, Inventory Wastage",Marketing Growth,Prioritize corrective action | Review inventory levels and replenishment | Reduce inventory wastage and improve stock rotation,"Health: Needs Attention | Risk Areas: Inventory, Inventory Wastage | Recommendation: Prioritize corrective action | Review inventory levels and replenishment | Reduce inventory wastage and improve stock rotation",,,,,,,,,,78.75,3,13,0,40.0,44.4525,99.3725,772.0,105457.0,23.6255,80.0,26.972368421052632,19.949836842306823,5.012572322793838,8792015.7,175399278.73
OUT0623,64.22,Needs Attention,High,2,40.0,Low,1,2,"Inventory, Inventory Wastage",Marketing Growth,Prioritize corrective action | Review inventory levels and replenishment | Reduce inventory wastage and improve stock rotation,"Health: Needs Attention | Risk Areas: Inventory, Inventory Wastage | Recommendation: Prioritize corrective action | Review inventory levels and replenishment | Reduce inventory wastage and improve stock rotation",,,,,,,,,,78.75,3,13,0,40.0,46.665,96.8725,2619.0,69548.0,21.8905,80.0,21.23075,20.544559568924555,4.867468668019477,4340808.6,89180000.86
OUT0664,64.22,Needs Attention,High,2,40.0,Low,1,2,"Inventory, Inventory Wastage",Marketing Growth,Prioritize corrective action | Review inventory levels and replenishment | Reduce inventory wastage and improve stock rotation,"Health: Needs Attention | Risk Areas: Inventory, Inventory Wastage | Recommendation: Prioritize corrective action | Review inventory levels and replenishment | Reduce inventory wastage and improve stock rotation",,,,,,,,,,78.75,3,13,0,40.0,48.765,99.28999999999999,320.0,36812.0,21.32775,80.0,23.339,21.66461764319932,4.615821135038159,1650469.14,35756782.85
OUT0704,64.22,Needs Attention,High,2,40.0,Low,1,2,"Inventory, Inventory Wastage",Marketing Growth,Prioritize corrective action | Review inventory levels and replenishment | Reduce inventory wastage and improve stock rotation,"Health: Needs Attention | Risk Areas: Inventory, Inventory Wastage | Recommendation: Prioritize corrective action | Review inventory levels and replenishment | Reduce inventory wastage and improve stock rotation",,,,,,,,,,78.75,3,13,0,40.0,48.815,99.4025,113.0,15652.0,20.709,80.0,20.168684210526315,22.96130482705778,4.355153191562494,621338.74,14266748.21
OUT0333,64.3,Needs Attention,High,2,40.0,Low,1,2,"Inventory, Inventory Wastage",Marketing Growth,Prioritize corrective action | Review inventory levels and replenishment | Reduce inventory wastage and improve stock rotation,"Health: Needs Attention | Risk Areas: Inventory, Inventory Wastage | Recommendation: Prioritize corrective action | Review inventory levels and replenishment | Reduce inventory wastage and improve stock rotation",,,,,,,,,,78.875,4,11,0,40.0,53.5425,96.705,1118.0,25487.0,19.92575,80.0,18.291282051282053,19.612021896784505,5.098913336232585,2470623.94,48453930.81
OUT0354,64.3,Needs Attention,High,2,40.0,Low,1,2,"Inventory, Inventory Wastage",Marketing Growth,Prioritize corrective action | Review inventory levels and replenishment | Reduce inventory wastage and improve stock rotation,"Health: Needs Attention | Risk Areas: Inventory, Inventory Wastage | Recommendation: Prioritize corrective action | Review inventory levels and replenishment | Reduce inventory wastage and improve stock rotation",,,,,,,,,,78.875,4,11,0,40.0,60.9,99.3275,973.0,99905.0,17.721,80.0,26.29051282051282,21.3481464315009,4.68424742732896,10709376.81,228625344.33
OUT0359,64.3,Needs Attention,High,2,40.0,Low,1,2,"Inventory, Inventory Wastage",Marketing Growth,Prioritize corrective action | Review inventory levels and replenishment | Reduce inventory wastage and improve stock rotation,"Health: Needs Attention | Risk Areas: Inventory, Inventory Wastage | Recommendation: Prioritize corrective action | Review inventory levels and replenishment | Reduce inventory wastage and improve stock rotation",,,,,,,,,,78.875,4,11,0,40.0,47.5125,99.3125,832.0,97890.0,22.3145,80.0,31.84425,20.29396500721706,4.927573294052562,9895234.7,200813546.74
OUT0571,64.3,Needs Attention,High,2,40.0,Low,1,2,"Inventory, Inventory Wastage",Marketing Growth,Prioritize corrective action | Review inventory levels and replenishment | Reduce inventory wastage and improve stock rotation,"Health: Needs Attention | Risk Areas: Inventory, Inventory Wastage | Recommendation: Prioritize corrective action | Review inventory levels and replenishment | Reduce inventory wastage and improve stock rotation",,,,,,,,,,78.875,4,11,0,40.0,77.55,96.905,3900.0,59471.0,13.720249999999998,80.0,39.25410256410257,20.524391661953626,4.872251594446597,5961118.2,122348324.68
OUT0591,64.38,Needs Attention,High,2,40.0,Low,1,2,"Inventory, Inventory Wastage",Marketing Growth,Prioritize corrective action | Review inventory levels and replenishment | Reduce inventory wastage and improve stock rotation,"Health: Needs Attention | Risk Areas: Inventory, Inventory Wastage | Recommendation: Prioritize corrective action | Review inventory levels and replenishment | Reduce inventory wastage and improve stock rotation",,,,,,,,,,79.0,5,9,0,40.0,73.14750000000001,96.56,3407.0,54575.0,14.72275,80.0,23.94,19.576510277911098,5.108162720545434,6133481.25,120072158.73
OUT0017,64.61,Needs Attention,High,2,40.0,Low,1,2,"Inventory, Inventory Wastage",Marketing Growth,Prioritize corrective action | Review inventory levels and replenishment | Reduce inventory wastage and improve stock rotation,"Health: Needs Attention | Risk Areas: Inventory, Inventory Wastage | Recommendation: Prioritize corrective action | Review inventory levels and replenishment | Reduce inventory wastage and improve stock rotation",,,,,,,,,,79.375,1,16,0,40.0,63.8725,99.295,789.0,73877.0,16.95525,80.0,26.174,20.10647124943643,4.973523138865201,3348335.93,67323220.11
OUT0034,64.61,Needs Attention,High,2,40.0,Low,1,2,"Inventory, Inventory Wastage",Marketing Growth,Prioritize corrective action | Review inventory levels and replenishment | Reduce inventory wastage and improve stock rotation,"Health: Needs Attention | Risk Areas: Inventory, Inventory Wastage | Recommendation: Prioritize corrective action | Review inventory levels and replenishment | Reduce inventory wastage and improve stock rotation",,,,,,,,,,79.375,1,16,0,40.0,64.64750000000001,99.3175,513.0,49482.0,16.506,80.0,26.05076923076923,20.3407999112472,4.91622750512905,3950748.3,80361380.67
OUT0061,64.61,Needs Attention,High,2,40.0,Low,1,2,"Inventory, Inventory Wastage",Marketing Growth,Prioritize corrective action | Review inventory levels and replenishment | Reduce inventory wastage and improve stock rotation,"Health: Needs Attention | Risk Areas: Inventory, Inventory Wastage | Recommendation: Prioritize corrective action | Review inventory levels and replenishment | Reduce inventory wastage and improve stock rotation",,,,,,,,,,71.875,4,19,0,40.0,70.2875,96.4125,3828.0,62013.0,14.578,92.5,29.08894736842105,21.184348905453124,4.720466059462357,7605510.25,161117782.74
OUT0077,64.61,Needs Attention,High,2,40.0,Low,1,2,"Inventory, Inventory Wastage",Marketing Growth,Prioritize corrective action | Review inventory levels and replenishment | Reduce inventory wastage and improve stock rotation,"Health: Needs Attention | Risk Areas: Inventory, Inventory Wastage | Recommendation: Prioritize corrective action | Review inventory levels and replenishment | Reduce inventory wastage and improve stock rotation",,,,,,,,,,79.375,1,16,0,40.0,55.177499999999995,99.345,431.0,48685.0,19.69725,80.0,25.96974358974359,20.8775936330066,4.789824045713017,2912763.19,60811486.23
OUT0086,64.61,Needs Attention,High,2,40.0,Low,1,2,"Inventory, Inventory Wastage",Marketing Growth,Prioritize corrective action | Review inventory levels and replenishment | Reduce inventory wastage and improve stock rotation,"Health: Needs Attention | Risk Areas: Inventory, Inventory Wastage | Recommendation: Prioritize corrective action | Review inventory levels and replenishment | Reduce inventory wastage and improve stock rotation",,,,,,,,,,79.375,1,16,0,40.0,71.775,96.66749999999999,6192.0,105055.0,15.2315,80.0,32.53125,20.08708917144866,4.978322102643809,11438131.21,229758761.57
OUT0146,64.61,Needs Attention,High,2,40.0,Low,1,2,"Inventory, Inventory Wastage",Marketing Growth,Prioritize corrective action | Review inventory levels and replenishment | Reduce inventory wastage and improve stock rotation,"Health: Needs Attention | Risk Areas: Inventory, Inventory Wastage | Recommendation: Prioritize corrective action | Review inventory levels and replenishment | Reduce inventory wastage and improve stock rotation",,,,,,,,,,79.375,1,16,0,40.0,75.765,96.7475,2703.0,43090.0,13.80225,80.0,26.45692307692308,20.42060302537124,4.897015033089701,2015739.4,41162614.09
OUT0213,64.61,Needs Attention,High,2,40.0,Low,1,2,"Inventory, Inventory Wastage",Marketing Growth,Prioritize corrective action | Review inventory levels and replenishment | Reduce inventory wastage and improve stock rotation,"Health: Needs Attention | Risk Areas: Inventory, Inventory Wastage | Recommendation: Prioritize corrective action | Review inventory levels and replenishment | Reduce inventory wastage and improve stock rotation",,,,,,,,,,79.375,1,16,0,40.0,75.435,96.75750000000001,1105.0,18048.0,14.48125,80.0,24.965897435897435,19.807198939764632,5.048669441050624,2583079.26,51163564.78
OUT0217,64.61,Needs Attention,High,2,40.0,Low,1,2,"Inventory, Inventory Wastage",Marketing Growth,Prioritize corrective action | Review inventory levels and replenishment | Reduce inventory wastage and improve stock rotation,"Health: Needs Attention | Risk Areas: Inventory, Inventory Wastage | Recommendation: Prioritize corrective action | Review inventory levels and replenishment | Reduce inventory wastage and improve stock rotation",,,,,,,,,,79.375,1,16,0,40.0,43.355000000000004,99.3075,1060.0,130579.0,23.681,80.0,31.00125,20.54110288892608,4.868287771145484,3351973.27,68853227.82
OUT0441,64.61,Needs Attention,High,2,40.0,Low,1,2,"Inventory, Inventory Wastage",Marketing Growth,Prioritize corrective action | Review inventory levels and replenishment | Reduce inventory wastage and improve stock rotation,"Health: Needs Attention | Risk Areas: Inventory, Inventory Wastage | Recommendation: Prioritize corrective action | Review inventory levels and replenishment | Reduce inventory wastage and improve stock rotation",,,,,,,,,,79.375,1,16,0,40.0,79.2325,96.69,2906.0,41790.0,13.435749999999999,80.0,31.2109756097561,20.17254109919664,4.957233672657257,6348749.4,128070408.2
OUT0469,64.61,Needs Attention,High,2,40.0,Low,1,2,"Inventory, Inventory Wastage",Marketing Growth,Prioritize corrective action | Review inventory levels and replenishment | Reduce inventory wastage and improve stock rotation,"Health: Needs Attention | Risk Areas: Inventory, Inventory Wastage | Recommendation: Prioritize corrective action | Review inventory levels and replenishment | Reduce inventory wastage and improve stock rotation",,,,,,,,,,79.375,1,16,0,40.0,49.2625,99.385,942.0,123480.0,20.6525,80.0,30.189,19.747972340895505,5.063811021899848,9007908.41,177887926.13
OUT0483,64.61,Needs Attention,High,2,40.0,Low,1,2,"Inventory, Inventory Wastage",Marketing Growth,Prioritize corrective action | Review inventory levels and replenishment | Reduce inventory wastage and improve stock rotation,"Health: Needs Attention | Risk Areas: Inventory, Inventory Wastage | Recommendation: Prioritize corrective action | Review inventory levels and replenishment | Reduce inventory wastage and improve stock rotation",,,,,,,,,,79.375,1,16,0,40.0,54.779999999999994,96.925,1841.0,44783.0,19.698500000000003,80.0,18.11974358974359,20.10786047901048,4.973179523718332,4807861.83,96675814.88
OUT0611,64.61,Needs Attention,High,2,40.0,Low,1,2,"Inventory, Inventory Wastage",Marketing Growth,Prioritize corrective action | Review inventory levels and replenishment | Reduce inventory wastage and improve stock rotation,"Health: Needs Attention | Risk Areas: Inventory, Inventory Wastage | Recommendation: Prioritize corrective action | Review inventory levels and replenishment | Reduce inventory wastage and improve stock rotation",,,,,,,,,,79.375,1,16,0,40.0,77.4,96.995,3816.0,63039.0,13.806000000000001,80.0,27.48794871794872,20.14054207781067,4.965109658601118,5237012.37,105476268.0
OUT0647,64.61,Needs Attention,High,2,40.0,Low,1,2,"Inventory, Inventory Wastage",Marketing Growth,Prioritize corrective action | Review inventory levels and replenishment | Reduce inventory wastage and improve stock rotation,"Health: Needs Attention | Risk Areas: Inventory, Inventory Wastage | Recommendation: Prioritize corrective action | Review inventory levels and replenishment | Reduce inventory wastage and improve stock rotation",,,,,,,,,,79.375,1,16,0,40.0,64.94,99.22749999999999,677.0,56195.0,17.19575,80.0,21.88375,20.46855191809336,4.885543461997628,6026695.7,123357733.83
OUT0015,64.69,Needs Attention,High,2,40.0,Low,1,2,"Inventory, Inventory Wastage",Marketing Growth,Prioritize corrective action | Review inventory levels and replenishment | Reduce inventory wastage and improve stock rotation,"Health: Needs Attention | Risk Areas: Inventory, Inventory Wastage | Recommendation: Prioritize corrective action | Review inventory levels and replenishment | Reduce inventory wastage and improve stock rotation",,,,,,,,,,79.5,2,14,0,40.0,70.9475,98.11749999999999,1012.0,31550.0,15.616499999999998,80.0,19.406153846153845,20.428144194373843,4.895207271326251,3047398.51,62252696.18
OUT0224,64.69,Needs Attention,High,2,40.0,Low,1,2,"Inventory, Inventory Wastage",Marketing Growth,Prioritize corrective action | Review inventory levels and replenishment | Reduce inventory wastage and improve stock rotation,"Health: Needs Attention | Risk Areas: Inventory, Inventory Wastage | Recommendation: Prioritize corrective action | Review inventory levels and replenishment | Reduce inventory wastage and improve stock rotation",,,,,,,,,,72.0,5,17,0,40.0,46.8075,99.3075,758.0,87455.0,21.44025,92.5,40.2405,22.109105616091224,4.52302330706761,2899386.13,64102834.17
OUT0273,64.69,Needs Attention,High,2,40.0,Low,1,2,"Inventory, Inventory Wastage",Marketing Growth,Prioritize corrective action | Review inventory levels and replenishment | Reduce inventory wastage and improve stock rotation,"Health: Needs Attention | Risk Areas: Inventory, Inventory Wastage | Recommendation: Prioritize corrective action | Review inventory levels and replenishment | Reduce inventory wastage and improve stock rotation",,,,,,,,,,79.5,2,14,0,40.0,47.13,96.675,867.0,21577.0,21.58425,80.0,20.198684210526316,20.561995345281268,4.863341242947456,1645500.07,33834764.78
OUT0307,64.69,Needs Attention,High,2,40.0,Low,1,2,"Inventory, Inventory Wastage",Marketing Growth,Prioritize corrective action | Review inventory levels and replenishment | Reduce inventory wastage and improve stock rotation,"Health: Needs Attention | Risk Areas: Inventory, Inventory Wastage | Recommendation: Prioritize corrective action | Review inventory levels and replenishment | Reduce inventory wastage and improve stock rotation",,,,,,,,,,79.5,2,14,0,40.0,56.02,99.2675,229.0,23527.0,18.88375,80.0,23.41153846153846,20.924021432810765,4.77919602219442,2230874.92,46678874.64
OUT0439,64.69,Needs Attention,High,2,40.0,Low,1,2,"Inventory, Inventory Wastage",Marketing Growth,Prioritize corrective action | Review inventory levels and replenishment | Reduce inventory wastage and improve stock rotation,"Health: Needs Attention | Risk Areas: Inventory, Inventory Wastage | Recommendation: Prioritize corrective action | Review inventory levels and replenishment | Reduce inventory wastage and improve stock rotation",,,,,,,,,,79.5,2,14,0,40.0,44.0475,99.385,311.0,42946.0,23.45825,80.0,19.992820512820515,20.72571568416966,4.824923854203991,1348426.5,27947104.26
OUT0488,64.69,Needs Attention,High,2,40.0,Low,1,2,"Inventory, Inventory Wastage",Marketing Growth,Prioritize corrective action | Review inventory levels and replenishment | Reduce inventory wastage and improve stock rotation,"Health: Needs Attention | Risk Areas: Inventory, Inventory Wastage | Recommendation: Prioritize corrective action | Review inventory levels and replenishment | Reduce inventory wastage and improve stock rotation",,,,,,,,,,79.5,2,14,0,40.0,66.95750000000001,96.4975,1559.0,27927.0,16.557750000000002,80.0,19.14128205128205,19.5164378045608,5.123885875148333,3564054.42,69557646.42
OUT0507,64.69,Needs Attention,High,2,40.0,Low,1,2,"Inventory, Inventory Wastage",Marketing Growth,Prioritize corrective action | Review inventory levels and replenishment | Reduce inventory wastage and improve stock rotation,"Health: Needs Attention | Risk Areas: Inventory, Inventory Wastage | Recommendation: Prioritize corrective action | Review inventory levels and replenishment | Reduce inventory wastage and improve stock rotation",,,,,,,,,,79.5,2,14,0,40.0,64.8025,99.28999999999999,222.0,20053.0,16.68225,80.0,20.58421052631579,20.694350269309933,4.832236755376741,1009372.36,20888305.17
OUT0606,64.69,Needs Attention,High,2,40.0,Low,1,2,"Inventory, Inventory Wastage",Marketing Growth,Prioritize corrective action | Review inventory levels and replenishment | Reduce inventory wastage and improve stock rotation,"Health: Needs Attention | Risk Areas: Inventory, Inventory Wastage | Recommendation: Prioritize corrective action | Review inventory levels and replenishment | Reduce inventory wastage and improve stock rotation",,,,,,,,,,79.5,2,14,0,40.0,63.49249999999999,96.9025,4218.0,91068.0,17.81975,80.0,32.13263157894737,20.21989329955453,4.945624515348116,9087639.66,183751104.27
OUT0618,64.69,Needs Attention,High,2,40.0,Low,1,2,"Inventory, Inventory Wastage",Marketing Growth,Prioritize corrective action | Review inventory levels and replenishment | Reduce inventory wastage and improve stock rotation,"Health: Needs Attention | Risk Areas: Inventory, Inventory Wastage | Recommendation: Prioritize corrective action | Review inventory levels and replenishment | Reduce inventory wastage and improve stock rotation",,,,,,,,,,79.5,2,14,0,40.0,54.9975,96.765,1937.0,45392.0,18.96275,80.0,20.7315,20.378457570697314,4.907142734089574,2456496.77,50059615.2
OUT0635,64.69,Needs Attention,High,2,40.0,Low,1,2,"Inventory, Inventory Wastage",Marketing Growth,Prioritize corrective action | Review inventory levels and replenishment | Reduce inventory wastage and improve stock rotation,"Health: Needs Attention | Risk Areas: Inventory, Inventory Wastage | Recommendation: Prioritize corrective action | Review inventory levels and replenishment | Reduce inventory wastage and improve stock rotation",,,,,,,,,,79.5,2,14,0,40.0,50.93,98.0925,840.0,35013.0,20.792,80.0,21.034615384615385,19.392821362299227,5.156547267248376,3049641.02,59141143.52
OUT0430,64.77,Needs Attention,High,2,40.0,Low,1,2,"Inventory, Inventory Wastage",Marketing Growth,Prioritize corrective action | Review inventory levels and replenishment | Reduce inventory wastage and improve stock rotation,"Health: Needs Attention | Risk Areas: Inventory, Inventory Wastage | Recommendation: Prioritize corrective action | Review inventory levels and replenishment | Reduce inventory wastage and improve stock rotation",,,,,,,,,,79.625,3,12,0,40.0,70.6875,98.06,646.0,19480.0,15.4435,80.0,24.352894736842103,20.36209143653708,4.911086874925,871513.32,17745833.91
OUT0679,64.77,Needs Attention,High,2,40.0,Low,1,2,"Inventory, Inventory Wastage",Marketing Growth,Prioritize corrective action | Review inventory levels and replenishment | Reduce inventory wastage and improve stock rotation,"Health: Needs Attention | Risk Areas: Inventory, Inventory Wastage | Recommendation: Prioritize corrective action | Review inventory levels and replenishment | Reduce inventory wastage and improve stock rotation",,,,,,,,,,79.625,3,12,0,40.0,67.425,99.3425,705.0,65686.0,16.70175,80.0,22.80307692307692,20.183865076461387,4.954452460971955,3043825.89,61436171.08
OUT0706,64.77,Needs Attention,High,2,40.0,Low,1,2,"Inventory, Inventory Wastage",Marketing Growth,Prioritize corrective action | Review inventory levels and replenishment | Reduce inventory wastage and improve stock rotation,"Health: Needs Attention | Risk Areas: Inventory, Inventory Wastage | Recommendation: Prioritize corrective action | Review inventory levels and replenishment | Reduce inventory wastage and improve stock rotation",,,,,,,,,,79.625,3,12,0,40.0,63.8,96.9975,1751.0,38287.0,16.752000000000002,80.0,18.03282051282051,21.575778857327716,4.634826889043559,1605187.44,34633169.23
OUT0144,64.84,Needs Attention,High,2,40.0,Low,1,2,"Inventory, Inventory Wastage",Marketing Growth,Prioritize corrective action | Review inventory levels and replenishment | Reduce inventory wastage and improve stock rotation,"Health: Needs Attention | Risk Areas: Inventory, Inventory Wastage | Recommendation: Prioritize corrective action | Review inventory levels and replenishment | Reduce inventory wastage and improve stock rotation",,,,,,,,,,79.75,4,10,0,40.0,56.14,99.3375,243.0,27173.0,18.339,80.0,22.75102564102564,21.901850188503133,4.5658243088747215,921968.76,20192821.66
OUT0239,64.84,Needs Attention,High,2,40.0,Low,1,2,"Inventory, Inventory Wastage",Marketing Growth,Prioritize corrective action | Review inventory levels and replenishment | Reduce inventory wastage and improve stock rotation,"Health: Needs Attention | Risk Areas: Inventory, Inventory Wastage | Recommendation: Prioritize corrective action | Review inventory levels and replenishment | Reduce inventory wastage and improve stock rotation",,,,,,,,,,79.75,4,10,0,40.0,55.33,99.3775,560.0,67559.0,19.9685,80.0,24.748205128205125,20.272619237870817,4.93276171305937,6497280.14,131716886.36
OUT0604,64.92,Needs Attention,High,2,40.0,Low,1,2,"Inventory, Inventory Wastage",Marketing Growth,Prioritize corrective action | Review inventory levels and replenishment | Reduce inventory wastage and improve stock rotation,"Health: Needs Attention | Risk Areas: Inventory, Inventory Wastage | Recommendation: Prioritize corrective action | Review inventory levels and replenishment | Reduce inventory wastage and improve stock rotation",,,,,,,,,,72.375,8,11,0,40.0,42.3925,99.385,962.0,135447.0,23.744,92.5,32.50846153846154,20.992506779312794,4.763604511422413,13003239.07,272970584.33
OUT0737,65.08,Stable,High,2,40.0,Low,1,2,"Inventory, Inventory Wastage",Marketing Growth,Prioritize corrective action | Review inventory levels and replenishment | Reduce inventory wastage and improve stock rotation,"Health: Stable | Risk Areas: Inventory, Inventory Wastage | Recommendation: Prioritize corrective action | Review inventory levels and replenishment | Reduce inventory wastage and improve stock rotation",,,,,,,,,,72.625,3,20,0,40.0,66.39,99.2475,846.0,72525.0,15.9575,92.5,29.78116279069767,22.638228500809067,4.417306769230026,5331453.07,120694652.84
OUT0035,65.16,Stable,High,2,40.0,Low,1,2,"Inventory, Inventory Wastage",Marketing Growth,Prioritize corrective action | Review inventory levels and replenishment | Reduce inventory wastage and improve stock rotation,"Health: Stable | Risk Areas: Inventory, Inventory Wastage | Recommendation: Prioritize corrective action | Review inventory levels and replenishment | Reduce inventory wastage and improve stock rotation",,,,,,,,,,80.25,1,15,0,40.0,77.4225,98.13,1274.0,33209.0,14.24725,80.0,28.40025,20.107489154813965,4.9732713632253205,1603501.77,32242394.45
OUT0300,65.16,Stable,High,2,40.0,Low,1,2,"Inventory, Inventory Wastage",Marketing Growth,Prioritize corrective action | Review inventory levels and replenishment | Reduce inventory wastage and improve stock rotation,"Health: Stable | Risk Areas: Inventory, Inventory Wastage | Recommendation: Prioritize corrective action | Review inventory levels and replenishment | Reduce inventory wastage and improve stock rotation",,,,,,,,,,80.25,1,15,0,40.0,43.415,98.175,2516.0,119595.0,23.357499999999998,80.0,29.60692307692308,20.24261215747949,4.940073900642847,11052313.28,223727691.17
OUT0556,65.16,Stable,High,2,40.0,Low,1,2,"Inventory, Inventory Wastage",Marketing Growth,Prioritize corrective action | Review inventory levels and replenishment | Reduce inventory wastage and improve stock rotation,"Health: Stable | Risk Areas: Inventory, Inventory Wastage | Recommendation: Prioritize corrective action | Review inventory levels and replenishment | Reduce inventory wastage and improve stock rotation",,,,,,,,,,80.25,1,15,0,40.0,66.405,96.82000000000001,3040.0,59832.0,16.2745,80.0,33.58075,20.40642183080848,4.900418154104095,3703574.06,75576694.55
OUT0574,65.16,Stable,High,2,40.0,Low,1,2,"Inventory, Inventory Wastage",Marketing Growth,Prioritize corrective action | Review inventory levels and replenishment | Reduce inventory wastage and improve stock rotation,"Health: Stable | Risk Areas: Inventory, Inventory Wastage | Recommendation: Prioritize corrective action | Review inventory levels and replenishment | Reduce inventory wastage and improve stock rotation",,,,,,,,,,80.25,1,15,0,40.0,43.265,99.39,451.0,62383.0,23.3875,80.0,17.890833333333333,20.04229203048266,4.989449302899504,3397619.56,68096083.43
OUT0680,65.16,Stable,High,2,40.0,Low,1,2,"Inventory, Inventory Wastage",Marketing Growth,Prioritize corrective action | Review inventory levels and replenishment | Reduce inventory wastage and improve stock rotation,"Health: Stable | Risk Areas: Inventory, Inventory Wastage | Recommendation: Prioritize corrective action | Review inventory levels and replenishment | Reduce inventory wastage and improve stock rotation",,,,,,,,,,80.25,1,15,0,40.0,80.46000000000001,97.9525,3021.0,66190.0,13.291749999999999,80.0,33.39710526315789,19.69368661579856,5.077769437022448,3372980.69,66426424.67
OUT0711,65.16,Stable,High,2,40.0,Low,1,2,"Inventory, Inventory Wastage",Marketing Growth,Prioritize corrective action | Review inventory levels and replenishment | Reduce inventory wastage and improve stock rotation,"Health: Stable | Risk Areas: Inventory, Inventory Wastage | Recommendation: Prioritize corrective action | Review inventory levels and replenishment | Reduce inventory wastage and improve stock rotation",,,,,,,,,,80.25,1,15,0,40.0,70.8025,96.8225,2914.0,53942.0,15.623,80.0,24.78692307692308,20.434895060093933,4.893590092140181,5262458.97,107537796.81
OUT0177,65.23,Stable,High,2,40.0,Low,1,2,"Inventory, Inventory Wastage",Marketing Growth,Prioritize corrective action | Review inventory levels and replenishment | Reduce inventory wastage and improve stock rotation,"Health: Stable | Risk Areas: Inventory, Inventory Wastage | Recommendation: Prioritize corrective action | Review inventory levels and replenishment | Reduce inventory wastage and improve stock rotation",,,,,,,,,,80.375,2,13,0,40.0,71.61749999999999,99.3375,496.0,43014.0,15.489249999999998,80.0,22.63205128205128,20.195661718894016,4.9515584778509725,5363961.7700000005,108328757.38
OUT0183,65.23,Stable,High,2,40.0,Low,1,2,"Inventory, Inventory Wastage",Marketing Growth,Prioritize corrective action | Review inventory levels and replenishment | Reduce inventory wastage and improve stock rotation,"Health: Stable | Risk Areas: Inventory, Inventory Wastage | Recommendation: Prioritize corrective action | Review inventory levels and replenishment | Reduce inventory wastage and improve stock rotation",,,,,,,,,,80.375,2,13,0,40.0,63.0425,96.52000000000001,1796.0,34626.0,17.18325,80.0,24.77846153846154,20.644708957486124,4.843856128266623,2585598.2,53378922.32
OUT0262,65.23,Stable,High,2,40.0,Low,1,2,"Inventory, Inventory Wastage",Marketing Growth,Prioritize corrective action | Review inventory levels and replenishment | Reduce inventory wastage and improve stock rotation,"Health: Stable | Risk Areas: Inventory, Inventory Wastage | Recommendation: Prioritize corrective action | Review inventory levels and replenishment | Reduce inventory wastage and improve stock rotation",,,,,,,,,,80.375,2,13,0,40.0,51.245000000000005,99.285,616.0,67055.0,20.6755,80.0,20.683,20.23761066024099,4.941294784194114,2445720.32,49495535.62
OUT0401,65.23,Stable,High,2,40.0,Low,1,2,"Inventory, Inventory Wastage",Marketing Growth,Prioritize corrective action | Review inventory levels and replenishment | Reduce inventory wastage and improve stock rotation,"Health: Stable | Risk Areas: Inventory, Inventory Wastage | Recommendation: Prioritize corrective action | Review inventory levels and replenishment | Reduce inventory wastage and improve stock rotation",,,,,,,,,,80.375,2,13,0,40.0,80.78999999999999,96.9275,2469.0,35877.0,13.41575,80.0,30.180789473684207,19.824144987540077,5.044353744529828,5607694.01,111167739.1
OUT0490,65.23,Stable,High,2,40.0,Low,1,2,"Inventory, Inventory Wastage",Marketing Growth,Prioritize corrective action | Review inventory levels and replenishment | Reduce inventory wastage and improve stock rotation,"Health: Stable | Risk Areas: Inventory, Inventory Wastage | Recommendation: Prioritize corrective action | Review inventory levels and replenishment | Reduce inventory wastage and improve stock rotation",,,,,,,,,,80.375,2,13,0,40.0,67.14,98.09,1286.0,41714.0,16.2625,80.0,26.527,20.19292465384196,4.952229640542623,3765955.39,76045653.44
OUT0151,65.31,Stable,High,2,40.0,Low,1,2,"Inventory, Inventory Wastage",Marketing Growth,Prioritize corrective action | Review inventory levels and replenishment | Reduce inventory wastage and improve stock rotation,"Health: Stable | Risk Areas: Inventory, Inventory Wastage | Recommendation: Prioritize corrective action | Review inventory levels and replenishment | Reduce inventory wastage and improve stock rotation",,,,,,,,,,80.5,3,11,0,40.0,77.41,96.7175,1681.0,25984.0,14.0275,80.0,28.290256410256408,20.201529851885677,4.950120150958057,4265773.74,86175155.55
OUT0178,65.31,Stable,High,2,40.0,Low,1,2,"Inventory, Inventory Wastage",Marketing Growth,Prioritize corrective action | Review inventory levels and replenishment | Reduce inventory wastage and improve stock rotation,"Health: Stable | Risk Areas: Inventory, Inventory Wastage | Recommendation: Prioritize corrective action | Review inventory levels and replenishment | Reduce inventory wastage and improve stock rotation",,,,,,,,,,80.5,3,11,0,40.0,49.8775,96.5975,3637.0,85568.0,21.7485,80.0,23.809,20.83805941682247,4.798911357324879,5670612.9,118164568.54
OUT0253,65.31,Stable,High,2,40.0,Low,1,2,"Inventory, Inventory Wastage",Marketing Growth,Prioritize corrective action | Review inventory levels and replenishment | Reduce inventory wastage and improve stock rotation,"Health: Stable | Risk Areas: Inventory, Inventory Wastage | Recommendation: Prioritize corrective action | Review inventory levels and replenishment | Reduce inventory wastage and improve stock rotation",,,,,,,,,,80.5,3,11,0,40.0,49.795,96.715,2952.0,71493.0,20.5255,80.0,20.591,19.400738442314022,5.154442976350569,6919589.93,134245154.36
OUT0340,65.31,Stable,High,2,40.0,Low,1,2,"Inventory, Inventory Wastage",Marketing Growth,Prioritize corrective action | Review inventory levels and replenishment | Reduce inventory wastage and improve stock rotation,"Health: Stable | Risk Areas: Inventory, Inventory Wastage | Recommendation: Prioritize corrective action | Review inventory levels and replenishment | Reduce inventory wastage and improve stock rotation",,,,,,,,,,80.5,3,11,0,40.0,83.1875,97.935,2783.0,54184.0,12.934000000000001,80.0,22.59375,21.72768084691564,4.602424009472486,4269376.38,92763647.4
OUT0516,65.31,Stable,High,2,40.0,Low,1,2,"Inventory, Inventory Wastage",Marketing Growth,Prioritize corrective action | Review inventory levels and replenishment | Reduce inventory wastage and improve stock rotation,"Health: Stable | Risk Areas: Inventory, Inventory Wastage | Recommendation: Prioritize corrective action | Review inventory levels and replenishment | Reduce inventory wastage and improve stock rotation",,,,,,,,,,80.5,3,11,0,40.0,49.902499999999996,96.8725,3863.0,97793.0,20.886000000000003,80.0,25.29102564102564,19.92722128747734,5.0182611292043005,9468852.17,188687912.53
OUT0708,65.31,Stable,High,2,40.0,Low,1,2,"Inventory, Inventory Wastage",Marketing Growth,Prioritize corrective action | Review inventory levels and replenishment | Reduce inventory wastage and improve stock rotation,"Health: Stable | Risk Areas: Inventory, Inventory Wastage | Recommendation: Prioritize corrective action | Review inventory levels and replenishment | Reduce inventory wastage and improve stock rotation",,,,,,,,,,80.5,3,11,0,40.0,65.865,96.83250000000001,2815.0,57310.0,16.79325,80.0,20.74025641025641,21.16914327389875,4.723856733649612,4112198.28,87051714.56
OUT0422,65.62,Stable,High,2,40.0,Low,1,2,"Inventory, Inventory Wastage",Marketing Growth,Prioritize corrective action | Review inventory levels and replenishment | Reduce inventory wastage and improve stock rotation,"Health: Stable | Risk Areas: Inventory, Inventory Wastage | Recommendation: Prioritize corrective action | Review inventory levels and replenishment | Reduce inventory wastage and improve stock rotation",,,,,,,,,,73.5,3,19,0,40.0,67.2975,99.3375,997.0,93926.0,15.712250000000001,92.5,33.64076923076923,20.77988863022946,4.812345329634028,10216248.04,212292496.49
OUT0202,65.7,Stable,High,2,40.0,Low,1,2,"Inventory, Inventory Wastage",Marketing Growth,Prioritize corrective action | Review inventory levels and replenishment | Reduce inventory wastage and improve stock rotation,"Health: Stable | Risk Areas: Inventory, Inventory Wastage | Recommendation: Prioritize corrective action | Review inventory levels and replenishment | Reduce inventory wastage and improve stock rotation",,,,,,,,,,81.125,1,14,0,40.0,78.15,99.315,440.0,31245.0,14.065000000000001,80.0,36.15868421052632,20.28109045457069,4.930701345866897,3078082.93,62426878.33
OUT0221,65.7,Stable,High,2,40.0,Low,1,2,"Inventory, Inventory Wastage",Marketing Growth,Prioritize corrective action | Review inventory levels and replenishment | Reduce inventory wastage and improve stock rotation,"Health: Stable | Risk Areas: Inventory, Inventory Wastage | Recommendation: Prioritize corrective action | Review inventory levels and replenishment | Reduce inventory wastage and improve stock rotation",,,,,,,,,,81.125,1,14,0,40.0,46.7825,96.89750000000001,2663.0,71161.0,21.8615,80.0,28.0655,19.4517680899076,5.140920842660275,6369824.55,123904349.92
OUT0292,65.7,Stable,High,2,40.0,Low,1,2,"Inventory, Inventory Wastage",Marketing Growth,Prioritize corrective action | Review inventory levels and replenishment | Reduce inventory wastage and improve stock rotation,"Health: Stable | Risk Areas: Inventory, Inventory Wastage | Recommendation: Prioritize corrective action | Review inventory levels and replenishment | Reduce inventory wastage and improve stock rotation",,,,,,,,,,81.125,1,14,0,40.0,56.154999999999994,99.245,329.0,32092.0,19.235,80.0,25.82052631578948,19.91168843981721,5.02217580906052,1394699.4,27770819.92
OUT0304,65.7,Stable,High,2,40.0,Low,1,2,"Inventory, Inventory Wastage",Marketing Growth,Prioritize corrective action | Review inventory levels and replenishment | Reduce inventory wastage and improve stock rotation,"Health: Stable | Risk Areas: Inventory, Inventory Wastage | Recommendation: Prioritize corrective action | Review inventory levels and replenishment | Reduce inventory wastage and improve stock rotation",,,,,,,,,,81.125,1,14,0,40.0,76.1225,99.2775,361.0,26046.0,14.222999999999999,80.0,23.472631578947368,19.44930446126136,5.141572039204667,2488222.3,48394193.08
OUT0385,65.7,Stable,High,2,40.0,Low,1,2,"Inventory, Inventory Wastage",Marketing Growth,Prioritize corrective action | Review inventory levels and replenishment | Reduce inventory wastage and improve stock rotation,"Health: Stable | Risk Areas: Inventory, Inventory Wastage | Recommendation: Prioritize corrective action | Review inventory levels and replenishment | Reduce inventory wastage and improve stock rotation",,,,,,,,,,81.125,1,14,0,40.0,45.795,97.785,612.0,23272.0,22.720750000000002,80.0,22.195641025641027,21.72536736422368,4.602914110657357,1086945.8,23614296.81
OUT0445,65.7,Stable,High,2,40.0,Low,1,2,"Inventory, Inventory Wastage",Marketing Growth,Prioritize corrective action | Review inventory levels and replenishment | Reduce inventory wastage and improve stock rotation,"Health: Stable | Risk Areas: Inventory, Inventory Wastage | Recommendation: Prioritize corrective action | Review inventory levels and replenishment | Reduce inventory wastage and improve stock rotation",,,,,,,,,,73.625,4,17,0,40.0,59.345000000000006,98.08250000000001,3023.0,110937.0,17.35025,92.5,37.6405,20.96788131061757,4.769199067783863,12401670.73,260036759.92
OUT0023,65.78,Stable,High,2,40.0,Low,1,2,"Inventory, Inventory Wastage",Marketing Growth,Prioritize corrective action | Review inventory levels and replenishment | Reduce inventory wastage and improve stock rotation,"Health: Stable | Risk Areas: Inventory, Inventory Wastage | Recommendation: Prioritize corrective action | Review inventory levels and replenishment | Reduce inventory wastage and improve stock rotation",,,,,,,,,,81.25,2,12,0,40.0,50.722500000000004,96.94500000000001,665.0,17290.0,20.85475,80.0,21.915405405405405,19.85183392732849,5.037317981102879,1386492.78,27524424.41
OUT0070,65.78,Stable,High,2,40.0,Low,1,2,"Inventory, Inventory Wastage",Marketing Growth,Prioritize corrective action | Review inventory levels and replenishment | Reduce inventory wastage and improve stock rotation,"Health: Stable | Risk Areas: Inventory, Inventory Wastage | Recommendation: Prioritize corrective action | Review inventory levels and replenishment | Reduce inventory wastage and improve stock rotation",,,,,,,,,,81.25,2,12,0,40.0,62.545,98.065,1024.0,36318.0,17.33325,80.0,30.726923076923075,19.869022008822025,5.0329603518280415,3050102.36,60602550.92
OUT0081,65.78,Stable,High,2,40.0,Low,1,2,"Inventory, Inventory Wastage",Marketing Growth,Prioritize corrective action | Review inventory levels and replenishment | Reduce inventory wastage and improve stock rotation,"Health: Stable | Risk Areas: Inventory, Inventory Wastage | Recommendation: Prioritize corrective action | Review inventory levels and replenishment | Reduce inventory wastage and improve stock rotation",,,,,,,,,,81.25,2,12,0,40.0,82.635,96.64,1705.0,21567.0,13.144499999999999,80.0,24.30525,19.475505974794583,5.134654787886955,2058059.04,40081741.13
OUT0091,65.78,Stable,High,2,40.0,Low,1,2,"Inventory, Inventory Wastage",Marketing Growth,Prioritize corrective action | Review inventory levels and replenishment | Reduce inventory wastage and improve stock rotation,"Health: Stable | Risk Areas: Inventory, Inventory Wastage | Recommendation: Prioritize corrective action | Review inventory levels and replenishment | Reduce inventory wastage and improve stock rotation",,,,,,,,,,81.25,2,12,0,40.0,62.782500000000006,96.67,5886.0,118053.0,17.62425,80.0,31.754615384615388,20.016458891324355,4.995888660573352,8475808.44,169655671.21
OUT0101,65.78,Stable,High,2,40.0,Low,1,2,"Inventory, Inventory Wastage",Marketing Growth,Prioritize corrective action | Review inventory levels and replenishment | Reduce inventory wastage and improve stock rotation,"Health: Stable | Risk Areas: Inventory, Inventory Wastage | Recommendation: Prioritize corrective action | Review inventory levels and replenishment | Reduce inventory wastage and improve stock rotation",,,,,,,,,,81.25,2,12,0,40.0,74.96000000000001,96.775,1748.0,29370.0,14.78925,80.0,31.41325,19.566245094955228,5.110842653493237,1521043.71,29761114.03
OUT0216,65.78,Stable,High,2,40.0,Low,1,2,"Inventory, Inventory Wastage",Marketing Growth,Prioritize corrective action | Review inventory levels and replenishment | Reduce inventory wastage and improve stock rotation,"Health: Stable | Risk Areas: Inventory, Inventory Wastage | Recommendation: Prioritize corrective action | Review inventory levels and replenishment | Reduce inventory wastage and improve stock rotation",,,,,,,,,,81.25,2,12,0,40.0,54.1075,96.72999999999999,1425.0,32667.0,19.42725,80.0,31.77897435897436,19.6170407476618,5.097608823181918,1736520.99,34065403.02
OUT0276,65.78,Stable,High,2,40.0,Low,1,2,"Inventory, Inventory Wastage",Marketing Growth,Prioritize corrective action | Review inventory levels and replenishment | Reduce inventory wastage and improve stock rotation,"Health: Stable | Risk Areas: Inventory, Inventory Wastage | Recommendation: Prioritize corrective action | Review inventory levels and replenishment | Reduce inventory wastage and improve stock rotation",,,,,,,,,,81.25,2,12,0,40.0,62.8975,96.6525,2858.0,57311.0,17.17275,80.0,27.28026315789474,20.22620035333002,4.94408234137442,7148059.48,144578083.18
OUT0326,65.78,Stable,High,2,40.0,Low,1,2,"Inventory, Inventory Wastage",Marketing Growth,Prioritize corrective action | Review inventory levels and replenishment | Reduce inventory wastage and improve stock rotation,"Health: Stable | Risk Areas: Inventory, Inventory Wastage | Recommendation: Prioritize corrective action | Review inventory levels and replenishment | Reduce inventory wastage and improve stock rotation",,,,,,,,,,81.25,2,12,0,40.0,51.802499999999995,96.92999999999999,1124.0,28631.0,20.56675,80.0,18.45684210526316,19.9530834063678,5.011756727688821,2605059.97,51978978.86
OUT0471,65.78,Stable,High,2,40.0,Low,1,2,"Inventory, Inventory Wastage",Marketing Growth,Prioritize corrective action | Review inventory levels and replenishment | Reduce inventory wastage and improve stock rotation,"Health: Stable | Risk Areas: Inventory, Inventory Wastage | Recommendation: Prioritize corrective action | Review inventory levels and replenishment | Reduce inventory wastage and improve stock rotation",,,,,,,,,,81.25,2,12,0,40.0,73.7975,96.55749999999999,4099.0,65436.0,14.976249999999999,80.0,25.568648648648647,19.471293091234536,5.135765741465695,9073936.77,176681282.34
OUT0500,65.78,Stable,High,2,40.0,Low,1,2,"Inventory, Inventory Wastage",Marketing Growth,Prioritize corrective action | Review inventory levels and replenishment | Reduce inventory wastage and improve stock rotation,"Health: Stable | Risk Areas: Inventory, Inventory Wastage | Recommendation: Prioritize corrective action | Review inventory levels and replenishment | Reduce inventory wastage and improve stock rotation",,,,,,,,,,81.25,2,12,0,40.0,61.765,97.9675,1179.0,39626.0,17.37625,80.0,19.98657894736842,20.878952888186006,4.789512220058854,3045400.46,63584772.73
OUT0698,65.78,Stable,High,2,40.0,Low,1,2,"Inventory, Inventory Wastage",Marketing Growth,Prioritize corrective action | Review inventory levels and replenishment | Reduce inventory wastage and improve stock rotation,"Health: Stable | Risk Areas: Inventory, Inventory Wastage | Recommendation: Prioritize corrective action | Review inventory levels and replenishment | Reduce inventory wastage and improve stock rotation",,,,,,,,,,81.25,2,12,0,40.0,69.85499999999999,96.6775,2910.0,53128.0,15.983500000000001,80.0,21.43775,22.491538728799053,4.446116435420048,3267251.97,73485524.22
OUT0724,65.78,Stable,High,2,40.0,Low,1,2,"Inventory, Inventory Wastage",Marketing Growth,Prioritize corrective action | Review inventory levels and replenishment | Reduce inventory wastage and improve stock rotation,"Health: Stable | Risk Areas: Inventory, Inventory Wastage | Recommendation: Prioritize corrective action | Review inventory levels and replenishment | Reduce inventory wastage and improve stock rotation",,,,,,,,,,81.25,2,12,0,40.0,47.07,99.3175,564.0,68235.0,21.703,80.0,21.520263157894732,23.5840349806145,4.240156533103753,5306001.7,125136929.7
OUT0252,65.86,Stable,High,2,40.0,Low,1,2,"Inventory, Inventory Wastage",Marketing Growth,Prioritize corrective action | Review inventory levels and replenishment | Reduce inventory wastage and improve stock rotation,"Health: Stable | Risk Areas: Inventory, Inventory Wastage | Recommendation: Prioritize corrective action | Review inventory levels and replenishment | Reduce inventory wastage and improve stock rotation",,,,,,,,,,81.375,3,10,0,40.0,65.3725,99.2625,337.0,29763.0,16.61575,80.0,26.33783783783784,19.613864670249956,5.098434280097725,1560227.37,30602088.49
OUT0313,65.86,Stable,High,2,40.0,Low,1,2,"Inventory, Inventory Wastage",Marketing Growth,Prioritize corrective action | Review inventory levels and replenishment | Reduce inventory wastage and improve stock rotation,"Health: Stable | Risk Areas: Inventory, Inventory Wastage | Recommendation: Prioritize corrective action | Review inventory levels and replenishment | Reduce inventory wastage and improve stock rotation",,,,,,,,,,81.375,3,10,0,40.0,49.885000000000005,96.8075,900.0,22451.0,21.52025,80.0,26.701463414634148,19.786101072492308,5.054052823930296,2389856.77,47285947.6
OUT0379,65.86,Stable,High,2,40.0,Low,1,2,"Inventory, Inventory Wastage",Marketing Growth,Prioritize corrective action | Review inventory levels and replenishment | Reduce inventory wastage and improve stock rotation,"Health: Stable | Risk Areas: Inventory, Inventory Wastage | Recommendation: Prioritize corrective action | Review inventory levels and replenishment | Reduce inventory wastage and improve stock rotation",,,,,,,,,,81.375,3,10,0,40.0,58.5625,99.28999999999999,516.0,52430.0,18.611,80.0,19.30025,19.572048017936552,5.109327338066834,5684383.37,111255024.27
OUT0509,65.86,Stable,High,2,40.0,Low,1,2,"Inventory, Inventory Wastage",Marketing Growth,Prioritize corrective action | Review inventory levels and replenishment | Reduce inventory wastage and improve stock rotation,"Health: Stable | Risk Areas: Inventory, Inventory Wastage | Recommendation: Prioritize corrective action | Review inventory levels and replenishment | Reduce inventory wastage and improve stock rotation",,,,,,,,,,81.375,3,10,0,40.0,54.71,99.30499999999999,335.0,37149.0,19.161,80.0,20.2155,19.983185943818707,5.004207050924854,3183448.98,63615452.91
OUT0619,65.86,Stable,High,2,40.0,Low,1,2,"Inventory, Inventory Wastage",Marketing Growth,Prioritize corrective action | Review inventory levels and replenishment | Reduce inventory wastage and improve stock rotation,"Health: Stable | Risk Areas: Inventory, Inventory Wastage | Recommendation: Prioritize corrective action | Review inventory levels and replenishment | Reduce inventory wastage and improve stock rotation",,,,,,,,,,81.375,3,10,0,40.0,45.165,99.30499999999999,115.0,13954.0,23.719,80.0,18.35025641025641,19.306741937664963,5.179537817559622,1361110.33,26278605.89
OUT0732,65.86,Stable,High,2,40.0,Low,1,2,"Inventory, Inventory Wastage",Marketing Growth,Prioritize corrective action | Review inventory levels and replenishment | Reduce inventory wastage and improve stock rotation,"Health: Stable | Risk Areas: Inventory, Inventory Wastage | Recommendation: Prioritize corrective action | Review inventory levels and replenishment | Reduce inventory wastage and improve stock rotation",,,,,,,,,,81.375,3,10,0,40.0,63.8875,99.25,840.0,75406.0,16.8745,80.0,28.079,20.05100369737751,4.987281510155977,7712512.43,154643615.25
OUT0018,66.17,Stable,High,2,40.0,Low,1,2,"Inventory, Inventory Wastage",Marketing Growth,Prioritize corrective action | Review inventory levels and replenishment | Reduce inventory wastage and improve stock rotation,"Health: Stable | Risk Areas: Inventory, Inventory Wastage | Recommendation: Prioritize corrective action | Review inventory levels and replenishment | Reduce inventory wastage and improve stock rotation",,,,,,,,,,74.375,3,18,0,40.0,40.505,96.91749999999999,1353.0,39384.0,23.475,92.5,29.38230769230769,22.216201263145383,4.501219574648467,2460328.04,54659142.91
OUT0032,66.25,Stable,High,2,40.0,Low,1,2,"Inventory, Inventory Wastage",Marketing Growth,Prioritize corrective action | Review inventory levels and replenishment | Reduce inventory wastage and improve stock rotation,"Health: Stable | Risk Areas: Inventory, Inventory Wastage | Recommendation: Prioritize corrective action | Review inventory levels and replenishment | Reduce inventory wastage and improve stock rotation",,,,,,,,,,82.0,1,13,0,40.0,50.9325,99.32000000000001,262.0,30496.0,20.5965,80.0,20.352777777777774,22.606226011068312,4.423560126800407,2678003.27,60539547.18
OUT0063,66.25,Stable,High,2,40.0,Low,1,2,"Inventory, Inventory Wastage",Marketing Growth,Prioritize corrective action | Review inventory levels and replenishment | Reduce inventory wastage and improve stock rotation,"Health: Stable | Risk Areas: Inventory, Inventory Wastage | Recommendation: Prioritize corrective action | Review inventory levels and replenishment | Reduce inventory wastage and improve stock rotation",,,,,,,,,,82.0,1,13,0,40.0,57.2025,96.71000000000001,1747.0,38424.0,18.48125,80.0,17.85108108108108,19.400795053938687,5.154427935658148,3588735.13,69624314.76
OUT0067,66.25,Stable,High,2,40.0,Low,1,2,"Inventory, Inventory Wastage",Marketing Growth,Prioritize corrective action | Review inventory levels and replenishment | Reduce inventory wastage and improve stock rotation,"Health: Stable | Risk Areas: Inventory, Inventory Wastage | Recommendation: Prioritize corrective action | Review inventory levels and replenishment | Reduce inventory wastage and improve stock rotation",,,,,,,,,,82.0,1,13,0,40.0,79.91,99.235,802.0,49879.0,13.6585,80.0,20.52578947368421,19.439634580555254,5.144129617540563,9247088.65,179760024.29
OUT0406,66.25,Stable,High,2,40.0,Low,1,2,"Inventory, Inventory Wastage",Marketing Growth,Prioritize corrective action | Review inventory levels and replenishment | Reduce inventory wastage and improve stock rotation,"Health: Stable | Risk Areas: Inventory, Inventory Wastage | Recommendation: Prioritize corrective action | Review inventory levels and replenishment | Reduce inventory wastage and improve stock rotation",,,,,,,,,,82.0,1,13,0,40.0,67.5,96.77000000000001,3209.0,61662.0,16.413,80.0,23.09692307692308,21.642241325257825,4.620593518809619,2801394.21,60628449.54
OUT0432,66.25,Stable,High,2,40.0,Low,1,2,"Inventory, Inventory Wastage",Marketing Growth,Prioritize corrective action | Review inventory levels and replenishment | Reduce inventory wastage and improve stock rotation,"Health: Stable | Risk Areas: Inventory, Inventory Wastage | Recommendation: Prioritize corrective action | Review inventory levels and replenishment | Reduce inventory wastage and improve stock rotation",,,,,,,,,,82.0,1,13,0,40.0,72.9825,99.295,184.0,15023.0,15.2945,80.0,19.99538461538461,19.909786896885212,5.022655466776719,807199.37,16071167.44
OUT0629,66.25,Stable,High,2,40.0,Low,1,2,"Inventory, Inventory Wastage",Marketing Growth,Prioritize corrective action | Review inventory levels and replenishment | Reduce inventory wastage and improve stock rotation,"Health: Stable | Risk Areas: Inventory, Inventory Wastage | Recommendation: Prioritize corrective action | Review inventory levels and replenishment | Reduce inventory wastage and improve stock rotation",,,,,,,,,,82.0,1,13,0,40.0,67.2625,99.25,236.0,19711.0,16.5155,80.0,18.61692307692308,20.834814623493354,4.79965873501173,2077558.3,43285542.05
OUT0103,66.33,Stable,High,2,40.0,Low,1,2,"Inventory, Inventory Wastage",Marketing Growth,Prioritize corrective action | Review inventory levels and replenishment | Reduce inventory wastage and improve stock rotation,"Health: Stable | Risk Areas: Inventory, Inventory Wastage | Recommendation: Prioritize corrective action | Review inventory levels and replenishment | Reduce inventory wastage and improve stock rotation",,,,,,,,,,82.125,2,11,0,40.0,74.1525,96.9475,3426.0,60499.0,14.47175,80.0,20.612,19.84447460872215,5.039186069257156,4019080.71,79756545.1
OUT0130,66.33,Stable,High,2,40.0,Low,1,2,"Inventory, Inventory Wastage",Marketing Growth,Prioritize corrective action | Review inventory levels and replenishment | Reduce inventory wastage and improve stock rotation,"Health: Stable | Risk Areas: Inventory, Inventory Wastage | Recommendation: Prioritize corrective action | Review inventory levels and replenishment | Reduce inventory wastage and improve stock rotation",,,,,,,,,,82.125,2,11,0,40.0,72.11,97.9425,833.0,23130.0,15.4245,80.0,29.60342105263158,20.364230102119254,4.910571109172119,1167864.95,23782670.57
OUT0398,66.33,Stable,High,2,40.0,Low,1,2,"Inventory, Inventory Wastage",Marketing Growth,Prioritize corrective action | Review inventory levels and replenishment | Reduce inventory wastage and improve stock rotation,"Health: Stable | Risk Areas: Inventory, Inventory Wastage | Recommendation: Prioritize corrective action | Review inventory levels and replenishment | Reduce inventory wastage and improve stock rotation",,,,,,,,,,82.125,2,11,0,40.0,51.532500000000006,96.8725,1983.0,49119.0,20.581,80.0,30.40575,19.741994973931124,5.065344213289884,1740588.96,34362698.5
OUT0492,66.33,Stable,High,2,40.0,Low,1,2,"Inventory, Inventory Wastage",Marketing Growth,Prioritize corrective action | Review inventory levels and replenishment | Reduce inventory wastage and improve stock rotation,"Health: Stable | Risk Areas: Inventory, Inventory Wastage | Recommendation: Prioritize corrective action | Review inventory levels and replenishment | Reduce inventory wastage and improve stock rotation",,,,,,,,,,82.125,2,11,0,40.0,80.13250000000001,99.3475,751.0,53345.0,13.599,80.0,24.33578947368421,19.976724278390176,5.005825710282993,6413449.28,128119707.94
OUT0111,66.41,Stable,High,2,40.0,Low,1,2,"Inventory, Inventory Wastage",Marketing Growth,Prioritize corrective action | Review inventory levels and replenishment | Reduce inventory wastage and improve stock rotation,"Health: Stable | Risk Areas: Inventory, Inventory Wastage | Recommendation: Prioritize corrective action | Review inventory levels and replenishment | Reduce inventory wastage and improve stock rotation",,,,,,,,,,82.25,3,9,0,40.0,56.77,96.75750000000001,2887.0,65605.0,19.486,80.0,22.79692307692308,19.497594075589397,5.128837928018927,5823158.84,113537587.3
OUT0736,66.41,Stable,High,2,40.0,Low,1,2,"Inventory, Inventory Wastage",Marketing Growth,Prioritize corrective action | Review inventory levels and replenishment | Reduce inventory wastage and improve stock rotation,"Health: Stable | Risk Areas: Inventory, Inventory Wastage | Recommendation: Prioritize corrective action | Review inventory levels and replenishment | Reduce inventory wastage and improve stock rotation",,,,,,,,,,82.25,3,9,0,40.0,73.615,96.7175,1637.0,27114.0,15.03025,80.0,27.429473684210524,19.606855150333192,5.100256988347294,3170634.77,62166176.67
OUT0109,66.48,Stable,High,2,40.0,Low,1,2,"Inventory, Inventory Wastage",Marketing Growth,Prioritize corrective action | Review inventory levels and replenishment | Reduce inventory wastage and improve stock rotation,"Health: Stable | Risk Areas: Inventory, Inventory Wastage | Recommendation: Prioritize corrective action | Review inventory levels and replenishment | Reduce inventory wastage and improve stock rotation",,,,,,,,,,82.375,4,7,0,40.0,61.92,99.2175,778.0,68173.0,17.760749999999998,80.0,21.86,19.90733658551716,5.0232736845747255,6555006.67,130492724.1
OUT0456,66.56,Stable,High,2,40.0,Low,1,2,"Inventory, Inventory Wastage",Marketing Growth,Prioritize corrective action | Review inventory levels and replenishment | Reduce inventory wastage and improve stock rotation,"Health: Stable | Risk Areas: Inventory, Inventory Wastage | Recommendation: Prioritize corrective action | Review inventory levels and replenishment | Reduce inventory wastage and improve stock rotation",,,,,,,,,,75.0,1,21,0,40.0,60.067499999999995,96.53,4050.0,81595.0,17.56475,92.5,28.862,20.809956014373235,4.805392184920091,5384765.83,112056740.07
OUT0419,66.64,Stable,High,2,40.0,Low,1,2,"Inventory, Inventory Wastage",Marketing Growth,Prioritize corrective action | Review inventory levels and replenishment | Reduce inventory wastage and improve stock rotation,"Health: Stable | Risk Areas: Inventory, Inventory Wastage | Recommendation: Prioritize corrective action | Review inventory levels and replenishment | Reduce inventory wastage and improve stock rotation",,,,,,,,,,75.125,2,19,0,40.0,51.042500000000004,99.295,666.0,75196.0,19.8405,92.5,35.84325,21.059503287574486,4.748450076645537,6280470.63,132263591.88
OUT0264,66.72,Stable,High,2,40.0,Low,1,2,"Inventory, Inventory Wastage",Marketing Growth,Prioritize corrective action | Review inventory levels and replenishment | Reduce inventory wastage and improve stock rotation,"Health: Stable | Risk Areas: Inventory, Inventory Wastage | Recommendation: Prioritize corrective action | Review inventory levels and replenishment | Reduce inventory wastage and improve stock rotation",,,,,,,,,,75.25,3,17,0,40.0,76.53,99.345,558.0,42187.0,13.666,92.5,27.84783783783784,20.80407292445908,4.806751080094096,3309629.76,68853778.88
OUT0051,66.8,Stable,High,2,40.0,Low,1,2,"Inventory, Inventory Wastage",Marketing Growth,Prioritize corrective action | Review inventory levels and replenishment | Reduce inventory wastage and improve stock rotation,"Health: Stable | Risk Areas: Inventory, Inventory Wastage | Recommendation: Prioritize corrective action | Review inventory levels and replenishment | Reduce inventory wastage and improve stock rotation",,,,,,,,,,82.875,1,12,0,40.0,76.5475,96.595,3482.0,53222.0,14.594249999999999,80.0,21.255641025641022,19.6587033274034,5.086805489383639,6981657.84,137250340.21
OUT0083,66.8,Stable,High,2,40.0,Low,1,2,"Inventory, Inventory Wastage",Marketing Growth,Prioritize corrective action | Review inventory levels and replenishment | Reduce inventory wastage and improve stock rotation,"Health: Stable | Risk Areas: Inventory, Inventory Wastage | Recommendation: Prioritize corrective action | Review inventory levels and replenishment | Reduce inventory wastage and improve stock rotation",,,,,,,,,,75.375,4,15,0,40.0,45.585,96.8925,2290.0,62126.0,23.0025,92.5,28.32175,21.55879041306941,4.6384791578741735,3568692.99,76936704.22
OUT0192,66.8,Stable,High,2,40.0,Low,1,2,"Inventory, Inventory Wastage",Marketing Growth,Prioritize corrective action | Review inventory levels and replenishment | Reduce inventory wastage and improve stock rotation,"Health: Stable | Risk Areas: Inventory, Inventory Wastage | Recommendation: Prioritize corrective action | Review inventory levels and replenishment | Reduce inventory wastage and improve stock rotation",,,,,,,,,,82.875,1,12,0,40.0,71.8775,99.22999999999999,1417.0,106693.0,15.298750000000002,80.0,33.128292682926826,19.91474456995245,5.021405102573142,8859526.01,176435197.5
OUT0265,66.8,Stable,High,2,40.0,Low,1,2,"Inventory, Inventory Wastage",Marketing Growth,Prioritize corrective action | Review inventory levels and replenishment | Reduce inventory wastage and improve stock rotation,"Health: Stable | Risk Areas: Inventory, Inventory Wastage | Recommendation: Prioritize corrective action | Review inventory levels and replenishment | Reduce inventory wastage and improve stock rotation",,,,,,,,,,82.875,1,12,0,40.0,82.11,97.79249999999999,1047.0,19714.0,13.3245,80.0,25.21875,21.55271876846697,4.639785869906422,1972068.26,42503432.6
OUT0423,66.8,Stable,High,2,40.0,Low,1,2,"Inventory, Inventory Wastage",Marketing Growth,Prioritize corrective action | Review inventory levels and replenishment | Reduce inventory wastage and improve stock rotation,"Health: Stable | Risk Areas: Inventory, Inventory Wastage | Recommendation: Prioritize corrective action | Review inventory levels and replenishment | Reduce inventory wastage and improve stock rotation",,,,,,,,,,82.875,1,12,0,40.0,74.42,96.7625,3446.0,58397.0,14.839500000000001,80.0,24.166153846153847,19.569583054192883,5.109970903471778,8175334.88,159987894.93
OUT0579,66.8,Stable,High,2,40.0,Low,1,2,"Inventory, Inventory Wastage",Marketing Growth,Prioritize corrective action | Review inventory levels and replenishment | Reduce inventory wastage and improve stock rotation,"Health: Stable | Risk Areas: Inventory, Inventory Wastage | Recommendation: Prioritize corrective action | Review inventory levels and replenishment | Reduce inventory wastage and improve stock rotation",,,,,,,,,,82.875,1,12,0,40.0,80.0625,99.325,1308.0,90015.0,13.659,80.0,34.47575,20.494454321643104,4.879368751691784,15883687.14,325527500.55
OUT0595,66.8,Stable,High,2,40.0,Low,1,2,"Inventory, Inventory Wastage",Marketing Growth,Prioritize corrective action | Review inventory levels and replenishment | Reduce inventory wastage and improve stock rotation,"Health: Stable | Risk Areas: Inventory, Inventory Wastage | Recommendation: Prioritize corrective action | Review inventory levels and replenishment | Reduce inventory wastage and improve stock rotation",,,,,,,,,,82.875,1,12,0,40.0,55.295,97.935,3848.0,138798.0,19.794999999999998,80.0,32.199473684210524,20.515988652038104,4.874247188183436,14919662.36,306091623.67
OUT0671,66.8,Stable,High,2,40.0,Low,1,2,"Inventory, Inventory Wastage",Marketing Growth,Prioritize corrective action | Review inventory levels and replenishment | Reduce inventory wastage and improve stock rotation,"Health: Stable | Risk Areas: Inventory, Inventory Wastage | Recommendation: Prioritize corrective action | Review inventory levels and replenishment | Reduce inventory wastage and improve stock rotation",,,,,,,,,,82.875,1,12,0,40.0,81.38,96.7625,3174.0,43863.0,13.28025,80.0,24.62974358974359,21.88694572448261,4.568933521324565,5586354.67,122268241.46
OUT0058,66.88,Stable,High,2,40.0,Low,1,2,"Inventory, Inventory Wastage",Marketing Growth,Prioritize corrective action | Review inventory levels and replenishment | Reduce inventory wastage and improve stock rotation,"Health: Stable | Risk Areas: Inventory, Inventory Wastage | Recommendation: Prioritize corrective action | Review inventory levels and replenishment | Reduce inventory wastage and improve stock rotation",,,,,,,,,,83.0,2,10,0,40.0,50.0075,96.965,1352.0,35854.0,20.93775,80.0,20.09575,20.571294773282528,4.861142728355506,1444425.31,29713698.83
OUT0472,66.88,Stable,High,2,40.0,Low,1,2,"Inventory, Inventory Wastage",Marketing Growth,Prioritize corrective action | Review inventory levels and replenishment | Reduce inventory wastage and improve stock rotation,"Health: Stable | Risk Areas: Inventory, Inventory Wastage | Recommendation: Prioritize corrective action | Review inventory levels and replenishment | Reduce inventory wastage and improve stock rotation",,,,,,,,,,75.5,5,13,0,40.0,71.51,99.255,754.0,56307.0,14.9605,92.5,26.69475,21.39003882740743,4.675073327677566,3987209.3,85286561.74
OUT0608,66.88,Stable,High,2,40.0,Low,1,2,"Inventory, Inventory Wastage",Marketing Growth,Prioritize corrective action | Review inventory levels and replenishment | Reduce inventory wastage and improve stock rotation,"Health: Stable | Risk Areas: Inventory, Inventory Wastage | Recommendation: Prioritize corrective action | Review inventory levels and replenishment | Reduce inventory wastage and improve stock rotation",,,,,,,,,,83.0,2,10,0,40.0,68.405,96.75750000000001,4800.0,91298.0,16.31,80.0,25.85170731707317,19.704054670253782,5.075097571210304,10072462.48,198468351.37
OUT0645,66.88,Stable,High,2,40.0,Low,1,2,"Inventory, Inventory Wastage",Marketing Growth,Prioritize corrective action | Review inventory levels and replenishment | Reduce inventory wastage and improve stock rotation,"Health: Stable | Risk Areas: Inventory, Inventory Wastage | Recommendation: Prioritize corrective action | Review inventory levels and replenishment | Reduce inventory wastage and improve stock rotation",,,,,,,,,,83.0,2,10,0,40.0,77.0525,97.9475,440.0,11231.0,14.050999999999998,80.0,20.72921052631579,20.996634726456527,4.762667984788836,715882.37,15031120.63
OUT0096,66.95,Stable,High,2,40.0,Low,1,2,"Inventory, Inventory Wastage",Marketing Growth,Prioritize corrective action | Review inventory levels and replenishment | Reduce inventory wastage and improve stock rotation,"Health: Stable | Risk Areas: Inventory, Inventory Wastage | Recommendation: Prioritize corrective action | Review inventory levels and replenishment | Reduce inventory wastage and improve stock rotation",,,,,,,,,,75.625,6,11,0,40.0,51.61749999999999,96.625,5566.0,128161.0,19.67925,92.5,42.14052631578947,20.867187784065,4.792212589200157,4394350.82,91697743.75
OUT0074,67.11,Stable,High,2,40.0,Low,1,2,"Inventory, Inventory Wastage",Marketing Growth,Prioritize corrective action | Review inventory levels and replenishment | Reduce inventory wastage and improve stock rotation,"Health: Stable | Risk Areas: Inventory, Inventory Wastage | Recommendation: Prioritize corrective action | Review inventory levels and replenishment | Reduce inventory wastage and improve stock rotation",,,,,,,,,,75.875,1,20,0,40.0,43.480000000000004,99.33500000000001,657.0,85093.0,22.080750000000002,92.5,35.79078947368421,22.517913642713832,4.440908762093828,2392009.86,53863071.46
OUT0026,67.19,Stable,High,2,40.0,Low,1,2,"Inventory, Inventory Wastage",Marketing Growth,Prioritize corrective action | Review inventory levels and replenishment | Reduce inventory wastage and improve stock rotation,"Health: Stable | Risk Areas: Inventory, Inventory Wastage | Recommendation: Prioritize corrective action | Review inventory levels and replenishment | Reduce inventory wastage and improve stock rotation",,,,,,,,,,76.0,2,18,0,40.0,65.9,96.9125,4327.0,89090.0,16.01225,92.5,27.4755,20.825597468435376,4.8017830053407335,5256562.63,109471057.4
OUT0395,67.19,Stable,High,2,40.0,Low,1,2,"Inventory, Inventory Wastage",Marketing Growth,Prioritize corrective action | Review inventory levels and replenishment | Reduce inventory wastage and improve stock rotation,"Health: Stable | Risk Areas: Inventory, Inventory Wastage | Recommendation: Prioritize corrective action | Review inventory levels and replenishment | Reduce inventory wastage and improve stock rotation",,,,,,,,,,76.0,2,18,0,40.0,65.25,98.0775,1803.0,60293.0,16.232499999999998,92.5,28.171351351351348,22.259295922446167,4.492505079604089,6320700.86,140694350.88
OUT0535,67.27,Stable,High,2,40.0,Low,1,2,"Inventory, Inventory Wastage",Marketing Growth,Prioritize corrective action | Review inventory levels and replenishment | Reduce inventory wastage and improve stock rotation,"Health: Stable | Risk Areas: Inventory, Inventory Wastage | Recommendation: Prioritize corrective action | Review inventory levels and replenishment | Reduce inventory wastage and improve stock rotation",,,,,,,,,,76.125,3,16,0,40.0,61.8125,98.0925,3983.0,140426.0,17.1495,92.5,36.75615384615384,20.959123274636937,4.771191938214899,8958620.26,187764826.4
OUT0250,67.34,Stable,High,2,40.0,Low,1,2,"Inventory, Inventory Wastage",Marketing Growth,Prioritize corrective action | Review inventory levels and replenishment | Reduce inventory wastage and improve stock rotation,"Health: Stable | Risk Areas: Inventory, Inventory Wastage | Recommendation: Prioritize corrective action | Review inventory levels and replenishment | Reduce inventory wastage and improve stock rotation",,,,,,,,,,76.25,4,14,0,40.0,41.9425,98.045,3682.0,165479.0,24.244,92.5,29.786153846153848,22.561862312567893,4.432258233589869,8940360.65,201711186.01
OUT0703,67.34,Stable,High,2,40.0,Low,1,2,"Inventory, Inventory Wastage",Marketing Growth,Prioritize corrective action | Review inventory levels and replenishment | Reduce inventory wastage and improve stock rotation,"Health: Stable | Risk Areas: Inventory, Inventory Wastage | Recommendation: Prioritize corrective action | Review inventory levels and replenishment | Reduce inventory wastage and improve stock rotation",,,,,,,,,,83.75,1,11,0,40.0,55.842499999999994,97.13,1660.0,42767.0,20.01975,80.0,32.66725,20.096921540346173,4.975886470932477,4676148.34,93976186.3
OUT0572,67.42,Stable,High,2,40.0,Low,1,2,"Inventory, Inventory Wastage",Marketing Growth,Prioritize corrective action | Review inventory levels and replenishment | Reduce inventory wastage and improve stock rotation,"Health: Stable | Risk Areas: Inventory, Inventory Wastage | Recommendation: Prioritize corrective action | Review inventory levels and replenishment | Reduce inventory wastage and improve stock rotation",,,,,,,,,,76.375,5,12,0,40.0,54.095000000000006,99.465,389.0,55594.0,18.89375,92.5,28.35225,20.91663382215325,4.780884001233882,5596216.26,117054006.3
OUT0129,67.66,Stable,High,2,40.0,Low,1,2,"Inventory, Inventory Wastage",Marketing Growth,Prioritize corrective action | Review inventory levels and replenishment | Reduce inventory wastage and improve stock rotation,"Health: Stable | Risk Areas: Inventory, Inventory Wastage | Recommendation: Prioritize corrective action | Review inventory levels and replenishment | Reduce inventory wastage and improve stock rotation",,,,,,,,,,76.75,1,19,0,40.0,60.864999999999995,99.225,1321.0,116687.0,16.86675,92.5,32.798,21.28526830411665,4.698085012189375,11120548.53,236703859.15
OUT0617,67.66,Stable,High,2,40.0,Low,1,2,"Inventory, Inventory Wastage",Marketing Growth,Prioritize corrective action | Review inventory levels and replenishment | Reduce inventory wastage and improve stock rotation,"Health: Stable | Risk Areas: Inventory, Inventory Wastage | Recommendation: Prioritize corrective action | Review inventory levels and replenishment | Reduce inventory wastage and improve stock rotation",,,,,,,,,,76.75,1,19,0,40.0,48.245,99.3575,561.0,72613.0,20.74725,92.5,29.746153846153845,23.06938137669802,4.334749960005787,3741208.41,86307363.62
OUT0149,67.73,Stable,High,2,40.0,Low,1,2,"Inventory, Inventory Wastage",Marketing Growth,Prioritize corrective action | Review inventory levels and replenishment | Reduce inventory wastage and improve stock rotation,"Health: Stable | Risk Areas: Inventory, Inventory Wastage | Recommendation: Prioritize corrective action | Review inventory levels and replenishment | Reduce inventory wastage and improve stock rotation",,,,,,,,,,76.875,2,17,0,40.0,72.36749999999999,99.3075,681.0,55259.0,14.883750000000001,92.5,27.15447368421052,20.761555711485904,4.816594738354653,4192427.49,87041316.9
OUT0152,67.89,Stable,High,2,40.0,Low,1,2,"Inventory, Inventory Wastage",Marketing Growth,Prioritize corrective action | Review inventory levels and replenishment | Reduce inventory wastage and improve stock rotation,"Health: Stable | Risk Areas: Inventory, Inventory Wastage | Recommendation: Prioritize corrective action | Review inventory levels and replenishment | Reduce inventory wastage and improve stock rotation",,,,,,,,,,84.625,1,10,0,40.0,57.42999999999999,99.3025,397.0,41442.0,18.549500000000002,80.0,20.042368421052632,20.345484713670967,4.915095482232768,1413335.73,28755000.49
OUT0526,67.89,Stable,High,2,40.0,Low,1,2,"Inventory, Inventory Wastage",Marketing Growth,Prioritize corrective action | Review inventory levels and replenishment | Reduce inventory wastage and improve stock rotation,"Health: Stable | Risk Areas: Inventory, Inventory Wastage | Recommendation: Prioritize corrective action | Review inventory levels and replenishment | Reduce inventory wastage and improve stock rotation",,,,,,,,,,84.625,1,10,0,40.0,56.967499999999994,96.905,2112.0,49836.0,18.8405,80.0,18.75342105263158,19.477716928438696,5.13407194320571,6036238.3,117572140.92
OUT0341,67.97,Stable,High,2,40.0,Low,1,2,"Inventory, Inventory Wastage",Marketing Growth,Prioritize corrective action | Review inventory levels and replenishment | Reduce inventory wastage and improve stock rotation,"Health: Stable | Risk Areas: Inventory, Inventory Wastage | Recommendation: Prioritize corrective action | Review inventory levels and replenishment | Reduce inventory wastage and improve stock rotation",,,,,,,,,,84.75,2,8,0,40.0,73.8075,96.80499999999999,1942.0,33786.0,14.926499999999999,80.0,23.8825,20.39975705519824,4.902019162748712,3841876.81,78373353.56
OUT0561,68.28,Stable,High,2,40.0,Low,1,2,"Inventory, Inventory Wastage",Marketing Growth,Prioritize corrective action | Review inventory levels and replenishment | Reduce inventory wastage and improve stock rotation,"Health: Stable | Risk Areas: Inventory, Inventory Wastage | Recommendation: Prioritize corrective action | Review inventory levels and replenishment | Reduce inventory wastage and improve stock rotation",,,,,,,,,,77.75,2,16,0,40.0,62.5825,96.6525,5186.0,104664.0,17.21,92.5,28.511000000000003,21.017265277868766,4.757992949030351,10570151.34,222155674.74
OUT0533,68.36,Stable,High,2,40.0,Low,1,2,"Inventory, Inventory Wastage",Marketing Growth,Prioritize corrective action | Review inventory levels and replenishment | Reduce inventory wastage and improve stock rotation,"Health: Stable | Risk Areas: Inventory, Inventory Wastage | Recommendation: Prioritize corrective action | Review inventory levels and replenishment | Reduce inventory wastage and improve stock rotation",,,,,,,,,,77.875,3,14,0,40.0,46.4325,96.6425,2012.0,50270.0,22.329,92.5,31.65463414634146,22.131985887636315,4.518347359685578,1682482.15,37236671.2
OUT0594,68.36,Stable,High,2,40.0,Low,1,2,"Inventory, Inventory Wastage",Marketing Growth,Prioritize corrective action | Review inventory levels and replenishment | Reduce inventory wastage and improve stock rotation,"Health: Stable | Risk Areas: Inventory, Inventory Wastage | Recommendation: Prioritize corrective action | Review inventory levels and replenishment | Reduce inventory wastage and improve stock rotation",,,,,,,,,,77.875,3,14,0,40.0,76.8175,99.2775,1026.0,71319.0,13.752500000000001,92.5,27.97102564102564,21.745512545710717,4.598649941673825,6747769.57,146733707.84
OUT0342,68.44,Stable,High,2,40.0,Low,1,2,"Inventory, Inventory Wastage",Marketing Growth,Prioritize corrective action | Review inventory levels and replenishment | Reduce inventory wastage and improve stock rotation,"Health: Stable | Risk Areas: Inventory, Inventory Wastage | Recommendation: Prioritize corrective action | Review inventory levels and replenishment | Reduce inventory wastage and improve stock rotation",,,,,,,,,,78.0,4,12,0,40.0,50.7175,99.3075,607.0,68658.0,20.2175,92.5,28.33682926829268,20.967845987915545,4.769207102037724,7201462.43,150999155.12
OUT0424,68.44,Stable,High,2,40.0,Low,1,2,"Inventory, Inventory Wastage","Marketing Growth, Healthy Inventory",Prioritize corrective action | Review inventory levels and replenishment | Reduce inventory wastage and improve stock rotation,"Health: Stable | Risk Areas: Inventory, Inventory Wastage | Recommendation: Prioritize corrective action | Review inventory levels and replenishment | Reduce inventory wastage and improve stock rotation",,,,,,,,,,85.5,1,9,0,40.0,68.21000000000001,99.25,187.0,15859.0,16.176499999999997,80.0,21.96325,19.628050935773995,5.094749362899831,1206506.06,23681362.4
OUT0418,68.52,Stable,High,2,40.0,Low,1,2,"Inventory, Inventory Wastage","Marketing Growth, Healthy Inventory",Prioritize corrective action | Review inventory levels and replenishment | Reduce inventory wastage and improve stock rotation,"Health: Stable | Risk Areas: Inventory, Inventory Wastage | Recommendation: Prioritize corrective action | Review inventory levels and replenishment | Reduce inventory wastage and improve stock rotation",,,,,,,,,,85.625,2,7,0,40.0,50.625,96.97749999999999,1364.0,35909.0,21.17625,80.0,23.705641025641025,19.639089465712527,5.091885760517966,1403619.85,27565815.81
OUT0683,68.75,Stable,High,2,40.0,Low,1,2,"Inventory, Inventory Wastage",Marketing Growth,Prioritize corrective action | Review inventory levels and replenishment | Reduce inventory wastage and improve stock rotation,"Health: Stable | Risk Areas: Inventory, Inventory Wastage | Recommendation: Prioritize corrective action | Review inventory levels and replenishment | Reduce inventory wastage and improve stock rotation",,,,,,,,,,78.5,1,17,0,40.0,77.175,96.69,1549.0,23108.0,13.797749999999999,92.5,28.01375,20.90184340537219,4.784267017056401,1561919.61,32646999.1
OUT0106,68.83,Stable,High,2,40.0,Low,1,2,"Inventory, Inventory Wastage",Marketing Growth,Prioritize corrective action | Review inventory levels and replenishment | Reduce inventory wastage and improve stock rotation,"Health: Stable | Risk Areas: Inventory, Inventory Wastage | Recommendation: Prioritize corrective action | Review inventory levels and replenishment | Reduce inventory wastage and improve stock rotation",,,,,,,,,,78.625,2,15,0,40.0,71.9475,96.63,2618.0,45585.0,14.947999999999999,92.5,28.52846153846153,20.94065017181428,4.775400915421343,3476756.99,72805551.86
OUT0234,68.83,Stable,High,2,40.0,Low,1,2,"Inventory, Inventory Wastage",Marketing Growth,Prioritize corrective action | Review inventory levels and replenishment | Reduce inventory wastage and improve stock rotation,"Health: Stable | Risk Areas: Inventory, Inventory Wastage | Recommendation: Prioritize corrective action | Review inventory levels and replenishment | Reduce inventory wastage and improve stock rotation",,,,,,,,,,78.625,2,15,0,40.0,71.075,99.24249999999999,676.0,51964.0,15.110999999999999,92.5,28.395641025641027,21.97122113245456,4.551408380860819,3624944.93,79644466.65
OUT0157,68.91,Stable,High,2,40.0,Low,1,2,"Inventory, Inventory Wastage",Marketing Growth,Prioritize corrective action | Review inventory levels and replenishment | Reduce inventory wastage and improve stock rotation,"Health: Stable | Risk Areas: Inventory, Inventory Wastage | Recommendation: Prioritize corrective action | Review inventory levels and replenishment | Reduce inventory wastage and improve stock rotation",,,,,,,,,,78.75,3,13,0,40.0,46.144999999999996,99.3,456.0,55163.0,21.901249999999997,92.5,34.449230769230766,21.360826539712374,4.6814667875368885,2649064.73,56586212.19
OUT0324,68.91,Stable,High,2,40.0,Low,1,2,"Inventory, Inventory Wastage",Marketing Growth,Prioritize corrective action | Review inventory levels and replenishment | Reduce inventory wastage and improve stock rotation,"Health: Stable | Risk Areas: Inventory, Inventory Wastage | Recommendation: Prioritize corrective action | Review inventory levels and replenishment | Reduce inventory wastage and improve stock rotation",,,,,,,,,,78.75,3,13,0,40.0,75.85249999999999,99.2525,1085.0,74333.0,13.969999999999999,92.5,37.15236842105263,21.071205694149832,4.745812909403841,10453385.63,220265438.81
OUT0740,68.91,Stable,High,2,40.0,Low,1,2,"Inventory, Inventory Wastage",Marketing Growth,Prioritize corrective action | Review inventory levels and replenishment | Reduce inventory wastage and improve stock rotation,"Health: Stable | Risk Areas: Inventory, Inventory Wastage | Recommendation: Prioritize corrective action | Review inventory levels and replenishment | Reduce inventory wastage and improve stock rotation",,,,,,,,,,78.75,3,13,0,40.0,75.08250000000001,97.97999999999999,1935.0,48210.0,14.12425,92.5,27.76615384615385,21.73439287488707,4.601002686187046,5235408.95,113788434.98
OUT0039,68.98,Stable,High,2,40.0,Low,1,2,"Inventory, Inventory Wastage",Marketing Growth,Prioritize corrective action | Review inventory levels and replenishment | Reduce inventory wastage and improve stock rotation,"Health: Stable | Risk Areas: Inventory, Inventory Wastage | Recommendation: Prioritize corrective action | Review inventory levels and replenishment | Reduce inventory wastage and improve stock rotation",,,,,,,,,,78.875,4,11,0,40.0,54.5025,99.1975,787.0,74203.0,20.10125,92.5,32.212051282051284,21.149252669133507,4.728299461188339,5325282.52,112625745.55
OUT0118,68.98,Stable,High,2,40.0,Low,1,2,"Inventory, Inventory Wastage",Marketing Growth,Prioritize corrective action | Review inventory levels and replenishment | Reduce inventory wastage and improve stock rotation,"Health: Stable | Risk Areas: Inventory, Inventory Wastage | Recommendation: Prioritize corrective action | Review inventory levels and replenishment | Reduce inventory wastage and improve stock rotation",,,,,,,,,,78.875,4,11,0,40.0,48.339999999999996,96.9275,3054.0,80709.0,22.31525,92.5,28.87794871794872,22.36092300028585,4.472087310471112,7253314.33,162190803.23
OUT0158,68.98,Stable,High,2,40.0,Low,1,2,"Inventory, Inventory Wastage",Marketing Growth,Prioritize corrective action | Review inventory levels and replenishment | Reduce inventory wastage and improve stock rotation,"Health: Stable | Risk Areas: Inventory, Inventory Wastage | Recommendation: Prioritize corrective action | Review inventory levels and replenishment | Reduce inventory wastage and improve stock rotation",,,,,,,,,,78.875,4,11,0,40.0,65.08500000000001,96.675,4458.0,87003.0,16.504749999999998,92.5,26.766250000000003,21.64366928327967,4.620288671535596,8217442.4,177855605.66
OUT0003,69.3,Stable,High,2,40.0,Low,1,2,"Inventory, Inventory Wastage",Marketing Growth,Prioritize corrective action | Review inventory levels and replenishment | Reduce inventory wastage and improve stock rotation,"Health: Stable | Risk Areas: Inventory, Inventory Wastage | Recommendation: Prioritize corrective action | Review inventory levels and replenishment | Reduce inventory wastage and improve stock rotation",,,,,,,,,,79.375,1,16,0,40.0,68.8575,96.83,4162.0,79358.0,16.07075,92.5,30.657,21.481949162500023,4.655071066575516,3289099.19,70656261.59
OUT0171,69.38,Stable,High,2,40.0,Low,1,2,"Inventory, Inventory Wastage",Marketing Growth,Prioritize corrective action | Review inventory levels and replenishment | Reduce inventory wastage and improve stock rotation,"Health: Stable | Risk Areas: Inventory, Inventory Wastage | Recommendation: Prioritize corrective action | Review inventory levels and replenishment | Reduce inventory wastage and improve stock rotation",,,,,,,,,,79.5,2,14,0,40.0,45.795,96.6925,3967.0,101148.0,22.18925,92.5,27.71897435897436,21.111375166667266,4.736782858081644,5459027.97,115247587.52
OUT0346,69.45,Stable,High,2,40.0,Low,1,2,"Inventory, Inventory Wastage",Marketing Growth,Prioritize corrective action | Review inventory levels and replenishment | Reduce inventory wastage and improve stock rotation,"Health: Stable | Risk Areas: Inventory, Inventory Wastage | Recommendation: Prioritize corrective action | Review inventory levels and replenishment | Reduce inventory wastage and improve stock rotation",,,,,,,,,,79.625,3,12,0,40.0,55.0175,96.7325,3651.0,84409.0,19.85975,92.5,29.1375,21.02177414478342,4.756972428267437,6696372.76,140769635.75
OUT0400,69.53,Stable,High,2,40.0,Low,1,2,"Inventory, Inventory Wastage",Marketing Growth,Prioritize corrective action | Review inventory levels and replenishment | Reduce inventory wastage and improve stock rotation,"Health: Stable | Risk Areas: Inventory, Inventory Wastage | Recommendation: Prioritize corrective action | Review inventory levels and replenishment | Reduce inventory wastage and improve stock rotation",,,,,,,,,,79.75,4,10,0,40.0,51.654999999999994,97.8925,549.0,20653.0,20.52175,92.5,27.42975,21.3592597138906,4.681810200330437,1361868.59,29088504.91
OUT0734,69.84,Stable,High,2,40.0,Low,1,2,"Inventory, Inventory Wastage",Marketing Growth,Prioritize corrective action | Review inventory levels and replenishment | Reduce inventory wastage and improve stock rotation,"Health: Stable | Risk Areas: Inventory, Inventory Wastage | Recommendation: Prioritize corrective action | Review inventory levels and replenishment | Reduce inventory wastage and improve stock rotation",,,,,,,,,,80.25,1,15,0,40.0,73.7775,99.35,813.0,67805.0,14.97575,92.5,27.53048780487805,21.34571691524264,4.684780576687568,6317765.24,134857228.35
OUT0047,69.92,Stable,High,2,40.0,Low,1,2,"Inventory, Inventory Wastage",Marketing Growth,Prioritize corrective action | Review inventory levels and replenishment | Reduce inventory wastage and improve stock rotation,"Health: Stable | Risk Areas: Inventory, Inventory Wastage | Recommendation: Prioritize corrective action | Review inventory levels and replenishment | Reduce inventory wastage and improve stock rotation",,,,,,,,,,80.375,2,13,0,40.0,62.260000000000005,99.38,220.0,24083.0,17.719749999999998,92.5,27.537692307692307,21.9232122728223,4.561375347533705,1465712.74,32133131.53
OUT0134,70.08,Stable,High,2,40.0,Low,1,2,"Inventory, Inventory Wastage",Marketing Growth,Prioritize corrective action | Review inventory levels and replenishment | Reduce inventory wastage and improve stock rotation,"Health: Stable | Risk Areas: Inventory, Inventory Wastage | Recommendation: Prioritize corrective action | Review inventory levels and replenishment | Reduce inventory wastage and improve stock rotation",,,,,,,,,,80.625,4,9,0,40.0,67.1,99.275,283.0,24411.0,16.30525,92.5,31.77282051282052,21.828997543709388,4.581062405626487,2564126.56,55972312.38
OUT0506,71.02,Stable,High,2,40.0,Low,1,2,"Inventory, Inventory Wastage",Marketing Growth,Prioritize corrective action | Review inventory levels and replenishment | Reduce inventory wastage and improve stock rotation,"Health: Stable | Risk Areas: Inventory, Inventory Wastage | Recommendation: Prioritize corrective action | Review inventory levels and replenishment | Reduce inventory wastage and improve stock rotation",,,,,,,,,,82.125,2,11,0,40.0,62.265,96.725,2327.0,48557.0,17.5595,92.5,32.362631578947365,21.45968875837229,4.659899830140171,4182034.42,89745157.03
OUT0175,72.03,Stable,High,2,40.0,Low,1,2,"Inventory, Inventory Wastage",Marketing Growth,Prioritize corrective action | Review inventory levels and replenishment | Reduce inventory wastage and improve stock rotation,"Health: Stable | Risk Areas: Inventory, Inventory Wastage | Recommendation: Prioritize corrective action | Review inventory levels and replenishment | Reduce inventory wastage and improve stock rotation",,,,,,,,,,83.75,1,11,0,40.0,74.27250000000001,97.91,4534.0,118247.0,15.196000000000002,92.5,34.3205,21.950170640310475,4.555773239245559,4704837.9,103271994.74
OUT0065,71.25,Stable,Medium,2,40.0,Low,0,1,Inventory Wastage,Marketing Growth,Reduce inventory wastage and improve stock rotation,Health: Stable | Risk Areas: Inventory Wastage | Recommendation: Reduce inventory wastage and improve stock rotation,,,,,,,,,,74.0,0,24,0,40.0,53.260000000000005,98.075,1771.0,71110.0,18.613999999999997,80.0,23.403589743589745,20.31027811974101,4.923615492138577,2526156.89,51306949.01
OUT-011,72.0,Stable,Medium,1,20.0,Very Low,1,1,Performance,None Identified,Review outlet performance and revenue drivers,Health: Stable | Risk Areas: Performance | Recommendation: Review outlet performance and revenue drivers,76.5,Good,Medium,-20.653148575389643,89.44178418728346,0.1156179096360343,3.79,3.9,88.86,,,,,,,,,,,,,,,,
OUT0230,72.89,Stable,Medium,2,40.0,Low,0,1,Inventory Wastage,Marketing Growth,Reduce inventory wastage and improve stock rotation,Health: Stable | Risk Areas: Inventory Wastage | Recommendation: Reduce inventory wastage and improve stock rotation,,,,,,,,,,76.625,0,21,0,40.0,47.1575,98.0725,2310.0,99059.0,21.47225,80.0,32.90692307692307,20.438441066081868,4.892741069471909,5661440.23,115711012.49
OUT0267,73.44,Stable,Medium,2,40.0,Low,0,1,Inventory Wastage,Marketing Growth,Reduce inventory wastage and improve stock rotation,Health: Stable | Risk Areas: Inventory Wastage | Recommendation: Reduce inventory wastage and improve stock rotation,,,,,,,,,,77.5,0,20,0,40.0,59.3775,99.33250000000001,859.0,89904.0,18.1195,80.0,22.6974358974359,21.621562083189108,4.625012735677899,6488141.649999999,140283757.49
OUT0477,73.44,Stable,Medium,2,40.0,Low,0,1,Inventory Wastage,Marketing Growth,Reduce inventory wastage and improve stock rotation,Health: Stable | Risk Areas: Inventory Wastage | Recommendation: Reduce inventory wastage and improve stock rotation,,,,,,,,,,77.5,0,20,0,40.0,74.66499999999999,99.2675,251.0,18331.0,13.999500000000001,80.0,26.5465,19.403922890704507,5.153597061958292,2317921.32,44976766.56
OUT0641,73.44,Stable,Medium,2,40.0,Low,0,1,Inventory Wastage,Marketing Growth,Reduce inventory wastage and improve stock rotation,Health: Stable | Risk Areas: Inventory Wastage | Recommendation: Reduce inventory wastage and improve stock rotation,,,,,,,,,,77.5,0,20,0,40.0,68.035,97.06,2600.0,53545.0,15.496500000000001,80.0,39.16736842105263,20.45371980745157,4.88908623670344,7139475.59,146028833.29
OUT0716,73.44,Stable,Medium,2,40.0,Low,0,1,Inventory Wastage,Marketing Growth,Reduce inventory wastage and improve stock rotation,Health: Stable | Risk Areas: Inventory Wastage | Recommendation: Reduce inventory wastage and improve stock rotation,,,,,,,,,,77.5,0,20,0,40.0,70.2625,97.00750000000001,4690.0,90073.0,15.017500000000002,80.0,42.06263157894737,19.494587167981564,5.12962901641963,7692040.85,149953160.85
OUT0180,73.98,Stable,Medium,2,40.0,Low,0,1,Inventory Wastage,Marketing Growth,Reduce inventory wastage and improve stock rotation,Health: Stable | Risk Areas: Inventory Wastage | Recommendation: Reduce inventory wastage and improve stock rotation,,,,,,,,,,78.375,0,19,0,40.0,65.11749999999999,98.11,617.0,21262.0,16.9045,80.0,24.833076923076923,19.89871344520058,5.025450528517423,2214309.1,44061902.26
OUT0465,73.98,Stable,Medium,2,40.0,Low,0,1,Inventory Wastage,Marketing Growth,Reduce inventory wastage and improve stock rotation,Health: Stable | Risk Areas: Inventory Wastage | Recommendation: Reduce inventory wastage and improve stock rotation,,,,,,,,,,78.375,0,19,0,40.0,40.9775,97.905,1038.0,44168.0,23.698500000000003,80.0,20.27125,21.460619833878248,4.659697658971509,3166312.57,67951030.34
OUT0640,73.98,Stable,Medium,2,40.0,Low,0,1,Inventory Wastage,Marketing Growth,Reduce inventory wastage and improve stock rotation,Health: Stable | Risk Areas: Inventory Wastage | Recommendation: Reduce inventory wastage and improve stock rotation,,,,,,,,,,78.375,0,19,0,40.0,78.185,98.04249999999999,2694.0,64588.0,13.622499999999999,80.0,27.63675,20.321168487000644,4.9209768652806325,10073974.63,204714935.79
OUT0709,73.98,Stable,Medium,2,40.0,Low,0,1,Inventory Wastage,Marketing Growth,Reduce inventory wastage and improve stock rotation,Health: Stable | Risk Areas: Inventory Wastage | Recommendation: Reduce inventory wastage and improve stock rotation,,,,,,,,,,78.375,0,19,0,40.0,60.095000000000006,99.2475,607.0,55658.0,17.925,80.0,20.55974358974359,19.339262696965328,5.170827945560292,2119708.08,40993591.4
OUT0132,74.53,Stable,Medium,2,40.0,Low,0,1,Inventory Wastage,Marketing Growth,Reduce inventory wastage and improve stock rotation,Health: Stable | Risk Areas: Inventory Wastage | Recommendation: Reduce inventory wastage and improve stock rotation,,,,,,,,,,79.25,0,18,0,40.0,62.355,99.265,437.0,40477.0,16.404249999999998,80.0,20.38825,19.78412376429233,5.054557947139741,1973383.4,39041661.42
OUT0185,74.53,Stable,Medium,2,40.0,Low,0,1,Inventory Wastage,Marketing Growth,Reduce inventory wastage and improve stock rotation,Health: Stable | Risk Areas: Inventory Wastage | Recommendation: Reduce inventory wastage and improve stock rotation,,,,,,,,,,79.25,0,18,0,40.0,60.1225,98.05,762.0,27051.0,17.475749999999998,80.0,22.879487179487175,21.39470925140739,4.674052768135739,2386511.81,51058726.3
OUT0375,74.53,Stable,Medium,2,40.0,Low,0,1,Inventory Wastage,Marketing Growth,Reduce inventory wastage and improve stock rotation,Health: Stable | Risk Areas: Inventory Wastage | Recommendation: Reduce inventory wastage and improve stock rotation,,,,,,,,,,79.25,0,18,0,40.0,73.49249999999999,97.8875,1920.0,50477.0,14.2405,80.0,21.427179487179487,20.485469219206184,4.881508884660784,4613623.38,94512239.74
OUT0473,74.53,Stable,Medium,2,40.0,Low,0,1,Inventory Wastage,Marketing Growth,Reduce inventory wastage and improve stock rotation,Health: Stable | Risk Areas: Inventory Wastage | Recommendation: Reduce inventory wastage and improve stock rotation,,,,,,,,,,79.25,0,18,0,40.0,60.205,96.77250000000001,3513.0,75894.0,17.80425,80.0,23.865135135135134,19.980259363128248,5.004940035189978,4849181.95,96887913.06
OUT0347,75.08,Stable,Medium,2,40.0,Low,0,1,Inventory Wastage,Marketing Growth,Reduce inventory wastage and improve stock rotation,Health: Stable | Risk Areas: Inventory Wastage | Recommendation: Reduce inventory wastage and improve stock rotation,,,,,,,,,,80.125,0,17,0,40.0,80.6225,99.3075,376.0,24167.0,12.97875,80.0,24.45837837837838,21.910593396991185,4.5640023612382965,1400866.22,30693810.15
OUT0371,75.08,Stable,Medium,2,40.0,Low,0,1,Inventory Wastage,Marketing Growth,Reduce inventory wastage and improve stock rotation,Health: Stable | Risk Areas: Inventory Wastage | Recommendation: Reduce inventory wastage and improve stock rotation,,,,,,,,,,80.125,0,17,0,40.0,57.6725,96.595,1369.0,28771.0,19.048750000000002,80.0,24.196153846153845,20.339544637551462,4.916530914629086,1444341.32,29377244.75
OUT0410,75.08,Stable,Medium,2,40.0,Low,0,1,Inventory Wastage,Marketing Growth,Reduce inventory wastage and improve stock rotation,Health: Stable | Risk Areas: Inventory Wastage | Recommendation: Reduce inventory wastage and improve stock rotation,,,,,,,,,,80.125,0,17,0,40.0,44.005,98.0875,769.0,34514.0,22.8505,80.0,22.92175,20.09332921439022,4.9767760699597305,1441988.03,28974340.21
OUT0071,75.62,Stable,Medium,2,40.0,Low,0,1,Inventory Wastage,Marketing Growth,Reduce inventory wastage and improve stock rotation,Health: Stable | Risk Areas: Inventory Wastage | Recommendation: Reduce inventory wastage and improve stock rotation,,,,,,,,,,81.0,0,16,0,40.0,74.14500000000001,96.815,1329.0,23274.0,14.9525,80.0,19.300975609756097,21.012785442728863,4.759007332585856,3601384.87,75675127.57
OUT0710,75.62,Stable,Medium,2,40.0,Low,0,1,Inventory Wastage,Marketing Growth,Reduce inventory wastage and improve stock rotation,Health: Stable | Risk Areas: Inventory Wastage | Recommendation: Reduce inventory wastage and improve stock rotation,,,,,,,,,,81.0,0,16,0,40.0,63.739999999999995,97.77250000000001,930.0,27969.0,16.973,80.0,23.37421052631579,20.163296001223184,4.959506620045334,2757915.36,55608663.75
OUT0240,76.17,Stable,Medium,2,40.0,Low,0,1,Inventory Wastage,Marketing Growth,Reduce inventory wastage and improve stock rotation,Health: Stable | Risk Areas: Inventory Wastage | Recommendation: Reduce inventory wastage and improve stock rotation,,,,,,,,,,81.875,0,15,0,40.0,71.1825,98.0875,2097.0,63294.0,15.8295,80.0,25.26775,19.89256377869302,5.027004116337698,3054388.79,60759623.81
OUT0721,76.17,Stable,Medium,2,40.0,Low,0,1,Inventory Wastage,Marketing Growth,Reduce inventory wastage and improve stock rotation,Health: Stable | Risk Areas: Inventory Wastage | Recommendation: Reduce inventory wastage and improve stock rotation,,,,,,,,,,81.875,0,15,0,40.0,49.6225,96.82000000000001,3333.0,82814.0,21.49725,80.0,29.11435897435897,20.257616007222214,4.936415023581656,4369957.45,88524919.99
OUT0577,76.72,Stable,Medium,2,40.0,Low,0,1,Inventory Wastage,Marketing Growth,Reduce inventory wastage and improve stock rotation,Health: Stable | Risk Areas: Inventory Wastage | Recommendation: Reduce inventory wastage and improve stock rotation,,,,,,,,,,82.75,0,14,0,40.0,82.62,99.2675,418.0,25400.0,13.094999999999999,80.0,19.327179487179485,22.769681093486497,4.391805031850272,4357695.88,99223345.49
OUT0181,77.27,Stable,Medium,2,40.0,Low,0,1,Inventory Wastage,Marketing Growth,Reduce inventory wastage and improve stock rotation,Health: Stable | Risk Areas: Inventory Wastage | Recommendation: Reduce inventory wastage and improve stock rotation,,,,,,,,,,83.625,0,13,0,40.0,82.7525,96.6575,3344.0,44182.0,12.99,80.0,20.190263157894737,19.47937234372537,5.133635634425956,4399928.61,85707847.68
OUT0207,77.27,Stable,Medium,2,40.0,Low,0,1,Inventory Wastage,Marketing Growth,Reduce inventory wastage and improve stock rotation,Health: Stable | Risk Areas: Inventory Wastage | Recommendation: Reduce inventory wastage and improve stock rotation,,,,,,,,,,83.625,0,13,0,40.0,77.4825,99.3025,736.0,52685.0,14.1715,80.0,23.34076923076923,21.05127592197019,4.750305889802854,4357121.07,91722957.87
OUT0318,77.27,Stable,Medium,2,40.0,Low,0,1,Inventory Wastage,Marketing Growth,Reduce inventory wastage and improve stock rotation,Health: Stable | Risk Areas: Inventory Wastage | Recommendation: Reduce inventory wastage and improve stock rotation,,,,,,,,,,83.625,0,13,0,40.0,72.58500000000001,96.83,2120.0,38135.0,15.022499999999999,80.0,21.984871794871797,19.52912552491372,5.120556978981361,3801074.67,74231664.36
OUT0338,77.27,Stable,Medium,2,40.0,Low,0,1,Inventory Wastage,Marketing Growth,Reduce inventory wastage and improve stock rotation,Health: Stable | Risk Areas: Inventory Wastage | Recommendation: Reduce inventory wastage and improve stock rotation,,,,,,,,,,83.625,0,13,0,40.0,55.239999999999995,96.64500000000001,2014.0,45208.0,19.53675,80.0,17.882051282051282,20.717344829795262,4.826873367294733,3713706.03,76938128.42
OUT0386,77.27,Stable,Medium,2,40.0,Low,0,1,Inventory Wastage,Marketing Growth,Reduce inventory wastage and improve stock rotation,Health: Stable | Risk Areas: Inventory Wastage | Recommendation: Reduce inventory wastage and improve stock rotation,,,,,,,,,,83.625,0,13,0,40.0,48.83,96.79249999999999,4758.0,119666.0,21.5145,80.0,28.862368421052636,19.56053925521227,5.112333494249303,6616023.58,129412988.95
OUT0545,77.27,Stable,Medium,2,40.0,Low,0,1,Inventory Wastage,Marketing Growth,Reduce inventory wastage and improve stock rotation,Health: Stable | Risk Areas: Inventory Wastage | Recommendation: Reduce inventory wastage and improve stock rotation,,,,,,,,,,83.625,0,13,0,40.0,76.49249999999999,97.94,1232.0,31160.0,14.617500000000001,80.0,18.709,21.703970260194588,4.607451945481216,3239241.1,70304392.5
OUT0484,77.58,Stable,Medium,2,40.0,Low,0,1,Inventory Wastage,Marketing Growth,Reduce inventory wastage and improve stock rotation,Health: Stable | Risk Areas: Inventory Wastage | Recommendation: Reduce inventory wastage and improve stock rotation,,,,,,,,,,76.625,0,21,0,40.0,71.44500000000001,99.2875,1090.0,86879.0,14.88475,92.5,27.18325,21.33393222932592,4.687368410336403,8670125.36,184967866.85
OUT0105,77.81,Stable,Medium,2,40.0,Low,0,1,Inventory Wastage,Marketing Growth,Reduce inventory wastage and improve stock rotation,Health: Stable | Risk Areas: Inventory Wastage | Recommendation: Reduce inventory wastage and improve stock rotation,,,,,,,,,,84.5,0,12,0,40.0,78.10249999999999,97.9325,1693.0,41483.0,13.975249999999999,80.0,24.978717948717943,20.187320421144623,4.953604436538188,3637263.55,73426604.74
OUT0489,77.81,Stable,Medium,2,40.0,Low,0,1,Inventory Wastage,Marketing Growth,Reduce inventory wastage and improve stock rotation,Health: Stable | Risk Areas: Inventory Wastage | Recommendation: Reduce inventory wastage and improve stock rotation,,,,,,,,,,84.5,0,12,0,40.0,80.8075,99.2775,1318.0,85581.0,14.18525,80.0,33.66461538461539,19.93802292746342,5.01554243185547,7496437.65,149464145.74
OUT0705,77.81,Stable,Medium,2,40.0,Low,0,1,Inventory Wastage,Marketing Growth,Reduce inventory wastage and improve stock rotation,Health: Stable | Risk Areas: Inventory Wastage | Recommendation: Reduce inventory wastage and improve stock rotation,,,,,,,,,,84.5,0,12,0,40.0,49.339999999999996,98.065,652.0,26987.0,21.529249999999998,80.0,33.50325,19.338128262238605,5.171131282403847,2099518.79,40600763.65
OUT0348,78.36,Stable,Medium,2,40.0,Low,0,1,Inventory Wastage,"Marketing Growth, Healthy Inventory",Reduce inventory wastage and improve stock rotation,Health: Stable | Risk Areas: Inventory Wastage | Recommendation: Reduce inventory wastage and improve stock rotation,,,,,,,,,,85.375,0,11,0,40.0,84.61,96.62,2572.0,30410.0,12.800749999999999,80.0,18.72487804878049,21.0492879004346,4.750754537303627,6128320.69,128996786.55
OUT0627,78.67,Stable,Medium,2,40.0,Low,0,1,Inventory Wastage,Marketing Growth,Reduce inventory wastage and improve stock rotation,Health: Stable | Risk Areas: Inventory Wastage | Recommendation: Reduce inventory wastage and improve stock rotation,,,,,,,,,,78.375,0,19,0,40.0,56.24249999999999,99.285,1017.0,105176.0,19.168,92.5,30.16925,21.402374455619643,4.672378768410105,8541732.19,182813350.83
OUT0672,78.91,Stable,Medium,2,40.0,Low,0,1,Inventory Wastage,"Marketing Growth, Healthy Inventory",Reduce inventory wastage and improve stock rotation,Health: Stable | Risk Areas: Inventory Wastage | Recommendation: Reduce inventory wastage and improve stock rotation,,,,,,,,,,86.25,0,10,0,40.0,76.35249999999999,99.27000000000001,481.0,35217.0,15.449250000000001,80.0,22.969,20.602797140242767,4.853709878289938,5600939.76,115395025.67
OUT0332,79.22,Stable,Medium,2,40.0,Low,0,1,Inventory Wastage,Marketing Growth,Reduce inventory wastage and improve stock rotation,Health: Stable | Risk Areas: Inventory Wastage | Recommendation: Reduce inventory wastage and improve stock rotation,,,,,,,,,,79.25,0,18,0,40.0,57.3275,99.33500000000001,976.0,105862.0,18.6285,92.5,31.639743589743592,21.24148521487777,4.707768735961972,7553380.57,160445021.7
OUT0361,79.22,Stable,Medium,2,40.0,Low,0,1,Inventory Wastage,Marketing Growth,Reduce inventory wastage and improve stock rotation,Health: Stable | Risk Areas: Inventory Wastage | Recommendation: Reduce inventory wastage and improve stock rotation,,,,,,,,,,79.25,0,18,0,40.0,77.4675,96.72,4484.0,67697.0,13.574000000000002,92.5,31.374054054054053,20.796519900493685,4.808496829203915,5462648.4,113604076.16
OUT0685,82.5,Healthy,Medium,2,40.0,Low,0,1,Inventory Wastage,Marketing Growth,Reduce inventory wastage and improve stock rotation,Health: Healthy | Risk Areas: Inventory Wastage | Recommendation: Reduce inventory wastage and improve stock rotation,,,,,,,,,,84.5,0,12,0,40.0,50.9375,98.20750000000001,2470.0,107850.0,19.81525,92.5,26.69475,22.81087624070852,4.383873681342367,6294576.76,143584811.46
OUT-001,80.0,Healthy,Low,1,20.0,Very Low,0,0,No Major Risk,Performance Growth,Maintain current performance and monitor key metrics,Health: Healthy | Risk Areas: No Major Risk | Recommendation: Maintain current performance and monitor key metrics,84.1,Good,Low,17.332236126694156,101.99702118435644,7.399410204821821,4.23,4.07,86.48,,,,,,,,,,,,,,,,
OUT-002,80.0,Healthy,Low,1,20.0,Very Low,0,0,No Major Risk,Performance Growth,Maintain current performance and monitor key metrics,Health: Healthy | Risk Areas: No Major Risk | Recommendation: Maintain current performance and monitor key metrics,84.7,Good,Low,18.821933485855794,108.8255173564753,3.137542751754085,4.25,2.9,88.87,,,,,,,,,,,,,,,,
OUT-003,80.0,Healthy,Low,1,20.0,Very Low,0,0,No Major Risk,Performance Growth,Maintain current performance and monitor key metrics,Health: Healthy | Risk Areas: No Major Risk | Recommendation: Maintain current performance and monitor key metrics,81.5,Good,Low,6.635920836363873,103.19289738187824,2.406643713155332,3.84,4.0,91.66,,,,,,,,,,,,,,,,
OUT-004,80.0,Healthy,Low,1,20.0,Very Low,0,0,No Major Risk,None Identified,Maintain current performance and monitor key metrics,Health: Healthy | Risk Areas: No Major Risk | Recommendation: Maintain current performance and monitor key metrics,80.2,Good,Low,-15.123668467963396,92.62130485290577,1.4965656024808371,4.04,3.15,88.42,,,,,,,,,,,,,,,,
OUT-006,80.0,Healthy,Low,1,20.0,Very Low,0,0,No Major Risk,None Identified,Maintain current performance and monitor key metrics,Health: Healthy | Risk Areas: No Major Risk | Recommendation: Maintain current performance and monitor key metrics,81.5,Good,Low,8.384077869656217,101.99787813011908,-2.3025494043873995,4.24,3.55,87.95,,,,,,,,,,,,,,,,
OUT-008,80.0,Healthy,Low,1,20.0,Very Low,0,0,No Major Risk,None Identified,Maintain current performance and monitor key metrics,Health: Healthy | Risk Areas: No Major Risk | Recommendation: Maintain current performance and monitor key metrics,77.0,Good,Low,-13.745137271592716,91.21452528131196,-4.775685105062976,4.04,3.39,88.44,,,,,,,,,,,,,,,,
OUT-009,80.0,Healthy,Low,1,20.0,Very Low,0,0,No Major Risk,None Identified,Maintain current performance and monitor key metrics,Health: Healthy | Risk Areas: No Major Risk | Recommendation: Maintain current performance and monitor key metrics,76.2,Good,Low,5.648220993340736,90.30942777504508,-12.624182698622988,4.34,2.74,90.39,,,,,,,,,,,,,,,,
OUT-005,95.0,Healthy,Low,1,20.0,Very Low,0,0,No Major Risk,Performance Growth,Maintain current performance and monitor key metrics,Health: Healthy | Risk Areas: No Major Risk | Recommendation: Maintain current performance and monitor key metrics,90.4,Excellent,Low,26.813587822185305,115.62863944909,3.3032223163425467,4.79,1.48,98.22,,,,,,,,,,,,,,,,
OUT-007,95.0,Healthy,Low,1,20.0,Very Low,0,0,No Major Risk,None Identified,Maintain current performance and monitor key metrics,Health: Healthy | Risk Areas: No Major Risk | Recommendation: Maintain current performance and monitor key metrics,85.1,Excellent,Low,22.49923914304645,102.99726883471894,-3.2090030159264704,4.37,1.7,92.55,,,,,,,,,,,,,,,,
OUT-010,95.0,Healthy,Low,1,20.0,Very Low,0,0,No Major Risk,Performance Growth,Maintain current performance and monitor key metrics,Health: Healthy | Risk Areas: No Major Risk | Recommendation: Maintain current performance and monitor key metrics,85.6,Excellent,Low,8.023810425809648,99.82714756074324,6.080026478645961,4.06,1.68,81.33,,,,,,,,,,,,,,,,
