Outlet_ID,Outlet_Name,Outlet_Type,City,State,Region,Recent_Sales,Recent_Profit,Profit_Margin_%,Conversion_Rate_%,Recent_Orders,Complaints_Per_1000_Orders,Avg_Satisfaction,Avg_Employee_Turnover,Wastage_Rate_%,Avg_Freshness,Sales_Trend_%,Profit_Trend_%,Orders_Trend_%,Operational_Risk_Score,Operational_Risk,Primary_Operational_Issue,Recommended_Action,Operational_Insight
OUT0306,Franchise Outlet 0306,Franchise,Lucknow,Uttar Pradesh,North,2887212.85,461250.03,15.975615722270009,14.785538960768815,3554.0,28.137310073157007,2.7533333333333334,12.29,3.26619488296135,96.66666666666667,-14.666832723048751,-15.99230481617222,-11.022997620935765,9,High,Profitability,"Review costs, pricing and product profitability","Profitability | Review costs, pricing and product profitability"
OUT0293,Franchise Outlet 0293,Franchise,Mysuru,Karnataka,South,3704243.74,793539.41,21.422440468239813,16.20740180554899,3429.0,26.8299795858851,2.733333333333333,10.11,3.1355932203389827,96.8,-13.34065633617807,-57.03380742976763,-3.6426712922810056,9,High,Profitability,"Review costs, pricing and product profitability","Profitability | Review costs, pricing and product profitability"
OUT0045,Franchise Outlet 0045,Franchise,Nashik,Maharashtra,West,403853.31999999995,78807.68,19.513936396511486,15.588637919233403,911.0,120.7464324917673,2.26,11.203333333333333,2.1482277121374866,97.83333333333333,-19.75337580035939,-24.59410807189573,-18.731117824773413,8,High,Profitability,"Review costs, pricing and product profitability","Profitability | Review costs, pricing and product profitability"
OUT0715,Franchise Outlet 0715,Franchise,Kolkata,West Bengal,East,1679758.76,198962.86,11.844728227522385,19.96591877307583,1406.0,64.01137980085349,2.896666666666667,11.236666666666666,2.564102564102564,97.39999999999999,-12.013542468848389,391.5642336200797,-13.480885311871226,8,High,Profitability,"Review costs, pricing and product profitability","Profitability | Review costs, pricing and product profitability"
OUT0305,Franchise Outlet 0305,Franchise,Jaipur,Rajasthan,North,987516.61,261236.25,26.45385883686554,16.21853546910755,1134.0,89.06525573192239,2.3033333333333332,10.5,1.647875108412836,98.3,-14.991513328551598,-55.37926827205454,-22.16867469879518,8,High,Profitability,"Review costs, pricing and product profitability","Profitability | Review costs, pricing and product profitability"
OUT0191,Franchise Outlet 0191,Franchise,Ahmedabad,Gujarat,West,1485609.04,266549.33,17.9420912786045,8.945438861332757,2074.0,47.251687560270014,2.513333333333333,5.9399999999999995,2.902621722846442,97.0,-21.080226330471895,-19.996726201643465,-13.031161473087819,8,High,Profitability,"Review costs, pricing and product profitability","Profitability | Review costs, pricing and product profitability"
OUT0227,Franchise Outlet 0227,Company-Owned,Bengaluru,Karnataka,South,4173681.86,432822.29000000004,10.37027508368834,17.01660450006016,5657.0,22.980378292381122,2.8166666666666664,10.923333333333332,0.49252418645558493,99.46666666666665,-61.04189212563882,-27.859044519890556,-58.41869398207427,8,High,Profitability,"Review costs, pricing and product profitability","Profitability | Review costs, pricing and product profitability"
OUT0131,Franchise Outlet 0131,Franchise,Ahmedabad,Gujarat,West,2351587.3600000003,474908.59,20.19523484766477,16.24053385319037,2166.0,30.932594644506,2.9166666666666665,8.73,2.9134917077543703,97.03333333333335,-14.141233931982045,-87.18973692109688,-17.06700379266751,8,High,Profitability,"Review costs, pricing and product profitability","Profitability | Review costs, pricing and product profitability"
OUT0688,Franchise Outlet 0688,Franchise,Patna,Bihar,East,2846145.84,496112.09,17.431014357296604,11.317361423341254,1762.0,48.80817253121453,2.98,9.57,2.6519337016574585,97.23333333333333,-15.867257992748,-61.908104870593206,-14.563106796116504,8,High,Profitability,"Review costs, pricing and product profitability","Profitability | Review costs, pricing and product profitability"
OUT0251,Franchise Outlet 0251,Franchise,Ahmedabad,Gujarat,West,2922963.31,735248.59,25.15421892175581,15.42608469732398,2375.0,39.578947368421055,2.9333333333333336,8.126666666666667,3.8461538461538463,95.96666666666665,-11.281191571275691,-43.293509228649945,-8.18070818070818,8,High,Profitability,"Review costs, pricing and product profitability","Profitability | Review costs, pricing and product profitability"
OUT0528,Franchise Outlet 0528,Franchise,Hyderabad,Telangana,South,4227402.51,800287.49,18.930950816888263,15.218602060707322,3279.0,24.702653247941445,2.893333333333333,8.586666666666666,3.672150411280846,96.16666666666667,-19.24971829238295,-52.94023468770135,-12.572855953372189,8,High,Profitability,"Review costs, pricing and product profitability","Profitability | Review costs, pricing and product profitability"
OUT0334,Franchise Outlet 0334,Company-Owned,Delhi,Delhi,North,7470173.04,1611871.45,21.57743122373508,15.728607232366631,4393.0,19.57659913498748,2.5866666666666664,10.393333333333333,0.43064369900271987,99.56666666666666,-24.10253695974435,-61.49384771538984,-19.038583175205567,8,High,Profitability,"Review costs, pricing and product profitability","Profitability | Review costs, pricing and product profitability"
OUT0248,Franchise Outlet 0248,Franchise,Jammu,Jammu & Kashmir,North,677148.65,149167.06,22.028702265004885,14.612452350698856,690.0,142.02898550724638,3.2533333333333334,8.38,3.765690376569038,96.10000000000001,-15.414883773848956,-70.36345688786709,-18.11023622047244,7,High,Profitability,"Review costs, pricing and product profitability","Profitability | Review costs, pricing and product profitability"
OUT0425,Franchise Outlet 0425,Franchise,Jaipur,Rajasthan,North,643862.05,155349.13,24.127704063316045,10.75907590759076,815.0,117.79141104294479,2.5933333333333333,9.5,2.043269230769231,97.96666666666665,-21.048130051876974,-52.55058549440995,-17.666666666666668,7,High,Profitability,"Review costs, pricing and product profitability","Profitability | Review costs, pricing and product profitability"
OUT0653,Franchise Outlet 0653,Company-Owned,Mysuru,Karnataka,South,2619761.84,288690.49,11.01972269357126,16.56357940396819,2062.0,46.071774975751694,2.956666666666667,11.763333333333334,3.101503759398496,96.8,19.68394069081946,1191.1457115605526,20.098846787479406,7,High,Profitability,"Review costs, pricing and product profitability","Profitability | Review costs, pricing and product profitability"
OUT0120,Franchise Outlet 0120,Franchise,Siliguri,West Bengal,East,1321867.65,290823.79,22.00097642150483,20.55981813015061,1447.0,69.79958534899792,2.7900000000000005,10.376666666666667,2.2957461174881835,97.73333333333333,-18.625189542402882,-35.52587210789055,-19.845857418111752,7,High,Profitability,"Review costs, pricing and product profitability","Profitability | Review costs, pricing and product profitability"
OUT0011,Franchise Outlet 0011,Franchise,Ahmedabad,Gujarat,West,2189500.56,307465.86,14.042739500372631,9.019963702359346,1491.0,64.38631790744468,3.453333333333333,7.183333333333334,3.1189083820662766,96.93333333333334,-19.045743513560353,50.488698122746975,-21.1340206185567,7,High,Profitability,"Review costs, pricing and product profitability","Profitability | Review costs, pricing and product profitability"
OUT0448,Franchise Outlet 0448,Franchise,Patna,Bihar,East,1639570.3900000001,308216.44000000006,18.798609799241376,15.63941990771259,2847.0,27.748507200561995,2.606666666666667,11.406666666666666,2.633378932968536,97.26666666666667,-2.640996225484497,-37.27151112415596,-0.8938547486033519,7,High,Profitability,"Review costs, pricing and product profitability","Profitability | Review costs, pricing and product profitability"
OUT0366,Franchise Outlet 0366,Franchise,Lucknow,Uttar Pradesh,North,1806613.6800000002,341633.51,18.910158479481897,15.582624683980695,1356.0,59.73451327433629,2.85,11.703333333333333,3.6931818181818183,96.23333333333333,2.1934368156921495,-57.42589351327578,1.0660980810234542,7,High,Profitability,"Review costs, pricing and product profitability","Profitability | Review costs, pricing and product profitability"
OUT0583,Franchise Outlet 0583,Franchise,Indore,Madhya Pradesh,West,1339662.78,356007.44,26.574407030999247,12.479980288283848,1013.0,90.81934846989141,2.873333333333333,10.780000000000001,2.5024061597690084,97.46666666666665,-15.461190273876138,17.055362831330246,-16.298342541436465,7,High,Sales Decline,Investigate declining demand and outlet sales drivers,Sales Decline | Investigate declining demand and outlet sales drivers
OUT0501,Franchise Outlet 0501,Franchise,Kochi,Kerala,South,2969899.4699999997,456906.35,15.384572933036015,16.515515248510717,3715.0,27.994616419919247,2.8266666666666667,11.836666666666666,3.8312192596427646,96.03333333333335,-19.09485160758358,-5.116538510706456,-19.37321937321937,7,High,Sales Decline,Investigate declining demand and outlet sales drivers,Sales Decline | Investigate declining demand and outlet sales drivers
OUT0731,Franchise Outlet 0731,Franchise,Ahmedabad,Gujarat,West,2758209.7199999997,497756.15,18.046348919399794,18.73465744253515,1679.0,44.0738534842168,3.06,10.49,4.493742889647327,95.3,-20.723965473222634,-52.731890678334906,-17.073170731707318,7,High,Profitability,"Review costs, pricing and product profitability","Profitability | Review costs, pricing and product profitability"
OUT0355,Franchise Outlet 0355,Franchise,Kolkata,West Bengal,East,4224866.93,515708.72000000003,12.20650800473851,16.76368554124772,2851.0,32.26937916520519,2.3966666666666665,9.950000000000001,2.229080932784637,97.73333333333333,-17.30626088358056,32.535591319748036,-15.606936416184972,7,High,Profitability,"Review costs, pricing and product profitability","Profitability | Review costs, pricing and product profitability"
OUT0601,Franchise Outlet 0601,Franchise,Ludhiana,Punjab,North,2603910.12,649709.48,24.951302082577257,9.956733665589573,1818.0,52.805280528052805,2.7133333333333334,11.06,3.4006376195536663,96.5,1.3883498667451195,-50.06424105263275,-3.9800995024875623,7,High,Profitability,"Review costs, pricing and product profitability","Profitability | Review costs, pricing and product profitability"
OUT0225,Franchise Outlet 0225,Franchise,Nashik,Maharashtra,West,6933306.16,708129.9299999999,10.2134524808003,16.49358582773366,4050.0,21.23456790123457,3.296666666666667,11.915,2.1739130434782608,97.76666666666667,-19.457988281566777,-59.8754837739377,-18.612408272181455,7,High,Profitability,"Review costs, pricing and product profitability","Profitability | Review costs, pricing and product profitability"
OUT0633,Franchise Outlet 0633,Franchise,Chandigarh,Chandigarh,North,3409542.62,727849.3300000001,21.34741844054145,22.184944432795135,2116.0,32.608695652173914,3.0500000000000003,10.466666666666667,3.1135531135531136,96.83333333333333,-10.98720696673795,-12.089659795100717,1.394700139470014,7,High,Profitability,"Review costs, pricing and product profitability","Profitability | Review costs, pricing and product profitability"
OUT0211,Franchise Outlet 0211,Company-Owned,Ludhiana,Punjab,North,5545165.67,829208.42,14.953717694786206,15.084971541597708,3737.0,20.337168852020337,3.456666666666667,6.93,3.5114898011877096,96.46666666666665,-15.97503084784407,-92.0079792700808,-14.673913043478262,7,High,Profitability,"Review costs, pricing and product profitability","Profitability | Review costs, pricing and product profitability"
OUT0436,Franchise Outlet 0436,Franchise,Vadodara,Gujarat,West,5739572.27,1025150.3099999999,17.86109246081503,18.236194185561274,3933.0,25.680142384947874,2.44,11.58,3.6973555337904016,96.2,-12.508823172858005,50.32989880699618,-12.205567451820128,7,High,Sales Decline,Investigate declining demand and outlet sales drivers,Sales Decline | Investigate declining demand and outlet sales drivers
OUT0063,Franchise Outlet 0063,Company-Owned,Chandigarh,Chandigarh,North,6069655.859999999,1182237.69,19.477837249243983,16.989525619767864,4201.0,15.472506546060462,2.966666666666667,7.553333333333334,3.469669117647059,96.39999999999999,-12.018321038888573,-49.066590644459794,-11.221779548472774,7,High,Profitability,"Review costs, pricing and product profitability","Profitability | Review costs, pricing and product profitability"
OUT0486,Franchise Outlet 0486,Franchise,Lucknow,Uttar Pradesh,North,6103405.25,1492699.56,24.456831864474346,17.52259297879736,4033.0,20.828167617158442,2.723333333333333,10.34,3.585943103036098,96.3,2.1670409467325924,-19.74666515036023,-0.6656804733727811,7,High,Profitability,"Review costs, pricing and product profitability","Profitability | Review costs, pricing and product profitability"
OUT0576,Franchise Outlet 0576,Franchise,Lucknow,Uttar Pradesh,North,8195596.529999999,1681376.41,20.5156074221726,21.283206462637875,5480.0,14.963503649635037,2.8333333333333335,11.176666666666668,3.5211267605633805,96.33333333333333,-16.237524980815753,-37.006785379136126,-5.408271474019088,7,High,Profitability,"Review costs, pricing and product profitability","Profitability | Review costs, pricing and product profitability"
OUT0358,Franchise Outlet 0358,Company-Owned,Patna,Bihar,East,11513884.77,1818697.8,15.795692212750884,17.02679933513969,7478.0,15.378443434073281,2.8966666666666665,7.62,3.1347150259067353,96.58333333333333,-45.30064870002062,-91.41327685364801,-47.4635725849973,7,High,Profitability,"Review costs, pricing and product profitability","Profitability | Review costs, pricing and product profitability"
OUT0587,Franchise Outlet 0587,Franchise,Bengaluru,Karnataka,South,415472.25,76912.95999999999,18.512177407757076,13.112504900039202,669.0,127.05530642750374,2.4633333333333334,10.346666666666666,0.741839762611276,99.23333333333333,-9.223596046502081,-47.0265409220785,-3.8793103448275863,6,High,Profitability,"Review costs, pricing and product profitability","Profitability | Review costs, pricing and product profitability"
OUT0286,Franchise Outlet 0286,Franchise,Vadodara,Gujarat,West,1076258.7,101780.86,9.456914030056158,15.126315789473685,1437.0,70.28531663187196,2.9333333333333336,8.836666666666666,3.1018206338503034,96.8,11.464895984702855,139.84486095810092,-1.4198782961460445,6,High,Profitability,"Review costs, pricing and product profitability","Profitability | Review costs, pricing and product profitability"
OUT0498,Franchise Outlet 0498,Franchise,Hyderabad,Telangana,South,787244.27,122012.75,15.498715538443994,12.07083128381702,1227.0,76.60961695191524,2.84,8.98,3.0039525691699605,96.76666666666667,3.202701105046385,-51.88361640979443,7.328605200945626,6,High,Profitability,"Review costs, pricing and product profitability","Profitability | Review costs, pricing and product profitability"
OUT0136,Franchise Outlet 0136,Company-Owned,Vadodara,Gujarat,West,743383.0,153953.84,20.709895168439417,25.815738963531672,1614.0,37.79429987608427,3.266666666666667,8.636666666666667,2.7710843373493974,97.13333333333333,-11.810041747710683,-39.455285690767475,-1.6635859519408502,6,High,Profitability,"Review costs, pricing and product profitability","Profitability | Review costs, pricing and product profitability"
OUT0144,Franchise Outlet 0144,Company-Owned,Visakhapatnam,Andhra Pradesh,South,1522176.23,158279.99,10.39826971940036,22.403176146491653,2765.0,29.65641952983725,2.8800000000000003,8.096666666666666,0.5037783375314862,99.5,-17.093991063379686,-35.33068582978095,-13.803376365441908,6,High,Profitability,"Review costs, pricing and product profitability","Profitability | Review costs, pricing and product profitability"
OUT0038,Franchise Outlet 0038,Company-Owned,Jammu,Jammu & Kashmir,North,1744843.88,160687.45,9.209273783279684,15.38212172785477,3796.0,20.284510010537407,3.283333333333333,12.156666666666666,3.7037037037037033,96.13333333333333,-4.603153772652176,52.848617344260475,-4.389465283320032,6,High,Profitability,"Review costs, pricing and product profitability","Profitability | Review costs, pricing and product profitability"
OUT0270,Franchise Outlet 0270,Franchise,Siliguri,West Bengal,East,994395.1499999999,162857.56,16.37754970948923,14.32030997739748,1774.0,56.93348365276212,2.9066666666666663,11.146666666666667,2.151130722559294,97.83333333333333,41.29162756175739,-57.560260801490095,22.113502935420744,6,High,Profitability,"Review costs, pricing and product profitability","Profitability | Review costs, pricing and product profitability"
OUT0289,Franchise Outlet 0289,Franchise,Chennai,Tamil Nadu,South,765798.39,179367.59,23.4222991772025,14.751530684892497,1036.0,89.76833976833977,2.973333333333333,10.393333333333333,0.6711409395973155,99.36666666666667,-23.275229808785998,-9.674684890129747,-19.638242894056848,6,High,Sales Decline,Investigate declining demand and outlet sales drivers,Sales Decline | Investigate declining demand and outlet sales drivers
OUT0700,Franchise Outlet 0700,Franchise,Pune,Maharashtra,West,1090328.42,182558.13,16.743407458827868,13.82223075446343,2160.0,38.88888888888889,3.15,8.593333333333334,2.1739130434782608,97.8,-17.811056058939016,-62.279937611053725,-22.094508301404854,6,High,Profitability,"Review costs, pricing and product profitability","Profitability | Review costs, pricing and product profitability"
OUT0460,Franchise Outlet 0460,Company-Owned,Pune,Maharashtra,West,1138516.04,211113.72999999998,18.5428858780066,10.367049593723731,740.0,117.56756756756758,2.665,9.083333333333334,2.8871391076115485,97.03333333333335,-13.940865094843438,20.062832576117767,-14.885496183206106,6,High,Sales Decline,Investigate declining demand and outlet sales drivers,Sales Decline | Investigate declining demand and outlet sales drivers
OUT0518,Franchise Outlet 0518,Franchise,Jammu,Jammu & Kashmir,North,1647202.59,222995.18,13.537811399385912,12.568648987917777,2403.0,28.71410736579276,3.186666666666667,10.2,3.6873747494989977,96.2,7.959639032435007,-9.87946399640257,-1.1264080100125156,6,High,Profitability,"Review costs, pricing and product profitability","Profitability | Review costs, pricing and product profitability"
OUT0720,Franchise Outlet 0720,Company-Owned,Siliguri,West Bengal,East,1556516.41,223814.87,14.379216856441623,15.44267645858833,2271.0,23.337736679876706,4.0633333333333335,7.533333333333334,1.6883116883116882,98.3,-21.96290011756026,-52.124468064090955,-18.491484184914842,6,High,Profitability,"Review costs, pricing and product profitability","Profitability | Review costs, pricing and product profitability"
OUT0659,Franchise Outlet 0659,Franchise,Ranchi,Jharkhand,East,730235.22,237987.02000000002,32.590460372481076,12.065727699530516,514.0,182.8793774319066,2.393333333333333,12.65,0.5802707930367506,99.43333333333334,-22.0118745869097,-6.469361939823388,-15.760869565217392,6,High,Sales Decline,Investigate declining demand and outlet sales drivers,Sales Decline | Investigate declining demand and outlet sales drivers
OUT0201,Franchise Outlet 0201,Franchise,Kochi,Kerala,South,1496012.5,249927.05000000002,16.706214018933665,11.773298276365761,1209.0,65.34325889164599,3.7366666666666664,10.49,3.2025620496397114,96.7,-6.772099276518451,-17.30415109588431,-6.682577565632458,6,High,Profitability,"Review costs, pricing and product profitability","Profitability | Review costs, pricing and product profitability"
OUT0614,Franchise Outlet 0614,Franchise,Nagpur,Maharashtra,West,1487093.19,251229.45,16.89399505622106,20.287044220325832,1046.0,83.17399617590821,2.823333333333333,9.86,0.6647673314339981,99.33333333333333,-23.724124763305333,-41.533357436575976,-20.971867007672635,6,High,Profitability,"Review costs, pricing and product profitability","Profitability | Review costs, pricing and product profitability"
OUT0408,Franchise Outlet 0408,Franchise,Hyderabad,Telangana,South,1560103.14,262518.39999999997,16.82699004118407,15.61320754716981,2648.0,31.72205438066465,2.513333333333333,10.683333333333332,2.395871728713601,97.53333333333335,-3.3282047373931087,-80.38247424391731,-11.637487126673532,6,High,Profitability,"Review costs, pricing and product profitability","Profitability | Review costs, pricing and product profitability"
OUT0053,Franchise Outlet 0053,Franchise,Mysuru,Karnataka,South,1613130.9500000002,272427.86,16.88814289999209,15.95280962759405,3367.0,33.264033264033266,3.0766666666666667,10.166666666666666,2.4905878945844195,97.39999999999999,-6.057006396049909,-72.41295137767705,-3.2714412024756854,6,High,Profitability,"Review costs, pricing and product profitability","Profitability | Review costs, pricing and product profitability"
OUT0073,Franchise Outlet 0073,Franchise,Indore,Madhya Pradesh,West,1511606.57,279181.82,18.46921186641839,12.938036667440242,1115.0,69.05829596412556,3.026666666666667,10.229999999999999,3.0434782608695654,96.86666666666667,-13.24035219792257,172.3376744696405,-16.00985221674877,6,High,Sales Decline,Investigate declining demand and outlet sales drivers,Sales Decline | Investigate declining demand and outlet sales drivers
OUT0650,Franchise Outlet 0650,Franchise,Coimbatore,Tamil Nadu,South,1639147.67,302705.27999999997,18.467236695031875,11.031810766721044,1623.0,49.29143561306223,2.8366666666666664,12.406666666666666,2.3465703971119134,97.56666666666666,11.2534460664303,-95.30829298298012,5.220883534136546,6,High,Profitability,"Review costs, pricing and product profitability","Profitability | Review costs, pricing and product profitability"
OUT0548,Franchise Outlet 0548,Franchise,Jammu,Jammu & Kashmir,North,1537365.22,304355.47,19.797213182694477,14.324133050247701,1012.0,67.19367588932806,3.3800000000000003,10.65,3.435114503816794,96.43333333333334,-14.934372895527062,-1.1109049690745392,-16.75977653631285,6,High,Sales Decline,Investigate declining demand and outlet sales drivers,Sales Decline | Investigate declining demand and outlet sales drivers
OUT0625,Franchise Outlet 0625,Franchise,Kolkata,West Bengal,East,1834432.81,304771.0,16.613909124314016,13.679327848765974,3126.0,31.66986564299424,2.6,10.276666666666666,1.944792973651192,98.0,6.252543892975565,-18.820493607692523,15.794871794871796,6,High,Profitability,"Review costs, pricing and product profitability","Profitability | Review costs, pricing and product profitability"
OUT0439,Franchise Outlet 0439,Franchise,Chennai,Tamil Nadu,South,2260150.7199999997,323636.84,14.319259204094145,19.49276066465844,4012.0,22.93120638085743,2.85,8.686666666666666,0.5453644025780863,99.43333333333334,-16.496753120521713,-67.54740835432537,-8.647450110864744,6,High,Profitability,"Review costs, pricing and product profitability","Profitability | Review costs, pricing and product profitability"
OUT0479,Franchise Outlet 0479,Franchise,Ranchi,Jharkhand,East,2227555.79,330792.07,14.850001579533952,26.1138014527845,2157.0,37.088548910523876,2.9333333333333336,8.003333333333334,0.8275862068965517,99.13333333333333,-19.214722272787814,148.58722696091084,-12.383488681757656,6,High,Profitability,"Review costs, pricing and product profitability","Profitability | Review costs, pricing and product profitability"
OUT0162,Franchise Outlet 0162,Franchise,Surat,Gujarat,West,1487936.23,331540.32,22.28189040063901,15.044853276569864,1979.0,40.92976250631632,2.9033333333333338,11.346666666666666,0.8517034068136272,99.16666666666667,-12.119158618973326,13.730955758586362,-13.8268156424581,6,High,Sales Decline,Investigate declining demand and outlet sales drivers,Sales Decline | Investigate declining demand and outlet sales drivers
OUT0357,Franchise Outlet 0357,Franchise,Guwahati,Assam,East,2448310.88,348398.29000000004,14.230149154914512,14.06711409395973,1572.0,61.704834605597966,2.7600000000000002,10.303333333333333,0.6948831332912192,99.23333333333333,-7.55797233366904,34.44867497208229,-6.986027944111776,6,High,Profitability,"Review costs, pricing and product profitability","Profitability | Review costs, pricing and product profitability"
OUT0193,Franchise Outlet 0193,Franchise,Indore,Madhya Pradesh,West,4006097.46,351909.79000000004,8.78435418792832,17.16975379220977,4505.0,13.318534961154272,3.3533333333333335,9.75,3.367653367653368,96.53333333333335,-10.783873954293927,-85.94387380549196,-11.90031152647975,6,High,Profitability,"Review costs, pricing and product profitability","Profitability | Review costs, pricing and product profitability"
OUT0325,Franchise Outlet 0325,Franchise,Kolkata,West Bengal,East,1812191.97,375856.85,20.740454445342234,13.143943182954887,1314.0,66.21004566210046,2.3533333333333335,11.423333333333332,2.37741456166419,97.56666666666666,3.709244177846391,-15.924263052676139,0.22624434389140274,6,High,Profitability,"Review costs, pricing and product profitability","Profitability | Review costs, pricing and product profitability"
OUT0630,Franchise Outlet 0630,Franchise,Siliguri,West Bengal,East,2314955.87,389705.32999999996,16.834244447173845,17.418185694488862,3268.0,23.561811505507958,2.89,10.416666666666666,1.9501950195019502,98.0,15.098133896496513,-60.71536151943617,3.2407407407407405,6,High,Profitability,"Review costs, pricing and product profitability","Profitability | Review costs, pricing and product profitability"
OUT0236,Franchise Outlet 0236,Company-Owned,Bhubaneswar,Odisha,East,3415775.7199999997,398472.25,11.665644429371376,25.095306954121206,1909.0,37.71608171817706,3.313333333333333,8.229999999999999,2.5523226135783563,97.36666666666667,-13.121625141172387,-39.059780013546224,-5.806451612903226,6,High,Profitability,"Review costs, pricing and product profitability","Profitability | Review costs, pricing and product profitability"
OUT0738,Franchise Outlet 0738,Franchise,Hyderabad,Telangana,South,1694991.1400000001,451929.58,26.66265146377107,11.553747161241484,1221.0,78.62407862407862,2.5733333333333333,9.796666666666667,3.858267716535433,96.0,6.912104864088117,-54.81909260520914,10.666666666666668,6,High,Profitability,"Review costs, pricing and product profitability","Profitability | Review costs, pricing and product profitability"
OUT0020,Franchise Outlet 0020,Company-Owned,Coimbatore,Tamil Nadu,South,2877381.36,472855.72,16.43354358839664,12.013924894452263,1622.0,57.95314426633785,2.66,11.333333333333334,2.230259192284509,97.63333333333333,-4.587300473889918,-85.48703312729712,-13.344316309719934,6,High,Profitability,"Review costs, pricing and product profitability","Profitability | Review costs, pricing and product profitability"
OUT0397,Franchise Outlet 0397,Franchise,Dehradun,Uttarakhand,North,3698876.1799999997,485904.8,13.136552194618206,15.228448091635679,3563.0,26.662924501824307,2.6633333333333336,10.21,0.6413831567205801,99.33333333333333,16.13701593912155,-84.91383864846065,19.075712881022618,6,High,Profitability,"Review costs, pricing and product profitability","Profitability | Review costs, pricing and product profitability"
OUT0238,Franchise Outlet 0238,Franchise,Patna,Bihar,East,4418912.09,491695.28,11.127066345418065,18.030163127116037,2929.0,28.678729941959713,2.883333333333333,9.943333333333333,3.3014196104324856,96.56666666666666,17.25814823150888,-82.92153171968887,14.44321940463065,6,High,Profitability,"Review costs, pricing and product profitability","Profitability | Review costs, pricing and product profitability"
OUT0749,Franchise Outlet 0749,Franchise,Ranchi,Jharkhand,East,2302926.48,499365.5,21.683953193329906,16.568382318252585,3512.0,23.917995444191344,2.6933333333333334,11.496666666666668,0.39705048213272826,99.60000000000001,8.864073105577987,-35.169066955139236,9.523809523809524,6,High,Profitability,"Review costs, pricing and product profitability","Profitability | Review costs, pricing and product profitability"
OUT0705,Franchise Outlet 0705,Company-Owned,Nashik,Maharashtra,West,3513521.74,521507.86,14.842881262490778,35.3416149068323,2845.0,19.332161687170473,3.7899999999999996,6.616666666666667,2.668491276086213,97.26666666666667,-31.217210548500724,-20.04826393472376,-20.45240339302545,6,High,Profitability,"Review costs, pricing and product profitability","Profitability | Review costs, pricing and product profitability"
OUT0040,Franchise Outlet 0040,Franchise,Pune,Maharashtra,West,7556994.76,526317.68,6.964642648501718,17.765076402659513,4569.0,21.011162179908073,2.8200000000000003,11.86,2.246469833119384,97.7,-2.933225840059852,-23.46133931122518,-1.06171201061712,6,High,Profitability,"Review costs, pricing and product profitability","Profitability | Review costs, pricing and product profitability"
OUT0226,Franchise Outlet 0226,Franchise,Vadodara,Gujarat,West,3762364.3099999996,548982.61,14.591426155645198,17.408589506691303,3109.0,21.87198456095207,2.67,8.24,3.236850295673825,96.66666666666667,14.901598803761635,-41.070984001754944,14.200595829195631,6,High,Profitability,"Review costs, pricing and product profitability","Profitability | Review costs, pricing and product profitability"
OUT0566,Franchise Outlet 0566,Franchise,Bhubaneswar,Odisha,East,3690512.95,559277.48,15.154464638851897,18.635414249245766,4015.0,23.163138231631383,2.94,13.083333333333334,2.784503631961259,97.16666666666667,-16.741927102889942,-8.878894380297425,-12.198581560283687,6,High,Sales Decline,Investigate declining demand and outlet sales drivers,Sales Decline | Investigate declining demand and outlet sales drivers
OUT0145,Franchise Outlet 0145,Franchise,Kolkata,West Bengal,East,2766501.29,562507.32,20.332805266828554,12.20106863101105,2352.0,42.517006802721085,2.3466666666666662,11.76,1.507537688442211,98.46666666666665,1.1693355312497875,-19.458470768196843,13.324175824175825,6,High,Profitability,"Review costs, pricing and product profitability","Profitability | Review costs, pricing and product profitability"
OUT0242,Franchise Outlet 0242,Franchise,Amritsar,Punjab,North,3336841.85,592163.3500000001,17.74622162569677,18.84339219871919,2913.0,20.59732234809475,2.8333333333333335,6.846666666666667,0.9520571234274057,99.03333333333335,-22.456812641819507,-86.17389348405032,-23.111510791366907,6,High,Profitability,"Review costs, pricing and product profitability","Profitability | Review costs, pricing and product profitability"
OUT0610,Franchise Outlet 0610,Franchise,Pune,Maharashtra,West,2235898.9,608384.39,27.20983448759691,11.654465592972182,2388.0,34.7571189279732,2.72,10.36,1.3630731102850062,98.60000000000001,3.282876210902314,-33.80484598602541,13.396481732070365,6,High,Profitability,"Review costs, pricing and product profitability","Profitability | Review costs, pricing and product profitability"
OUT0161,Franchise Outlet 0161,Franchise,Ahmedabad,Gujarat,West,4870832.28,632660.52,12.988755999621485,18.18293506972173,2960.0,34.12162162162162,2.69,6.890000000000001,2.7914614121510675,97.13333333333333,2.3940226388181114,-76.92200079614697,-2.683178534571723,6,High,Profitability,"Review costs, pricing and product profitability","Profitability | Review costs, pricing and product profitability"
OUT0512,Franchise Outlet 0512,Franchise,Amritsar,Punjab,North,4678357.13,634707.07,13.566879405805429,23.017184401850628,2786.0,27.279253409906676,3.3033333333333332,10.283333333333333,0.3220035778175313,99.66666666666667,-27.839750921502542,-74.71192296458372,-22.594142259414227,6,High,Profitability,"Review costs, pricing and product profitability","Profitability | Review costs, pricing and product profitability"
OUT0488,Franchise Outlet 0488,Franchise,Jammu,Jammu & Kashmir,North,5262892.96,665055.5900000001,12.636692310762864,18.52793280654252,3353.0,21.473307485833583,3.4766666666666666,7.109999999999999,3.9255014326647566,95.89999999999999,-11.768172287226731,-96.5672415833398,-15.371621621621623,6,High,Profitability,"Review costs, pricing and product profitability","Profitability | Review costs, pricing and product profitability"
OUT0316,Franchise Outlet 0316,Franchise,Vadodara,Gujarat,West,3692562.4000000004,676731.33,18.326875938508174,32.340847866156246,2281.0,24.11223147742218,3.716666666666667,5.786666666666666,3.429297205757832,96.53333333333335,-22.265105055739898,-11.629405452640249,-21.664766248574686,6,High,Profitability,"Review costs, pricing and product profitability","Profitability | Review costs, pricing and product profitability"
OUT0607,Franchise Outlet 0607,Franchise,Dehradun,Uttarakhand,North,4730601.8,695140.19,14.694540343683121,13.985482781904118,3314.0,23.536511768255885,2.4166666666666665,11.506666666666668,0.599880023995201,99.39999999999999,17.512566750403902,51.489313630258515,16.374269005847953,6,High,Profitability,"Review costs, pricing and product profitability","Profitability | Review costs, pricing and product profitability"
OUT0321,Franchise Outlet 0321,Franchise,Kochi,Kerala,South,3142930.92,709334.46,22.569203016399737,17.224316682375118,2193.0,29.639762881896946,2.953333333333333,6.483333333333333,3.093239063190455,96.8,-17.35072306470108,11.398659539891911,-6.561679790026247,6,High,Sales Decline,Investigate declining demand and outlet sales drivers,Sales Decline | Investigate declining demand and outlet sales drivers
OUT0024,Franchise Outlet 0024,Company-Owned,Visakhapatnam,Andhra Pradesh,South,3297687.8000000003,716772.86,21.735619120766977,16.92184368737475,2111.0,23.685457129322593,3.353333333333333,8.813333333333333,0.899895873338785,99.06666666666666,-11.742645651802421,-14.801558360120556,-11.685994647636038,6,High,Profitability,"Review costs, pricing and product profitability","Profitability | Review costs, pricing and product profitability"
OUT0072,Franchise Outlet 0072,Franchise,Surat,Gujarat,West,2873806.1100000003,720495.96,25.071140237780337,16.053997169503212,4424.0,13.110307414104883,2.763333333333333,9.296666666666667,0.8071748878923767,99.2,-10.265366048018135,-35.13645140691677,-2.4193548387096775,6,High,Profitability,"Review costs, pricing and product profitability","Profitability | Review costs, pricing and product profitability"
OUT0029,Franchise Outlet 0029,Franchise,Ranchi,Jharkhand,East,5361233.01,727450.29,13.568712433187082,19.712371491278734,3413.0,26.07676530911222,2.9433333333333334,10.043333333333335,0.9576320371445154,99.03333333333335,-16.593381266322467,-40.878114391149126,-15.562649640861931,6,High,Profitability,"Review costs, pricing and product profitability","Profitability | Review costs, pricing and product profitability"
OUT0444,Franchise Outlet 0444,Franchise,Visakhapatnam,Andhra Pradesh,South,3078943.32,762499.29,24.76496676788451,13.93383081291686,2110.0,45.97156398104266,2.5500000000000003,11.25,0.6123410268487989,99.36666666666667,-6.743059818906261,-24.22297182527383,-11.572327044025158,6,High,Profitability,"Review costs, pricing and product profitability","Profitability | Review costs, pricing and product profitability"
OUT0098,Franchise Outlet 0098,Franchise,Jammu,Jammu & Kashmir,North,4809060.37,808196.55,16.80570605937309,13.008130081300814,2752.0,35.61046511627907,2.983333333333333,9.25,4.011161492849668,95.86666666666667,2.781217357047519,-21.89244229965214,-4.963805584281282,6,High,Profitability,"Review costs, pricing and product profitability","Profitability | Review costs, pricing and product profitability"
OUT0315,Franchise Outlet 0315,Company-Owned,Nashik,Maharashtra,West,6352058.26,956202.9299999999,15.053434506754664,24.872508113120073,4292.0,18.63932898415657,2.9333333333333336,8.596666666666666,2.4323709934075928,97.53333333333335,-13.86038687354775,454.38745811903135,-15.04823151125402,6,High,Profitability,"Review costs, pricing and product profitability","Profitability | Review costs, pricing and product profitability"
OUT0596,Franchise Outlet 0596,Franchise,Bhubaneswar,Odisha,East,4132334.52,970129.63,23.476551215897207,24.792167005357474,2684.0,25.707898658718328,3.1166666666666667,9.076666666666666,3.069700252798844,96.86666666666667,-15.758342742710443,-32.8467590784504,-17.5564681724846,6,High,Profitability,"Review costs, pricing and product profitability","Profitability | Review costs, pricing and product profitability"
OUT0388,Franchise Outlet 0388,Franchise,Patna,Bihar,East,4311386.65,1079192.27,25.031210550322598,21.50925925925926,4646.0,20.01721911321567,2.3766666666666665,11.023333333333333,4.59958932238193,95.16666666666667,-10.060134250957432,-3.6307479274339296,2.8785982478097623,6,High,Sales Decline,Investigate declining demand and outlet sales drivers,Sales Decline | Investigate declining demand and outlet sales drivers
OUT0338,Franchise Outlet 0338,Franchise,Jammu,Jammu & Kashmir,North,6046051.6,1244869.29,20.589789375929247,17.676319747040452,4584.0,16.797556719022687,3.5866666666666664,9.016666666666666,3.4134007585335016,96.36666666666667,-12.986117639432113,-92.60514704991647,-5.210183540556542,6,High,Profitability,"Review costs, pricing and product profitability","Profitability | Review costs, pricing and product profitability"
OUT0166,Franchise Outlet 0166,Franchise,Vadodara,Gujarat,West,9211687.78,2189194.26,23.765397962717316,21.528785679729076,6230.0,14.76725521669342,3.0366666666666666,10.213333333333333,3.6200495049504946,96.26666666666667,-18.24015425169853,-32.12316240926589,-16.198069660092322,6,High,Profitability,"Review costs, pricing and product profitability","Profitability | Review costs, pricing and product profitability"
OUT0184,Franchise Outlet 0184,Franchise,Delhi,Delhi,North,496922.78,74490.81999999999,14.990421650623462,9.931613304320795,639.0,126.76056338028168,2.69,9.576666666666666,0.9302325581395349,99.06666666666666,-9.103195080893467,-17.639661390745896,-1.8691588785046727,5,High,Profitability,"Review costs, pricing and product profitability","Profitability | Review costs, pricing and product profitability"
OUT0288,Franchise Outlet 0288,Franchise,Hyderabad,Telangana,South,591561.3200000001,87477.96,14.787640273708227,15.034168564920272,858.0,102.56410256410255,3.1033333333333335,8.076666666666666,3.160270880361174,96.73333333333333,10.354890784801658,11.622012950462514,6.545454545454546,5,High,Profitability,"Review costs, pricing and product profitability","Profitability | Review costs, pricing and product profitability"
OUT0686,Franchise Outlet 0686,Company-Owned,Bhubaneswar,Odisha,East,591815.21,105717.93,17.863334401290565,22.58493072689315,1190.0,83.19327731092437,2.4266666666666663,10.06,2.936378466557912,97.0,-8.75871743232316,-36.357220833458626,-5.225653206650831,5,High,Profitability,"Review costs, pricing and product profitability","Profitability | Review costs, pricing and product profitability"
OUT0491,Franchise Outlet 0491,Franchise,Ahmedabad,Gujarat,West,661423.0,112268.98999999999,16.97385636725666,15.123194562446898,712.0,87.07865168539327,2.7533333333333334,11.573333333333332,3.3921302578018993,96.53333333333335,2.651451041292534,65.82243799528065,-2.371541501976284,5,High,Customer Satisfaction,Review service quality and customer experience,Customer Satisfaction | Review service quality and customer experience
OUT0062,Franchise Outlet 0062,Franchise,Amritsar,Punjab,North,1179997.31,140230.49,11.883966921924593,23.359265908637543,2342.0,29.888983774551665,3.533333333333333,8.656666666666666,0.5520169851380042,99.43333333333334,-10.30218215512995,-81.99106779464444,-10.99290780141844,5,High,Profitability,"Review costs, pricing and product profitability","Profitability | Review costs, pricing and product profitability"
OUT0567,Franchise Outlet 0567,Franchise,Guwahati,Assam,East,1233441.28,163713.03,13.27286776067686,19.820354836315047,2670.0,38.20224719101124,2.8633333333333333,11.793333333333331,0.5216095380029807,99.46666666666665,14.490200987782877,-58.13538181662027,2.0454545454545454,5,High,Profitability,"Review costs, pricing and product profitability","Profitability | Review costs, pricing and product profitability"
OUT0670,Franchise Outlet 0670,Franchise,Pune,Maharashtra,West,1458042.68,175687.66,12.0495553669252,14.183402244536325,1921.0,52.05622071837585,2.953333333333333,9.503333333333332,1.5881147540983607,98.39999999999999,17.12745049701115,229.36843946605626,10.01669449081803,5,High,Profitability,"Review costs, pricing and product profitability","Profitability | Review costs, pricing and product profitability"
OUT0347,Franchise Outlet 0347,Franchise,Bengaluru,Karnataka,South,2613772.66,197582.25,7.55927449329124,24.366633477154554,4405.0,18.615209988649262,3.0766666666666667,10.43,0.5194218608852755,99.5,-16.592026939592238,-76.03991942650849,-16.83354192740926,5,High,Profitability,"Review costs, pricing and product profitability","Profitability | Review costs, pricing and product profitability"
OUT0208,Franchise Outlet 0208,Franchise,Patna,Bihar,East,1659105.71,203996.14,12.295548063661357,18.63200553523772,1885.0,44.56233421750663,3.26,10.963333333333333,3.5312180143295806,96.33333333333333,2.391874602518904,63.38454410107074,-4.96,5,High,Profitability,"Review costs, pricing and product profitability","Profitability | Review costs, pricing and product profitability"
OUT0006,Franchise Outlet 0006,Franchise,Lucknow,Uttar Pradesh,North,1724141.0,213257.81,12.368930963302885,19.72171808832426,1956.0,38.34355828220859,2.99,7.683333333333334,3.4550839091806513,96.39999999999999,13.549977187273202,-49.42168585948365,5.778491171749598,5,High,Profitability,"Review costs, pricing and product profitability","Profitability | Review costs, pricing and product profitability"
OUT0628,Franchise Outlet 0628,Franchise,Patna,Bihar,East,1618032.52,217381.32,13.434916623307421,18.835231830579175,1174.0,68.99488926746167,2.7866666666666666,9.85,3.6124794745484397,96.23333333333333,11.179825565866325,-27.921372478170237,22.03856749311295,5,High,Profitability,"Review costs, pricing and product profitability","Profitability | Review costs, pricing and product profitability"
OUT0600,Franchise Outlet 0600,Franchise,Siliguri,West Bengal,East,1543045.56,219832.83,14.246684329916997,16.478421115206277,1386.0,43.290043290043286,2.8433333333333337,9.796666666666667,1.5625,98.43333333333334,8.97351341935571,-95.77346229340245,5.458515283842795,5,High,Profitability,"Review costs, pricing and product profitability","Profitability | Review costs, pricing and product profitability"
OUT0232,Franchise Outlet 0232,Franchise,Vijayawada,Andhra Pradesh,South,1337769.56,220810.09000000003,16.50583901759583,18.214672930972174,1008.0,85.31746031746032,2.7900000000000005,8.506666666666666,0.6896551724137931,99.3,-20.918848217289277,242.2602568959432,-16.31016042780749,5,High,Sales Decline,Investigate declining demand and outlet sales drivers,Sales Decline | Investigate declining demand and outlet sales drivers
OUT0424,Franchise Outlet 0424,Franchise,Delhi,Delhi,North,1830727.5999999999,231174.75,12.62747936940482,22.515635858234887,1944.0,34.97942386831276,3.3699999999999997,9.013333333333334,0.6134969325153374,99.36666666666667,-19.000858412711022,54.10053741605888,-10.734463276836157,5,High,Profitability,"Review costs, pricing and product profitability","Profitability | Review costs, pricing and product profitability"
OUT0030,Franchise Outlet 0030,Franchise,Siliguri,West Bengal,East,1240614.28,252414.1,20.345896711748313,15.268973012135485,843.0,84.22301304863583,2.966666666666667,8.94,1.8626309662398137,98.13333333333333,-6.6120084291679415,-74.80162523529782,-6.382978723404255,5,High,Profitability,"Review costs, pricing and product profitability","Profitability | Review costs, pricing and product profitability"
OUT0343,Franchise Outlet 0343,Franchise,Indore,Madhya Pradesh,West,2186597.49,284581.16,13.014794048812336,15.660243603789393,2430.0,31.687242798353907,3.2733333333333334,7.256666666666667,3.3797216699801194,96.5,2.3656275989421762,-55.64930007229222,-8.872901678657074,5,High,Profitability,"Review costs, pricing and product profitability","Profitability | Review costs, pricing and product profitability"
OUT0124,Franchise Outlet 0124,Franchise,Delhi,Delhi,North,2023408.99,294997.51,14.579232940938947,14.859796392212896,1664.0,51.08173076923077,2.9499999999999997,7.723333333333334,0.6567164179104478,99.3,-4.8487284501549235,429.8717838245196,0.3454231433506045,5,High,Profitability,"Review costs, pricing and product profitability","Profitability | Review costs, pricing and product profitability"
OUT0497,Franchise Outlet 0497,Franchise,Bengaluru,Karnataka,South,2607485.36,307913.75,11.808839072446412,27.569925890509207,4613.0,15.174506828528074,3.026666666666667,10.34,0.6461339651087659,99.33333333333333,-10.78882902380375,-6.912978918977092,-3.223684210526316,5,High,Profitability,"Review costs, pricing and product profitability","Profitability | Review costs, pricing and product profitability"
OUT0588,Franchise Outlet 0588,Franchise,Hyderabad,Telangana,South,2192046.12,311684.79,14.218897456409355,16.09702315325248,1460.0,65.06849315068493,3.0566666666666666,9.163333333333334,2.925531914893617,97.03333333333335,2.3647614870302993,76.41041026729906,-0.8281573498964804,5,High,Profitability,"Review costs, pricing and product profitability","Profitability | Review costs, pricing and product profitability"
OUT0418,Franchise Outlet 0418,Franchise,Patna,Bihar,East,2118607.2800000003,316070.74,14.91879797562104,23.257400081844224,3410.0,16.422287390029325,3.36,7.6000000000000005,3.645097485165301,96.23333333333333,-11.927378768148644,-9.876065384660773,-10.94488188976378,5,High,Profitability,"Review costs, pricing and product profitability","Profitability | Review costs, pricing and product profitability"
OUT0559,Franchise Outlet 0559,Franchise,Chennai,Tamil Nadu,South,2192348.31,319550.66,14.575724967717377,12.556715683594819,2297.0,28.733130169786676,3.1566666666666663,11.379999999999999,0.7346585998271392,99.3,-4.951847868172376,64.57556323381634,-9.17312661498708,5,High,Profitability,"Review costs, pricing and product profitability","Profitability | Review costs, pricing and product profitability"
OUT0372,Franchise Outlet 0372,Franchise,Surat,Gujarat,West,3349793.83,323704.51,9.663415912375719,28.886820055858493,2172.0,27.624309392265193,4.023333333333333,5.213333333333334,0.5494505494505495,99.46666666666665,-19.927476052020435,-52.84260599321438,-9.931972789115646,5,High,Profitability,"Review costs, pricing and product profitability","Profitability | Review costs, pricing and product profitability"
OUT0069,Franchise Outlet 0069,Franchise,Mumbai,Maharashtra,West,2486770.39,331633.27,13.335902314648356,15.071177223288549,3769.0,19.899177500663306,3.3433333333333333,10.213333333333333,0.7374242823281538,99.26666666666667,-1.0667559396855624,44.56053044933019,-2.745995423340961,5,High,Profitability,"Review costs, pricing and product profitability","Profitability | Review costs, pricing and product profitability"
OUT0385,Franchise Outlet 0385,Franchise,Kolkata,West Bengal,East,2078468.28,334150.07,16.076746189265876,23.346938775510203,2288.0,27.097902097902097,3.4933333333333336,6.12,1.9288469781397342,98.03333333333335,-10.270484896365007,-40.10386307757711,-13.83108935128519,5,High,Profitability,"Review costs, pricing and product profitability","Profitability | Review costs, pricing and product profitability"
OUT0277,Franchise Outlet 0277,Franchise,Dehradun,Uttarakhand,North,2553266.79,345023.34,13.51301561400875,21.436972641268216,4192.0,19.322519083969468,2.9766666666666666,10.553333333333333,0.7810650887573964,99.2,4.540518392484955,-77.96779904040956,11.301115241635689,5,High,Profitability,"Review costs, pricing and product profitability","Profitability | Review costs, pricing and product profitability"
OUT0223,Franchise Outlet 0223,Franchise,Indore,Madhya Pradesh,West,3509844.59,351325.82,10.009725815239017,17.25001898109483,4544.0,21.346830985915492,3.026666666666667,9.226666666666667,4.155241510229909,95.66666666666667,20.311654810207944,-86.88534353334069,14.243973703433163,5,High,Profitability,"Review costs, pricing and product profitability","Profitability | Review costs, pricing and product profitability"
OUT0745,Franchise Outlet 0745,Franchise,Kolkata,West Bengal,East,4762495.33,360340.67,7.566215713223596,18.257209273104227,5812.0,9.463179628355126,3.455,11.853333333333332,2.6954629164573913,97.23333333333333,-5.71216419077121,44.49121881086424,-1.4822657490735838,5,High,Profitability,"Review costs, pricing and product profitability","Profitability | Review costs, pricing and product profitability"
OUT0328,Franchise Outlet 0328,Franchise,Patna,Bihar,East,2982288.0100000002,376030.41000000003,12.608789249700935,18.15960318039244,4979.0,17.473388230568386,2.9566666666666666,9.726666666666667,3.395421032207994,96.60000000000001,39.61382260370598,-17.46823375828946,39.62655601659751,5,High,Profitability,"Review costs, pricing and product profitability","Profitability | Review costs, pricing and product profitability"
OUT0351,Franchise Outlet 0351,Franchise,Kochi,Kerala,South,1984384.1400000001,376706.79,18.98356182185572,11.09980151661662,2181.0,28.88583218707015,3.313333333333333,7.546666666666667,3.922858000933458,95.86666666666667,25.7958381754117,-43.857343008669275,,5,High,Profitability,"Review costs, pricing and product profitability","Profitability | Review costs, pricing and product profitability"
OUT0619,Franchise Outlet 0619,Franchise,Chennai,Tamil Nadu,South,2203198.27,377791.98,17.147434488499304,19.078764263846367,1371.0,47.41064916119621,3.2266666666666666,9.353333333333333,0.8676789587852495,99.10000000000001,-34.433520210334024,-63.65222004969202,-27.30696798493409,5,High,Profitability,"Review costs, pricing and product profitability","Profitability | Review costs, pricing and product profitability"
OUT0164,Franchise Outlet 0164,Company-Owned,Nagpur,Maharashtra,West,2580550.92,395998.33999999997,15.345496069498212,14.25748281114908,3463.0,26.566560785446146,2.5500000000000003,9.633333333333333,0.65978198508319,99.33333333333333,-13.23543144731098,222.70072822183474,-3.634826711749789,5,High,Sales Decline,Investigate declining demand and outlet sales drivers,Sales Decline | Investigate declining demand and outlet sales drivers
OUT0368,Franchise Outlet 0368,Franchise,Jammu,Jammu & Kashmir,North,1852551.65,411249.25,22.199070670985073,13.169307018320206,1488.0,66.53225806451613,2.52,10.956666666666665,3.3766233766233764,96.53333333333335,16.858672132500278,12.53424436756595,24.46808510638298,5,High,Customer Satisfaction,Review service quality and customer experience,Customer Satisfaction | Review service quality and customer experience
OUT0427,Franchise Outlet 0427,Franchise,Dehradun,Uttarakhand,North,2080205.02,425076.53,20.43435747501465,19.649495485926714,1850.0,30.81081081081081,3.9133333333333336,8.43,0.7510729613733905,99.23333333333333,-32.92894592128595,-12.432946132717522,-23.743016759776538,5,High,Profitability,"Review costs, pricing and product profitability","Profitability | Review costs, pricing and product profitability"
OUT0172,Franchise Outlet 0172,Franchise,Vijayawada,Andhra Pradesh,South,3387517.67,438888.73,12.956057288994154,14.881499173250045,2430.0,45.67901234567901,2.9466666666666668,8.323333333333332,0.7352941176470588,99.26666666666667,16.08504813595861,4.881959906716431,15.7543391188251,5,High,Profitability,"Review costs, pricing and product profitability","Profitability | Review costs, pricing and product profitability"
OUT0553,Franchise Outlet 0553,Franchise,Indore,Madhya Pradesh,West,2935934.5999999996,450533.88,15.345501224720742,17.522276225192385,3461.0,21.092169893094482,3.573333333333333,10.983333333333334,1.7319704713231119,98.23333333333333,30.220638189153238,-32.88815351974413,21.095152603231597,5,High,Profitability,"Review costs, pricing and product profitability","Profitability | Review costs, pricing and product profitability"
OUT0415,Franchise Outlet 0415,Franchise,Kolkata,West Bengal,East,2207149.71,464644.96,21.051809847552207,10.510564007553354,2950.0,25.76271186440678,2.915,7.476666666666667,2.3178807947019866,97.60000000000001,-6.186942007768378,-88.62310637715028,-8.14299900695134,5,High,Profitability,"Review costs, pricing and product profitability","Profitability | Review costs, pricing and product profitability"
OUT0115,Franchise Outlet 0115,Franchise,Kolkata,West Bengal,East,2444975.88,479680.16000000003,19.619013992072595,12.8302977739231,2219.0,35.15096890491212,2.893333333333333,7.9366666666666665,1.770694997786631,98.2,-2.2392599489451213,-18.707759324690645,-1.2413793103448276,5,High,Profitability,"Review costs, pricing and product profitability","Profitability | Review costs, pricing and product profitability"
OUT0283,Franchise Outlet 0283,Company-Owned,Indore,Madhya Pradesh,West,2713012.44,496659.61,18.30657326436734,11.176551787604105,2429.0,35.81720872787155,2.78,9.196666666666667,2.214170692431562,97.76666666666667,-0.006297123633571049,-43.184549231064466,-11.415525114155251,5,High,Profitability,"Review costs, pricing and product profitability","Profitability | Review costs, pricing and product profitability"
OUT0466,Franchise Outlet 0466,Franchise,Vadodara,Gujarat,West,3426257.71,504620.48,14.728036321587728,24.35564435564436,2438.0,35.274815422477445,2.7266666666666666,7.123333333333334,2.7522935779816518,97.2,30.9239348157678,40.688030569054966,24.963503649635037,5,High,Profitability,"Review costs, pricing and product profitability","Profitability | Review costs, pricing and product profitability"
OUT0128,Franchise Outlet 0128,Franchise,Jammu,Jammu & Kashmir,North,2813481.72,506782.65,18.012651242674504,13.112380006620326,3169.0,34.7112653834017,3.0233333333333334,8.056666666666667,3.236641221374046,96.60000000000001,24.382050505275586,-26.65828016883166,20.147679324894515,5,High,Profitability,"Review costs, pricing and product profitability","Profitability | Review costs, pricing and product profitability"
OUT0538,Franchise Outlet 0538,Franchise,Patna,Bihar,East,2458382.41,509100.85000000003,20.708773701321757,16.989495415629364,2798.0,32.16583273766977,3.4633333333333334,7.986666666666667,3.881827550669873,95.93333333333334,-15.870114456521064,133.93739685877006,-12.572533849129593,5,High,Sales Decline,Investigate declining demand and outlet sales drivers,Sales Decline | Investigate declining demand and outlet sales drivers
OUT0374,Franchise Outlet 0374,Franchise,Nagpur,Maharashtra,West,3563866.9299999997,513964.19,14.421531445900538,19.634485498609454,2471.0,38.44597329016593,3.103333333333333,8.71,0.6433453960595095,99.33333333333333,-15.967587595174807,-30.751501427902024,-5.542168674698795,5,High,Profitability,"Review costs, pricing and product profitability","Profitability | Review costs, pricing and product profitability"
OUT0722,Franchise Outlet 0722,Franchise,Amritsar,Punjab,North,3869199.87,516809.82999999996,13.357020763055075,21.60637238632592,3906.0,20.225294418842804,3.0766666666666667,9.636666666666667,0.8125952260030471,99.2,-10.36059990883469,-15.849505773915906,-1.67427701674277,5,High,Profitability,"Review costs, pricing and product profitability","Profitability | Review costs, pricing and product profitability"
OUT0391,Franchise Outlet 0391,Company-Owned,Ludhiana,Punjab,North,3047552.53,523382.36,17.173858525746233,13.19126183929117,1727.0,63.69426751592356,2.733333333333333,10.11,2.484472049689441,97.46666666666665,-5.216097062973105,36.1007422820114,8.679927667269439,5,High,Customer Satisfaction,Review service quality and customer experience,Customer Satisfaction | Review service quality and customer experience
OUT0333,Franchise Outlet 0333,Franchise,Chandigarh,Chandigarh,North,4085158.29,524303.96,12.834360942229242,17.976715122015392,2733.0,31.101353823637027,3.1033333333333335,9.31,3.5298270384751147,96.36666666666667,-2.9115561991473315,479.8983410374249,-0.6756756756756757,5,High,Profitability,"Review costs, pricing and product profitability","Profitability | Review costs, pricing and product profitability"
OUT0544,Franchise Outlet 0544,Franchise,Delhi,Delhi,North,3122266.76,566597.04,18.14697729415023,25.646522846040465,1914.0,29.258098223615466,4.116666666666666,4.5649999999999995,0.3125,99.7,-14.794516474589624,-38.232239243053634,-15.259259259259258,5,High,Profitability,"Review costs, pricing and product profitability","Profitability | Review costs, pricing and product profitability"
OUT0547,Franchise Outlet 0547,Franchise,Dehradun,Uttarakhand,North,3625348.88,567400.36,15.650917436668882,18.269936848289028,2488.0,34.163987138263664,3.393333333333333,11.53,0.7974481658692184,99.2,5.208431870087274,-10.815302769317205,-7.547169811320755,5,High,Profitability,"Review costs, pricing and product profitability","Profitability | Review costs, pricing and product profitability"
OUT0634,Franchise Outlet 0634,Franchise,Delhi,Delhi,North,5342054.15,570319.08,10.676025813029243,12.921644057501519,3191.0,15.355687872140395,3.8166666666666664,9.879999999999999,0.8390304536979489,99.16666666666667,-10.567512812479048,-73.99527032473331,-6.983240223463687,5,High,Profitability,"Review costs, pricing and product profitability","Profitability | Review costs, pricing and product profitability"
OUT0209,Franchise Outlet 0209,Franchise,Ranchi,Jharkhand,East,5926897.4,571057.97,9.635023714093649,17.851664365700262,4655.0,17.40064446831364,2.9066666666666663,10.493333333333332,0.49166310389055157,99.53333333333335,-1.7448122324656767,546.7431211754079,-6.975345760673482,5,High,Profitability,"Review costs, pricing and product profitability","Profitability | Review costs, pricing and product profitability"
OUT0182,Franchise Outlet 0182,Franchise,Amritsar,Punjab,North,5674705.4,574902.11,10.130959573689939,16.63042140248656,4053.0,23.192696767826302,2.796666666666667,9.81,0.9288682473722807,99.06666666666666,1.2489046354971667,-17.70468593950308,-5.014124293785311,5,High,Profitability,"Review costs, pricing and product profitability","Profitability | Review costs, pricing and product profitability"
OUT0648,Franchise Outlet 0648,Franchise,Hyderabad,Telangana,South,3956404.51,575443.23,14.54460049637341,19.968906030436212,6679.0,11.079502919598742,3.6166666666666667,8.9,4.16128569378677,95.66666666666667,-13.206539412732546,100.14248475996834,-13.497942386831276,5,High,Profitability,"Review costs, pricing and product profitability","Profitability | Review costs, pricing and product profitability"
OUT0054,Franchise Outlet 0054,Franchise,Visakhapatnam,Andhra Pradesh,South,3167709.79,590139.09,18.629834458414827,13.209228636498663,2668.0,33.35832083958021,2.703333333333333,8.71,0.9651076466221231,99.03333333333335,-12.467681553468616,96.74365658416109,-10.416666666666668,5,High,Sales Decline,Investigate declining demand and outlet sales drivers,Sales Decline | Investigate declining demand and outlet sales drivers
OUT0133,Franchise Outlet 0133,Franchise,Indore,Madhya Pradesh,West,3151830.33,596514.09,18.92595817491229,13.661581137309293,1773.0,33.27693175408911,3.2266666666666666,8.53,4.006497022198159,95.76666666666667,13.32183132384078,-50.08891913285516,11.703958691910499,5,High,Profitability,"Review costs, pricing and product profitability","Profitability | Review costs, pricing and product profitability"
OUT0477,Franchise Outlet 0477,Company-Owned,Guwahati,Assam,East,3640740.26,624240.2,17.145969100251058,27.1031707077648,2761.0,19.558131111915973,4.196666666666666,6.833333333333333,0.6119510439164867,99.36666666666667,-15.941839787972198,-14.259596712116176,-11.298315163528246,5,High,Profitability,"Review costs, pricing and product profitability","Profitability | Review costs, pricing and product profitability"
OUT0307,Franchise Outlet 0307,Franchise,Dehradun,Uttarakhand,North,3995336.15,624644.5700000001,15.634343308009266,23.58570222347312,2514.0,37.78838504375497,2.9966666666666666,11.773333333333333,0.7892659826361484,99.16666666666667,-9.464048538391173,-45.21543259416189,-6.81265206812652,5,High,Profitability,"Review costs, pricing and product profitability","Profitability | Review costs, pricing and product profitability"
OUT0739,Franchise Outlet 0739,Franchise,Chennai,Tamil Nadu,South,5472120.3100000005,631035.69,11.531831433728106,11.804743167074339,3330.0,25.825825825825824,2.98,7.503333333333333,0.6266786034019696,99.36666666666667,30.232784600923395,888.7647768694317,24.043179587831208,5,High,Profitability,"Review costs, pricing and product profitability","Profitability | Review costs, pricing and product profitability"
OUT0504,Franchise Outlet 0504,Company-Owned,Visakhapatnam,Andhra Pradesh,South,4701009.529999999,632793.49,13.460799982679466,22.506600176004692,3069.0,28.347996089931573,3.16,7.8066666666666675,0.7759456838021339,99.21666666666665,-51.38281400185032,0.013063955297058864,-51.554404145077726,5,High,Profitability,"Review costs, pricing and product profitability","Profitability | Review costs, pricing and product profitability"
OUT0394,Franchise Outlet 0394,Franchise,Delhi,Delhi,North,2880100.12,678740.95,23.566574831433286,12.003305310052454,3341.0,26.04010775217001,3.143333333333333,10.996666666666668,0.6541778174249182,99.33333333333333,12.624493072054024,-62.762016984066484,9.117647058823529,5,High,Profitability,"Review costs, pricing and product profitability","Profitability | Review costs, pricing and product profitability"
OUT0210,Franchise Outlet 0210,Franchise,Siliguri,West Bengal,East,5045900.17,704813.6599999999,13.968046062235114,25.179256294814074,3020.0,20.198675496688743,3.9166666666666665,7.289999999999999,1.5324421258558854,98.43333333333334,-20.762137929307478,-52.57369093169345,-15.436893203883495,5,High,Profitability,"Review costs, pricing and product profitability","Profitability | Review costs, pricing and product profitability"
OUT0156,Franchise Outlet 0156,Franchise,Lucknow,Uttar Pradesh,North,5313663.08,724978.21,13.643661615067998,22.65346975088968,4074.0,19.145802650957293,2.8233333333333337,10.473333333333334,2.4658846061766817,97.46666666666665,5.061481422511008,-30.764447013727096,-1.340282948622487,5,High,Profitability,"Review costs, pricing and product profitability","Profitability | Review costs, pricing and product profitability"
OUT0575,Franchise Outlet 0575,Franchise,Jaipur,Rajasthan,North,4715491.51,726180.54,15.399890731645069,20.472611649082236,2833.0,28.94458171549594,3.533333333333333,7.693333333333334,1.9044321329639888,98.06666666666666,-20.44649003635297,-69.14241915359638,-12.717948717948719,5,High,Profitability,"Review costs, pricing and product profitability","Profitability | Review costs, pricing and product profitability"
OUT0103,Franchise Outlet 0103,Franchise,Indore,Madhya Pradesh,West,5903631.77,736350.89,12.47284584621036,20.26899033907937,8560.0,6.542056074766355,4.58,6.703333333333333,3.22215941209723,96.76666666666667,-24.853798014234094,43.240940907745895,-27.745839636913765,5,High,Profitability,"Review costs, pricing and product profitability","Profitability | Review costs, pricing and product profitability"
OUT0552,Franchise Outlet 0552,Franchise,Surat,Gujarat,West,3519715.47,741454.1,21.065739725830735,22.673607883238823,2439.0,37.72037720377204,2.4466666666666668,11.06,0.8133387555917039,99.2,-7.718610077150645,-38.43163570089959,-11.017964071856287,5,High,Profitability,"Review costs, pricing and product profitability","Profitability | Review costs, pricing and product profitability"
OUT0022,Franchise Outlet 0022,Franchise,Vijayawada,Andhra Pradesh,South,4075919.1799999997,772400.91,18.950349010600355,13.315586178097922,2551.0,36.84829478635829,3.1999999999999997,12.025,0.9320388349514563,99.03333333333335,-7.2871934661182065,-41.71487631402699,-13.114754098360656,5,High,Profitability,"Review costs, pricing and product profitability","Profitability | Review costs, pricing and product profitability"
OUT0746,Franchise Outlet 0746,Franchise,Bhubaneswar,Odisha,East,3093106.88,809314.96,26.16511460476917,19.632447386621877,1987.0,43.78459989934574,2.796666666666667,7.783333333333334,3.3560311284046693,96.5,4.74176987817973,-36.91162487460055,-1.361573373676248,5,High,Profitability,"Review costs, pricing and product profitability","Profitability | Review costs, pricing and product profitability"
OUT0160,Franchise Outlet 0160,Franchise,Pune,Maharashtra,West,5938340.76,810467.28,13.648042656278959,19.68564308989841,4108.0,17.283349561830576,3.31,10.126666666666667,1.557632398753894,98.43333333333334,-15.824257958818222,-69.34135138307109,-11.991729841488628,5,High,Profitability,"Review costs, pricing and product profitability","Profitability | Review costs, pricing and product profitability"
OUT0281,Franchise Outlet 0281,Franchise,Ahmedabad,Gujarat,West,5739959.91,823174.0800000001,14.341112009613322,19.11886684106425,5993.0,10.845986984815617,3.3800000000000003,9.063333333333334,3.64951768488746,96.2,-13.183112452931113,-16.7510315722892,-19.032691446484552,5,High,Profitability,"Review costs, pricing and product profitability","Profitability | Review costs, pricing and product profitability"
OUT0725,Franchise Outlet 0725,Franchise,Jaipur,Rajasthan,North,6097627.25,904256.56,14.829646400573274,19.249121703109434,3671.0,20.97521111413784,2.9933333333333336,11.08,2.132764596107705,97.83333333333333,4.908832064777314,-68.57938366545501,7.078189300411522,5,High,Profitability,"Review costs, pricing and product profitability","Profitability | Review costs, pricing and product profitability"
OUT0285,Franchise Outlet 0285,Franchise,Nashik,Maharashtra,West,6468799.39,913533.48,14.122148870657744,21.660493530232333,4503.0,18.210082167443925,2.973333333333333,6.423333333333333,1.916793726856894,98.03333333333335,-16.040205865401784,-71.58312411680012,-12.101534828807555,5,High,Profitability,"Review costs, pricing and product profitability","Profitability | Review costs, pricing and product profitability"
OUT0701,Franchise Outlet 0701,Franchise,Ahmedabad,Gujarat,West,5328594.87,921166.4500000001,17.2872299822636,25.207557330700535,5617.0,9.07957984689336,3.77,6.303333333333334,3.121766126250431,96.8,-17.878525533781524,-67.99771991515203,-9.791252485089464,5,High,Profitability,"Review costs, pricing and product profitability","Profitability | Review costs, pricing and product profitability"
OUT0626,Franchise Outlet 0626,Franchise,Bhubaneswar,Odisha,East,5685780.96,981925.48,17.26984361353238,19.5361137127431,7092.0,9.588268471517203,3.266666666666667,8.186666666666667,2.5020621391256532,97.43333333333334,-13.0192116219582,-49.29215608030472,-6.371963361210672,5,High,Profitability,"Review costs, pricing and product profitability","Profitability | Review costs, pricing and product profitability"
OUT0478,Franchise Outlet 0478,Franchise,Patna,Bihar,East,5178122.6899999995,1024042.8,19.776333264131292,20.050984795605597,6607.0,9.686695928560617,3.09,8.666666666666666,3.37818075460661,96.5,-15.90879061307168,-19.433239967748303,-13.77702416278084,5,High,Profitability,"Review costs, pricing and product profitability","Profitability | Review costs, pricing and product profitability"
OUT0710,Franchise Outlet 0710,Franchise,Coimbatore,Tamil Nadu,South,4361298.0600000005,1027849.71,23.567518107212322,23.411497730711044,3095.0,23.26332794830372,3.5533333333333332,11.434999999999999,2.6729559748427674,97.23333333333333,5.988825185856016,-74.01717198552348,-4.747474747474747,5,High,Profitability,"Review costs, pricing and product profitability","Profitability | Review costs, pricing and product profitability"
OUT0076,Franchise Outlet 0076,Franchise,Vadodara,Gujarat,West,6010677.51,1052009.74,17.502348749367524,15.763076188201577,3300.0,26.666666666666668,3.1366666666666667,9.996666666666668,3.902154921374491,95.93333333333334,-10.144609757008284,24.13613572471311,-1.8018018018018018,5,High,Sales Decline,Investigate declining demand and outlet sales drivers,Sales Decline | Investigate declining demand and outlet sales drivers
OUT0068,Franchise Outlet 0068,Franchise,Jammu,Jammu & Kashmir,North,8473597.04,1058523.81,12.492024402425445,17.51418118349948,5218.0,13.415101571483326,2.95,6.88,2.9750836742283377,96.93333333333334,1.9773993593762746,143.9588716453316,-4.727474972191324,5,High,Profitability,"Review costs, pricing and product profitability","Profitability | Review costs, pricing and product profitability"
OUT0473,Franchise Outlet 0473,Franchise,Mysuru,Karnataka,South,8435376.11,1136174.96,13.469167766604778,23.589286182743514,8992.0,5.56049822064057,4.003333333333334,5.436666666666667,2.883680743060806,97.0,-16.14292303850653,111.45533509664148,-3.4824172072379653,5,High,Profitability,"Review costs, pricing and product profitability","Profitability | Review costs, pricing and product profitability"
OUT0468,Franchise Outlet 0468,Franchise,Hyderabad,Telangana,South,10150028.5,1223255.27,12.051742219245986,32.711944906198056,5510.0,12.159709618874773,4.463333333333334,4.59,2.958788305741458,96.96666666666665,-10.471560525036457,-19.782278576073885,-10.435238594651285,5,High,Profitability,"Review costs, pricing and product profitability","Profitability | Review costs, pricing and product profitability"
OUT0401,Franchise Outlet 0401,Franchise,Ahmedabad,Gujarat,West,9457989.65,1374431.85,14.531966103388577,29.9574870099197,6342.0,7.5685903500473035,4.245,5.553333333333334,2.908756889161053,97.03333333333335,-24.309114134438765,-74.43683588124928,-18.365591397849464,5,High,Profitability,"Review costs, pricing and product profitability","Profitability | Review costs, pricing and product profitability"
OUT0198,Franchise Outlet 0198,Franchise,Hyderabad,Telangana,South,7180353.54,1487774.33,20.72007070002851,20.160642570281123,5271.0,12.71106051982546,3.4066666666666667,8.91,3.743608473338203,96.10000000000001,-11.783481752020874,-17.581732852131058,-4.9745618993781795,5,High,Profitability,"Review costs, pricing and product profitability","Profitability | Review costs, pricing and product profitability"
OUT0631,Franchise Outlet 0631,Franchise,Ludhiana,Punjab,North,5449442.1899999995,1549068.6800000002,28.426187965487905,38.10577561407391,5166.0,12.001548586914442,3.533333333333333,6.796666666666667,3.1314457153572097,96.76666666666667,-16.81288361422589,-15.141150063722705,-13.352112676056338,5,High,Profitability,"Review costs, pricing and product profitability","Profitability | Review costs, pricing and product profitability"
OUT0111,Franchise Outlet 0111,Franchise,Kochi,Kerala,South,8912495.17,1600081.84,17.953242155866437,21.876411017222473,6783.0,8.55078873654725,4.276666666666666,9.926666666666668,3.2520325203252036,96.60000000000001,-11.20743185141528,-93.50847824791543,-8.3436087135224,5,High,Profitability,"Review costs, pricing and product profitability","Profitability | Review costs, pricing and product profitability"
OUT0718,Franchise Outlet 0718,Franchise,Patna,Bihar,East,12895933.37,2129814.0999999996,16.515393177779732,23.575064674956188,8475.0,6.843657817109144,3.546666666666667,6.286666666666666,3.0985593414132175,96.63333333333333,-10.068315093846731,-44.01557419265801,-17.680896155010597,5,High,Profitability,"Review costs, pricing and product profitability","Profitability | Review costs, pricing and product profitability"
OUT0463,Franchise Outlet 0463,Franchise,Indore,Madhya Pradesh,West,14801391.43,2213644.85,14.955653733427413,27.770878609127603,10734.0,4.56493385504006,3.753333333333334,6.233333333333333,3.2013707277482193,96.73333333333333,-10.704824380021648,-3.7557503512275505,-11.675788376335678,5,High,Profitability,"Review costs, pricing and product profitability","Profitability | Review costs, pricing and product profitability"
OUT0346,Franchise Outlet 0346,Franchise,Vadodara,Gujarat,West,11075891.36,2215066.3,19.99898904750543,28.048028557520688,8643.0,8.793243086891126,3.4766666666666666,7.976666666666667,2.701789935832489,97.26666666666667,-14.186554847918151,-42.400810473918966,-12.79503105590062,5,High,Profitability,"Review costs, pricing and product profitability","Profitability | Review costs, pricing and product profitability"
OUT0476,Franchise Outlet 0476,Franchise,Bhubaneswar,Odisha,East,17990718.31,2438082.49,13.55189074715717,30.669341804603466,11006.0,5.451571869889151,4.176666666666667,6.666666666666667,3.0308370044052864,96.83333333333333,-19.84560219564986,-50.091729493278805,-9.745087626128518,5,High,Profitability,"Review costs, pricing and product profitability","Profitability | Review costs, pricing and product profitability"
OUT0423,Franchise Outlet 0423,Franchise,Chandigarh,Chandigarh,North,13156200.54,2707510.18,20.579727192270365,23.984455813693422,8579.0,7.110385825853829,3.563333333333333,5.853333333333334,3.029275460608116,96.89999999999999,-10.678228066121324,-57.73659757284126,-5.45822102425876,5,High,Profitability,"Review costs, pricing and product profitability","Profitability | Review costs, pricing and product profitability"
OUT0158,Franchise Outlet 0158,Franchise,Jammu,Jammu & Kashmir,North,14313180.54,3097531.29,21.64111101193446,27.54409769335143,10353.0,4.539746933256061,4.193333333333333,5.8999999999999995,3.3604032483898068,96.43333333333334,-23.369931645170617,-38.12122446556956,-12.956810631229235,5,High,Profitability,"Review costs, pricing and product profitability","Profitability | Review costs, pricing and product profitability"
OUT0421,Franchise Outlet 0421,Franchise,Ludhiana,Punjab,North,1158442.32,88385.45,7.629680690532783,20.251177394034535,1548.0,51.67958656330749,3.1999999999999997,5.833333333333333,3.25,96.7,0.24977598805840046,556.9945038722718,-5.325443786982249,4,Medium,Profitability,"Review costs, pricing and product profitability","Profitability | Review costs, pricing and product profitability"
OUT0674,Franchise Outlet 0674,Franchise,Nagpur,Maharashtra,West,815981.65,93277.06,11.43126931837254,14.693689543988944,957.0,85.68443051201672,3.203333333333333,8.67,0.8290155440414507,99.16666666666667,-5.923796386675285,-60.52899359751297,-9.32475884244373,4,Medium,Profitability,"Review costs, pricing and product profitability","Profitability | Review costs, pricing and product profitability"
OUT0329,Franchise Outlet 0329,Franchise,Ranchi,Jharkhand,East,1133498.68,96760.43,8.53643958367909,20.292397660818715,1041.0,95.10086455331412,2.8766666666666665,8.200000000000001,0.6679389312977099,99.33333333333333,-9.29536068123478,-75.77140342187484,-1.1661807580174928,4,Medium,Profitability,"Review costs, pricing and product profitability","Profitability | Review costs, pricing and product profitability"
OUT0241,Franchise Outlet 0241,Franchise,Ludhiana,Punjab,North,515622.41000000003,101578.05,19.70008440866641,18.91531451433652,851.0,84.6063454759107,3.2166666666666663,7.8500000000000005,3.6240090600226504,96.26666666666667,-9.400463035814383,-34.885240594842784,-8.852459016393443,4,Medium,Profitability,"Review costs, pricing and product profitability","Profitability | Review costs, pricing and product profitability"
OUT0260,Franchise Outlet 0260,Franchise,Coimbatore,Tamil Nadu,South,1094361.46,142732.86,13.042570048108235,18.207381370826013,1036.0,72.39382239382239,3.0666666666666664,8.726666666666667,2.2641509433962264,97.66666666666667,-4.736463438913973,245.5211089786937,0.5952380952380952,4,Medium,Profitability,"Review costs, pricing and product profitability","Profitability | Review costs, pricing and product profitability"
OUT0487,Franchise Outlet 0487,Franchise,Dehradun,Uttarakhand,North,1103423.05,146631.82,13.288812482211604,15.999496475327291,1271.0,55.861526357199054,3.5,7.670000000000001,1.0124610591900312,98.93333333333334,14.60146271285775,-10.403920736859632,11.842105263157894,4,Medium,Profitability,"Review costs, pricing and product profitability","Profitability | Review costs, pricing and product profitability"
OUT0495,Franchise Outlet 0495,Franchise,Nashik,Maharashtra,West,1157072.94,178319.18,15.411230686978126,19.390603812714367,2431.0,25.915261209378855,2.4266666666666667,8.053333333333333,1.6187778227438283,98.33333333333333,-1.949407932504446,-33.59944888959979,-6.172839506172839,4,Medium,Profitability,"Review costs, pricing and product profitability","Profitability | Review costs, pricing and product profitability"
OUT0042,Franchise Outlet 0042,Franchise,Surat,Gujarat,West,1760554.75,202891.53,11.524295396096033,20.850086157380815,1089.0,62.44260789715335,2.5033333333333334,8.023333333333333,0.6386861313868614,99.39999999999999,24.81727008823262,508.78394576554456,11.730205278592376,4,Medium,Profitability,"Review costs, pricing and product profitability","Profitability | Review costs, pricing and product profitability"
OUT0004,Franchise Outlet 0004,Company-Owned,Delhi,Delhi,North,1104777.02,235676.9,21.332530975345595,14.60058178563437,1305.0,37.547892720306514,3.5500000000000003,6.38,0.684931506849315,99.3,16.681435228166478,-20.837434496566377,9.25,4,Medium,Profitability,"Review costs, pricing and product profitability","Profitability | Review costs, pricing and product profitability"
OUT0043,Franchise Outlet 0043,Franchise,Indore,Madhya Pradesh,West,2447279.89,237942.82,9.722746506121945,22.52526482405942,1850.0,45.4054054054054,3.3366666666666664,6.503333333333333,2.9380902413431267,96.93333333333334,24.699795678960566,36.331951798844884,9.966216216216216,4,Medium,Profitability,"Review costs, pricing and product profitability","Profitability | Review costs, pricing and product profitability"
OUT0505,Franchise Outlet 0505,Company-Owned,Kolkata,West Bengal,East,1610789.85,245932.6,15.267826526222523,17.922535211267608,2036.0,34.87229862475442,3.1533333333333338,8.806666666666667,1.5473887814313347,98.43333333333334,12.062547688916698,-42.676452307172795,7.401812688821751,4,Medium,Profitability,"Review costs, pricing and product profitability","Profitability | Review costs, pricing and product profitability"
OUT0662,Franchise Outlet 0662,Franchise,Amritsar,Punjab,North,1512630.99,249713.22999999998,16.508535898765366,12.120051085568328,949.0,79.03055848261329,3.203333333333333,8.836666666666666,0.5241090146750524,99.46666666666665,-2.623278499209979,-15.331479046172486,0.0,4,Medium,Profitability,"Review costs, pricing and product profitability","Profitability | Review costs, pricing and product profitability"
OUT0335,Franchise Outlet 0335,Franchise,Jaipur,Rajasthan,North,1175233.1400000001,276889.95999999996,23.56042818874219,14.828636709824828,1947.0,40.57524396507448,2.6566666666666667,9.19,2.5037556334501754,97.46666666666665,-4.960521619870535,50.54061597709263,-11.06060606060606,4,Medium,Customer Satisfaction,Review service quality and customer experience,Customer Satisfaction | Review service quality and customer experience
OUT0602,Franchise Outlet 0602,Franchise,Amritsar,Punjab,North,1240966.07,280840.18,22.63077023532158,18.192021222324254,1783.0,44.868199663488504,2.9933333333333336,10.47,1.0543840177580466,98.93333333333334,-3.2703266846455503,63.296467212268645,2.666666666666667,4,Medium,Customer Satisfaction,Review service quality and customer experience,Customer Satisfaction | Review service quality and customer experience
OUT0278,Franchise Outlet 0278,Franchise,Jammu,Jammu & Kashmir,North,1717170.75,294235.33,17.134890633328105,15.344549195270588,2946.0,22.40325865580448,3.2100000000000004,8.33,2.41801921165949,97.46666666666665,-5.256582485706203,-21.763790228979182,-0.5387931034482759,4,Medium,Profitability,"Review costs, pricing and product profitability","Profitability | Review costs, pricing and product profitability"
OUT0261,Franchise Outlet 0261,Franchise,Kochi,Kerala,South,1688576.71,295725.13,17.5132777947648,15.284913591779542,2618.0,23.682200152788386,3.2900000000000005,10.6,3.9618488628026407,95.86666666666667,6.554330102564417,69.68533217615615,-3.135135135135135,4,Medium,Customer Complaints,Investigate complaint drivers and service bottlenecks,Customer Complaints | Investigate complaint drivers and service bottlenecks
OUT0681,Franchise Outlet 0681,Franchise,Kochi,Kerala,South,1729326.83,324105.03,18.74168748078696,12.642273808758278,1966.0,31.027466937945064,2.856666666666667,7.9350000000000005,3.3906633906633905,96.5,4.727161936698324,48.58301151317278,1.9047619047619049,4,Medium,Customer Satisfaction,Review service quality and customer experience,Customer Satisfaction | Review service quality and customer experience
OUT0291,Franchise Outlet 0291,Franchise,Kochi,Kerala,South,1829857.23,327963.27,17.92288844305083,24.215993727949826,2471.0,29.13800080938891,3.8200000000000003,7.239999999999999,3.5142522452167126,96.33333333333333,5.2696309424163745,-26.88414583913467,5.520702634880803,4,Medium,Profitability,"Review costs, pricing and product profitability","Profitability | Review costs, pricing and product profitability"
OUT0481,Franchise Outlet 0481,Franchise,Ludhiana,Punjab,North,1586729.93,328674.66000000003,20.713963591775194,26.506154178363207,2455.0,28.920570264765786,3.1933333333333334,8.923333333333334,4.548989113530326,95.23333333333333,-13.593487904343004,2.101369394029826,-2.1491782553729455,4,Medium,Sales Decline,Investigate declining demand and outlet sales drivers,Sales Decline | Investigate declining demand and outlet sales drivers
OUT0023,Franchise Outlet 0023,Franchise,Mysuru,Karnataka,South,2329225.98,339936.73,14.594407452041214,22.129248197734295,1719.0,47.12041884816754,3.3166666666666664,9.966666666666667,3.0456852791878175,96.89999999999999,14.409042885764526,28.605119785833605,16.603053435114504,4,Medium,Profitability,"Review costs, pricing and product profitability","Profitability | Review costs, pricing and product profitability"
OUT0555,Franchise Outlet 0555,Franchise,Nashik,Maharashtra,West,3213290.34,369253.45,11.491443689461315,16.802874453994647,2385.0,39.41299790356394,3.043333333333333,6.82,1.73053152039555,98.26666666666667,-6.888633717180752,-16.571754364630532,-16.7458432304038,4,Medium,Profitability,"Review costs, pricing and product profitability","Profitability | Review costs, pricing and product profitability"
OUT0598,Franchise Outlet 0598,Franchise,Patna,Bihar,East,1619247.75,372047.48,22.976563036755802,19.521122464541712,1280.0,59.375,3.1533333333333338,8.163333333333334,3.3962264150943398,96.39999999999999,-15.977152430118021,6.351831616376838,-11.655011655011654,4,Medium,Sales Decline,Investigate declining demand and outlet sales drivers,Sales Decline | Investigate declining demand and outlet sales drivers
OUT0706,Franchise Outlet 0706,Franchise,Vadodara,Gujarat,West,2891086.54,378526.16000000003,13.09286853793038,18.177727784027,4848.0,13.407590759075907,3.436666666666667,7.800000000000001,3.020604120824165,96.96666666666665,-6.474996862457905,-70.15473736996269,-8.080808080808081,4,Medium,Profitability,"Review costs, pricing and product profitability","Profitability | Review costs, pricing and product profitability"
OUT0747,Franchise Outlet 0747,Franchise,Guwahati,Assam,East,2037081.58,394681.98,19.374873538447094,16.854730529472107,2136.0,28.089887640449437,3.47,6.25,0.7895959126799814,99.16666666666667,-3.592141978823916,-64.40383443402544,-9.411764705882353,4,Medium,Profitability,"Review costs, pricing and product profitability","Profitability | Review costs, pricing and product profitability"
OUT0387,Franchise Outlet 0387,Franchise,Guwahati,Assam,East,2107848.69,400921.02,19.020388982474827,15.674477517416086,1980.0,35.85858585858586,2.7866666666666666,11.006666666666666,0.4524886877828055,99.53333333333335,30.161610848149838,134.6959853191223,14.90787269681742,4,Medium,Customer Satisfaction,Review service quality and customer experience,Customer Satisfaction | Review service quality and customer experience
OUT0569,Franchise Outlet 0569,Franchise,Ranchi,Jharkhand,East,2342810.08,408510.41000000003,17.436770205461983,14.832943179399871,1394.0,67.43185078909612,2.7866666666666666,11.073333333333332,0.8534850640113799,99.13333333333333,18.94971354267604,68.95918901746533,17.94871794871795,4,Medium,Customer Satisfaction,Review service quality and customer experience,Customer Satisfaction | Review service quality and customer experience
OUT0058,Franchise Outlet 0058,Franchise,Patna,Bihar,East,2260164.48,409039.28,18.097766052849394,19.27758146839419,3437.0,20.657550189118414,2.8833333333333333,10.843333333333334,2.4687854710556185,97.43333333333334,-7.261227507876233,172.34961056835834,-3.4240561896400354,4,Medium,Customer Satisfaction,Review service quality and customer experience,Customer Satisfaction | Review service quality and customer experience
OUT0360,Franchise Outlet 0360,Franchise,Siliguri,West Bengal,East,4508952.8,428967.74,9.513688854760245,27.461271480572254,3244.0,17.57090012330456,3.83,6.236666666666667,2.0531400966183577,97.90000000000002,-11.748574474668894,133.37455426196942,1.4691478942213516,4,Medium,Profitability,"Review costs, pricing and product profitability","Profitability | Review costs, pricing and product profitability"
OUT0187,Franchise Outlet 0187,Franchise,Dehradun,Uttarakhand,North,2925587.56,434582.55,14.854539168193618,12.004762219723526,3630.0,28.65013774104683,3.266666666666667,8.903333333333334,0.6296194908294552,99.36666666666667,32.13816956796626,32.48308047472869,24.108818011257036,4,Medium,Profitability,"Review costs, pricing and product profitability","Profitability | Review costs, pricing and product profitability"
OUT0214,Franchise Outlet 0214,Franchise,Delhi,Delhi,North,2237872.25,446779.72000000003,19.964487248992878,12.187804695117379,1625.0,62.15384615384615,2.6566666666666667,10.37,0.8315495901666267,99.13333333333333,10.489004025068184,65.52324803740834,,4,Medium,Customer Satisfaction,Review service quality and customer experience,Customer Satisfaction | Review service quality and customer experience
OUT0065,Franchise Outlet 0065,Franchise,Jaipur,Rajasthan,North,3742173.84,486295.06,12.994988495777632,21.499157954942646,6766.0,9.311262193319537,3.8166666666666664,6.993333333333333,1.3414989792942549,98.66666666666667,-21.13820812454272,104.61142974230626,-15.922798552472859,4,Medium,Profitability,"Review costs, pricing and product profitability","Profitability | Review costs, pricing and product profitability"
OUT0148,Franchise Outlet 0148,Franchise,Patna,Bihar,East,2364165.26,501745.53,21.222946571848368,17.444565048844783,2250.0,42.22222222222222,2.6566666666666667,9.236666666666666,2.765773552290406,97.16666666666667,12.639529835045451,13.11635021034936,0.9358288770053476,4,Medium,Customer Satisfaction,Review service quality and customer experience,Customer Satisfaction | Review service quality and customer experience
OUT0405,Franchise Outlet 0405,Franchise,Nashik,Maharashtra,West,2708689.58,518917.64,19.15751601185692,9.63639702506657,2099.0,45.736064792758455,3.0033333333333334,7.523333333333333,2.0988805970149254,97.89999999999999,3.719540682939519,-24.10494515645111,6.269113149847094,4,Medium,Profitability,"Review costs, pricing and product profitability","Profitability | Review costs, pricing and product profitability"
OUT0174,Franchise Outlet 0174,Franchise,Visakhapatnam,Andhra Pradesh,South,2936566.05,522416.76,17.790056518565283,20.091814445966456,5427.0,12.898470609913396,3.1466666666666665,9.996666666666668,0.7679648930334613,99.2,-10.880003556774604,-38.643308120245976,-3.7216828478964405,4,Medium,Profitability,"Review costs, pricing and product profitability","Profitability | Review costs, pricing and product profitability"
OUT0186,Franchise Outlet 0186,Franchise,Lucknow,Uttar Pradesh,North,2977802.01,527045.56,17.69914716391773,19.17668115571465,2250.0,24.444444444444446,3.5,6.359999999999999,2.975420439844761,97.0,-12.085485251082615,7.671568601475958,-12.296110414052698,4,Medium,Sales Decline,Investigate declining demand and outlet sales drivers,Sales Decline | Investigate declining demand and outlet sales drivers
OUT0092,Franchise Outlet 0092,Company-Owned,Amritsar,Punjab,North,2366817.91,544280.88,22.996314067946187,11.46905176507836,2898.0,53.14009661835749,2.973333333333333,10.113333333333333,0.5149330587023687,99.43333333333334,94.22278102851187,105.53035795706525,106.1624649859944,4,Medium,Customer Satisfaction,Review service quality and customer experience,Customer Satisfaction | Review service quality and customer experience
OUT0482,Franchise Outlet 0482,Franchise,Amritsar,Punjab,North,3192520.6799999997,556576.62,17.4337671009229,12.371663244353183,1928.0,34.23236514522822,3.266666666666667,8.290000000000001,0.9249743062692704,99.06666666666668,0.9814109804793969,-36.71674110466315,4.967948717948718,4,Medium,Profitability,"Review costs, pricing and product profitability","Profitability | Review costs, pricing and product profitability"
OUT0543,Franchise Outlet 0543,Franchise,Chandigarh,Chandigarh,North,3102952.75,560376.46,18.059458365906472,32.63611196554906,6366.0,11.467169337103362,2.8833333333333333,8.946666666666667,3.296369436427161,96.66666666666667,-16.253305717007795,39.642137143159104,-10.032664489034063,4,Medium,Sales Decline,Investigate declining demand and outlet sales drivers,Sales Decline | Investigate declining demand and outlet sales drivers
OUT0319,Franchise Outlet 0319,Franchise,Chennai,Tamil Nadu,South,2284427.5,566563.33,24.801107936233475,12.72192157979683,1340.0,67.16417910447761,2.766666666666667,10.81,0.7407407407407408,99.26666666666667,-0.11005453249711523,49.623158650042534,-3.7037037037037033,4,Medium,Customer Satisfaction,Review service quality and customer experience,Customer Satisfaction | Review service quality and customer experience
OUT0511,Franchise Outlet 0511,Franchise,Ludhiana,Punjab,North,4134491.1500000004,574748.04,13.90130052642633,23.72034956304619,2470.0,20.242914979757085,4.0566666666666675,3.783333333333333,2.525651144435675,97.39999999999999,8.458872166720907,48.57004265143725,1.0922330097087378,4,Medium,Profitability,"Review costs, pricing and product profitability","Profitability | Review costs, pricing and product profitability"
OUT0658,Franchise Outlet 0658,Franchise,Patna,Bihar,East,3299426.96,586529.04,17.77669416873529,15.173713977915432,2817.0,28.399006034788783,2.9233333333333333,6.1866666666666665,4.085801838610827,95.76666666666667,0.5939370160042131,128.34170682428282,5.070118662351672,4,Medium,Customer Satisfaction,Review service quality and customer experience,Customer Satisfaction | Review service quality and customer experience
OUT0272,Franchise Outlet 0272,Company-Owned,Amritsar,Punjab,North,2718308.27,586590.13,21.579235014430502,10.895578199495185,2331.0,43.758043758043755,3.046666666666667,9.18,0.9770603228547154,99.0,2.1223500006143383,-47.5141778563159,4.521963824289406,4,Medium,Profitability,"Review costs, pricing and product profitability","Profitability | Review costs, pricing and product profitability"
OUT0551,Franchise Outlet 0551,Franchise,Ahmedabad,Gujarat,West,2348893.21,611830.83,26.047622233111227,20.15887754049314,1954.0,59.877175025588535,2.703333333333333,10.423333333333334,3.506172839506173,96.39999999999999,13.55063599236754,-7.605941811939329,3.0694668820678515,4,Medium,Customer Satisfaction,Review service quality and customer experience,Customer Satisfaction | Review service quality and customer experience
OUT0146,Franchise Outlet 0146,Franchise,Bhubaneswar,Odisha,East,3389232.12,614608.14,18.134141252030858,26.536346009259624,6706.0,11.184014315538324,3.0366666666666666,7.39,2.4013971765390774,97.46666666666665,-18.04151288799951,-50.52150266976586,-8.910454344949272,4,Medium,Profitability,"Review costs, pricing and product profitability","Profitability | Review costs, pricing and product profitability"
OUT0323,Franchise Outlet 0323,Franchise,Mysuru,Karnataka,South,4158785.56,649478.7,15.617027870992223,16.46977504084454,2621.0,26.325829835940482,2.6666666666666665,8.796666666666667,4.273192111029949,95.56666666666666,-2.806613986346644,12.007428993567947,3.8929440389294405,4,Medium,Customer Satisfaction,Review service quality and customer experience,Customer Satisfaction | Review service quality and customer experience
OUT0274,Franchise Outlet 0274,Franchise,Delhi,Delhi,North,2758501.96,658398.53,23.867973978166034,19.816963751644934,3313.0,17.2049501961968,3.8233333333333337,6.796666666666667,0.719208870242733,99.3,-26.56523474733868,-19.088786701484914,-18.764659890539484,4,Medium,Profitability,"Review costs, pricing and product profitability","Profitability | Review costs, pricing and product profitability"
OUT0271,Franchise Outlet 0271,Franchise,Ludhiana,Punjab,North,3694663.76,661110.83,17.893667000430913,15.598009076269944,2131.0,38.94885030502112,2.8533333333333335,9.63,4.439461883408072,95.39999999999999,12.771953918256306,28.400440053595062,11.918604651162791,4,Medium,Customer Satisfaction,Review service quality and customer experience,Customer Satisfaction | Review service quality and customer experience
OUT0296,Franchise Outlet 0296,Franchise,Bhubaneswar,Odisha,East,3258481.4,673235.58,20.661022646929947,27.97655941849327,4965.0,14.098690835850956,3.393333333333333,10.416666666666666,4.057971014492753,95.76666666666667,9.316334868836918,-56.286258255434376,3.717472118959108,4,Medium,Profitability,"Review costs, pricing and product profitability","Profitability | Review costs, pricing and product profitability"
OUT0138,Franchise Outlet 0138,Franchise,Hyderabad,Telangana,South,4548890.05,685727.28,15.07460660650613,18.392512256722625,4952.0,11.712439418416801,3.073333333333333,8.85,3.3378879562756194,96.53333333333335,4.843906556335353,-52.99357706936378,13.375,4,Medium,Profitability,"Review costs, pricing and product profitability","Profitability | Review costs, pricing and product profitability"
OUT0461,Franchise Outlet 0461,Franchise,Ahmedabad,Gujarat,West,3489792.65,703569.6100000001,20.160785483916936,18.669306248924084,2169.0,47.026279391424616,2.3433333333333333,11.469999999999999,3.126395712371594,96.76666666666667,-5.16027578949425,49.20416551216586,1.0385756676557862,4,Medium,Customer Satisfaction,Review service quality and customer experience,Customer Satisfaction | Review service quality and customer experience
OUT0393,Franchise Outlet 0393,Franchise,Chandigarh,Chandigarh,North,3028266.6999999997,715578.13,23.629957361417343,13.991686508737237,3467.0,22.49783674646669,3.2566666666666664,10.706666666666669,3.4261838440111423,96.46666666666665,1.0400486041922383,85.68739231723063,3.5454545454545454,4,Medium,Customer Complaints,Investigate complaint drivers and service bottlenecks,Customer Complaints | Investigate complaint drivers and service bottlenecks
OUT0228,Franchise Outlet 0228,Franchise,Hyderabad,Telangana,South,5509491.18,720033.33,13.068962386468508,17.30444252506666,4608.0,11.71875,3.6833333333333336,6.48,3.1932773109243695,96.76666666666667,-8.664587384991902,-41.60710252434975,2.298050139275766,4,Medium,Profitability,"Review costs, pricing and product profitability","Profitability | Review costs, pricing and product profitability"
OUT0584,Franchise Outlet 0584,Company-Owned,Nagpur,Maharashtra,West,4113661.3,733622.53,17.833809749966534,15.863989787629103,2734.0,24.87198244330651,3.276666666666667,5.683333333333334,0.5456529647144416,99.46666666666665,5.647527758855024,-44.716367905362866,6.292134831460674,4,Medium,Profitability,"Review costs, pricing and product profitability","Profitability | Review costs, pricing and product profitability"
OUT0537,Franchise Outlet 0537,Franchise,Guwahati,Assam,East,6448132.15,738354.5800000001,11.450673820324852,29.779994406637456,6389.0,9.547660040694945,3.8200000000000003,9.64,0.5603112840466926,99.43333333333334,-20.983090552269783,-66.94910834074943,-11.55085135757018,4,Medium,Profitability,"Review costs, pricing and product profitability","Profitability | Review costs, pricing and product profitability"
OUT0474,Franchise Outlet 0474,Franchise,Visakhapatnam,Andhra Pradesh,South,3960422.45,738803.53,18.654664731536403,20.394069944247338,3219.0,23.609816713264987,2.6966666666666668,8.206666666666667,0.984312519224854,99.03333333333335,4.408572164142867,-50.10294671892835,5.263157894736842,4,Medium,Profitability,"Review costs, pricing and product profitability","Profitability | Review costs, pricing and product profitability"
OUT0176,Franchise Outlet 0176,Franchise,Bhubaneswar,Odisha,East,4631313.33,743111.89,16.045381451226493,14.639047026742572,3060.0,34.313725490196084,2.486666666666667,9.44,2.609802673456397,97.33333333333333,8.880103598842364,151.90683597351412,8.44354018311292,4,Medium,Customer Satisfaction,Review service quality and customer experience,Customer Satisfaction | Review service quality and customer experience
OUT0326,Franchise Outlet 0326,Franchise,Bhubaneswar,Odisha,East,4629355.84,759668.72,16.409814804817422,18.255058705970523,2923.0,26.00068422853233,2.6233333333333335,9.69,3.243958953988745,96.7,-7.287394777097403,82.23698659163972,-6.633165829145729,4,Medium,Customer Satisfaction,Review service quality and customer experience,Customer Satisfaction | Review service quality and customer experience
OUT0443,Franchise Outlet 0443,Franchise,Mysuru,Karnataka,South,3066068.0700000003,775594.56,25.29606461085517,13.064085110674128,2591.0,33.96372057120803,3.0066666666666664,10.696666666666667,2.557352388115833,97.39999999999999,21.658277363830152,2.047716616275155,11.383108935128519,4,Medium,Customer Complaints,Investigate complaint drivers and service bottlenecks,Customer Complaints | Investigate complaint drivers and service bottlenecks
OUT0364,Franchise Outlet 0364,Franchise,Delhi,Delhi,North,4641431.84,779667.95,16.798004944956812,15.281362932369644,2960.0,32.77027027027027,2.8866666666666667,12.9,0.5042016806722689,99.5,5.312887272445808,40.238766715347154,4.9281314168377826,4,Medium,Customer Satisfaction,Review service quality and customer experience,Customer Satisfaction | Review service quality and customer experience
OUT0312,Franchise Outlet 0312,Franchise,Surat,Gujarat,West,3732296.7199999997,790894.99,21.190571096930366,15.443106116681246,2295.0,41.394335511982575,3.126666666666667,7.386666666666667,0.6493506493506493,99.36666666666667,10.24090085134794,-88.13900333427989,14.804063860667634,4,Medium,Profitability,"Review costs, pricing and product profitability","Profitability | Review costs, pricing and product profitability"
OUT0632,Franchise Outlet 0632,Franchise,Amritsar,Punjab,North,7789655.98,792101.81,10.168636612884155,27.5301480689971,7214.0,7.346825616856114,4.22,5.033333333333334,0.9202032687817607,99.06666666666666,-23.55781646162279,7.877144804555942,-24.25972172672137,4,Medium,Profitability,"Review costs, pricing and product profitability","Profitability | Review costs, pricing and product profitability"
OUT0383,Franchise Outlet 0383,Franchise,Mysuru,Karnataka,South,4001771.4000000004,796342.88,19.89975939155345,17.36787564766839,2514.0,32.21957040572793,3.5233333333333334,12.146666666666667,3.89908256880734,95.93333333333334,10.196318000469857,155.29423612544093,1.5116279069767442,4,Medium,Customer Complaints,Investigate complaint drivers and service bottlenecks,Customer Complaints | Investigate complaint drivers and service bottlenecks
OUT0654,Franchise Outlet 0654,Franchise,Visakhapatnam,Andhra Pradesh,South,6237723.5,807218.67,12.940917788356602,29.003974748655597,4962.0,9.875050382910116,3.7133333333333334,7.276666666666666,0.6805444355484388,99.33333333333333,-16.448967596678024,32.86682392322714,-9.779536461277557,4,Medium,Profitability,"Review costs, pricing and product profitability","Profitability | Review costs, pricing and product profitability"
OUT0132,Franchise Outlet 0132,Company-Owned,Surat,Gujarat,West,3963738.31,809905.13,20.432860765724968,19.498554731682795,6206.0,17.08024492426684,3.356666666666667,6.343333333333334,0.6881100976156185,99.26666666666667,-49.02214145906841,-51.13083142910209,-50.2460024600246,4,Medium,Profitability,"Review costs, pricing and product profitability","Profitability | Review costs, pricing and product profitability"
OUT0173,Franchise Outlet 0173,Franchise,Mysuru,Karnataka,South,3219762.91,822824.6699999999,25.555442838491484,14.830201121002307,2249.0,41.79635393508226,2.706666666666667,9.98,3.1438415159345396,96.76666666666667,18.938077821366576,145.03650875900433,7.18232044198895,4,Medium,Customer Satisfaction,Review service quality and customer experience,Customer Satisfaction | Review service quality and customer experience
OUT0027,Franchise Outlet 0027,Franchise,Guwahati,Assam,East,6987316.42,824119.86,11.794511804862559,16.071056252866853,3854.0,19.719771665801765,3.42,8.173333333333334,1.027221366204417,98.96666666666665,3.2291788316276238,160.616125559413,2.447257383966245,4,Medium,Profitability,"Review costs, pricing and product profitability","Profitability | Review costs, pricing and product profitability"
OUT0503,Franchise Outlet 0503,Company-Owned,Mysuru,Karnataka,South,4614807.75,861401.3200000001,18.66602828687717,18.084871011991684,4087.0,14.925373134328359,4.033333333333333,7.8,2.7599333809183912,97.16666666666667,13.226741322116226,-51.544007294015515,9.32475884244373,4,Medium,Profitability,"Review costs, pricing and product profitability","Profitability | Review costs, pricing and product profitability"
OUT0679,Franchise Outlet 0679,Franchise,Chennai,Tamil Nadu,South,5283825.67,901517.72,17.0618369398247,23.608541677678524,8933.0,7.500279861188851,3.473333333333333,8.44,0.8766089658233467,99.13333333333333,-13.824421839828096,-11.108043292040119,-13.347205707491083,4,Medium,Profitability,"Review costs, pricing and product profitability","Profitability | Review costs, pricing and product profitability"
OUT0585,Franchise Outlet 0585,Franchise,Nashik,Maharashtra,West,3875065.83,922986.77,23.818608779608784,17.59409694015705,2599.0,29.242016160061564,3.0233333333333334,8.75,1.7762660619803476,98.16666666666667,5.734774578551175,-23.501029058654932,6.535141800246609,4,Medium,Profitability,"Review costs, pricing and product profitability","Profitability | Review costs, pricing and product profitability"
OUT0310,Franchise Outlet 0310,Franchise,Pune,Maharashtra,West,3787977.51,951546.3799999999,25.120169734059484,23.048220436280136,3212.0,31.133250311332503,3.106666666666667,9.54,2.5485436893203883,97.39999999999999,7.214824282264062,-30.434439004287928,-1.440922190201729,4,Medium,Profitability,"Review costs, pricing and product profitability","Profitability | Review costs, pricing and product profitability"
OUT0297,Franchise Outlet 0297,Franchise,Guwahati,Assam,East,4351586.59,983359.46,22.59772245506437,17.387280859595908,3382.0,23.65464222353637,2.8800000000000003,11.63,0.6171025565677344,99.36666666666667,8.88438102113227,2.8190714612389676,20.114942528735632,4,Medium,Customer Satisfaction,Review service quality and customer experience,Customer Satisfaction | Review service quality and customer experience
OUT0147,Franchise Outlet 0147,Franchise,Guwahati,Assam,East,4650736.390000001,1009123.29,21.698139936931575,21.51170751745858,3142.0,18.141311266709103,3.6566666666666667,5.4433333333333325,0.8520037866834964,99.13333333333333,-21.778400764122857,-25.116585704569715,-17.273576097105508,4,Medium,Profitability,"Review costs, pricing and product profitability","Profitability | Review costs, pricing and product profitability"
OUT0416,Franchise Outlet 0416,Franchise,Bhubaneswar,Odisha,East,5981883.8,1042421.21,17.426303232436577,20.872185581078007,3671.0,22.88204848815037,3.0366666666666666,8.116666666666667,3.1653917172250066,96.73333333333333,10.451820078045024,-35.401543108692366,9.903593339176162,4,Medium,Profitability,"Review costs, pricing and product profitability","Profitability | Review costs, pricing and product profitability"
OUT0036,Franchise Outlet 0036,Franchise,Lucknow,Uttar Pradesh,North,5223071.2,1072145.3900000001,20.527106542219837,19.223666453583352,5413.0,12.93183077775725,3.0833333333333335,11.183333333333332,3.1490427625693327,96.76666666666667,-8.130263081586813,-22.02040087274408,0.6959314775160599,4,Medium,Profitability,"Review costs, pricing and product profitability","Profitability | Review costs, pricing and product profitability"
OUT0726,Franchise Outlet 0726,Franchise,Lucknow,Uttar Pradesh,North,5730689.76,1074762.75,18.754509404815522,15.091703575993579,5077.0,8.863502068150483,3.736666666666667,7.626666666666666,3.1106870229007635,96.83333333333333,-12.092812473574893,10.989270917370378,-4.360135900339751,4,Medium,Sales Decline,Investigate declining demand and outlet sales drivers,Sales Decline | Investigate declining demand and outlet sales drivers
OUT0269,Franchise Outlet 0269,Franchise,Ranchi,Jharkhand,East,8436876.71,1075801.88,12.751186451793009,18.98424596620506,5977.0,8.700016730801405,3.4333333333333336,9.743333333333334,0.4497001998667555,99.56666666666666,-10.62441417087253,17.14928279323527,-4.112864658058346,4,Medium,Profitability,"Review costs, pricing and product profitability","Profitability | Review costs, pricing and product profitability"
OUT0055,Franchise Outlet 0055,Company-Owned,Kolkata,West Bengal,East,4374916.65,1080271.77,24.692396596858593,15.086708744408359,2462.0,30.056864337936638,3.4166666666666665,5.793333333333333,1.8732562774013553,98.10000000000001,-8.777073285394293,-25.265112924799283,-5.339805825242718,4,Medium,Profitability,"Review costs, pricing and product profitability","Profitability | Review costs, pricing and product profitability"
OUT0299,Franchise Outlet 0299,Franchise,Ranchi,Jharkhand,East,11227728.41,1118249.55,9.959713213262521,34.67577860086598,6647.0,8.274409508048743,3.676666666666667,6.166666666666667,0.5981755645281891,99.39999999999999,-18.79031673425191,169.86989467664299,-22.769479208720224,4,Medium,Profitability,"Review costs, pricing and product profitability","Profitability | Review costs, pricing and product profitability"
OUT0539,Franchise Outlet 0539,Company-Owned,Ranchi,Jharkhand,East,5799650.49,1139638.79,19.650128778708524,14.018657926016642,3892.0,20.554984583761563,3.1933333333333334,9.536666666666667,0.941715449223721,99.03333333333335,-11.997787999195207,26.480480046695863,-6.985294117647059,4,Medium,Sales Decline,Investigate declining demand and outlet sales drivers,Sales Decline | Investigate declining demand and outlet sales drivers
OUT0314,Franchise Outlet 0314,Franchise,Nagpur,Maharashtra,West,5008607.58,1142616.92,22.81306534300297,29.201265322261765,10339.0,4.93277879872328,4.0200000000000005,8.200000000000001,0.8629782337712149,99.16666666666667,-18.426409381221145,-41.87104995946101,-10.774119006354708,4,Medium,Profitability,"Review costs, pricing and product profitability","Profitability | Review costs, pricing and product profitability"
OUT0080,Franchise Outlet 0080,Franchise,Coimbatore,Tamil Nadu,South,4904510.6,1172755.5899999999,23.911776029192392,10.41924448649829,2863.0,31.086273140062872,3.1,9.486666666666666,2.2008531974228673,97.73333333333333,9.438036665252907,-42.62949609499833,,4,Medium,Profitability,"Review costs, pricing and product profitability","Profitability | Review costs, pricing and product profitability"
OUT0119,Franchise Outlet 0119,Company-Owned,Ranchi,Jharkhand,East,8448284.68,1178804.5,13.953181558744538,23.408061924930625,6411.0,9.826860084230228,3.33,7.09,0.6816421378776143,99.33333333333333,-11.750774280490248,-44.86102470566781,-5.95703125,4,Medium,Profitability,"Review costs, pricing and product profitability","Profitability | Review costs, pricing and product profitability"
OUT0151,Franchise Outlet 0151,Franchise,Ludhiana,Punjab,North,6986415.140000001,1184141.6099999999,16.949201933625716,29.18220748722199,4225.0,12.781065088757396,3.9066666666666663,11.11,3.273809523809524,96.63333333333333,-10.223221232806276,168.15414957363052,-4.290657439446367,4,Medium,Sales Decline,Investigate declining demand and outlet sales drivers,Sales Decline | Investigate declining demand and outlet sales drivers
OUT0695,Franchise Outlet 0695,Franchise,Jaipur,Rajasthan,North,8637395.91,1204485.98,13.945012970929104,20.068620609444057,6902.0,7.099391480730223,4.023333333333333,5.97,2.403846153846154,97.53333333333335,-11.166761929994701,-85.36730045590045,-10.89693154996066,4,Medium,Profitability,"Review costs, pricing and product profitability","Profitability | Review costs, pricing and product profitability"
OUT0342,Franchise Outlet 0342,Franchise,Surat,Gujarat,West,12616305.82,1212747.55,9.612540844384826,29.17296222664016,7337.0,9.131797737494889,3.6133333333333333,8.973333333333334,0.7708953205301596,99.23333333333333,-13.92394520670249,-40.69591674016021,-12.910532276330692,4,Medium,Profitability,"Review costs, pricing and product profitability","Profitability | Review costs, pricing and product profitability"
OUT0102,Franchise Outlet 0102,Franchise,Surat,Gujarat,West,6897308.4,1231430.29,17.85378032393042,22.400333484917386,5911.0,14.041617323633904,2.6833333333333336,12.159999999999998,0.755540631296172,99.23333333333333,-14.29664249915928,38.28229350924682,-11.693171188026193,4,Medium,Sales Decline,Investigate declining demand and outlet sales drivers,Sales Decline | Investigate declining demand and outlet sales drivers
OUT0435,Franchise Outlet 0435,Franchise,Nashik,Maharashtra,West,13084823.61,1252658.2999999998,9.57336787515166,27.777993401901806,7157.0,6.846444040799217,4.25,3.663333333333334,1.999178419827468,97.89999999999999,-19.130450675468218,76.66642753385553,-20.089955022488756,4,Medium,Profitability,"Review costs, pricing and product profitability","Profitability | Review costs, pricing and product profitability"
OUT0001,Franchise Outlet 0001,Franchise,Ludhiana,Punjab,North,5374565.88,1287697.27,23.95909360404007,25.305168383689725,2923.0,21.89531303455354,3.513333333333333,9.615,3.6902800658978587,96.16666666666667,14.828609913106403,-21.050777377803247,9.381663113006397,4,Medium,Profitability,"Review costs, pricing and product profitability","Profitability | Review costs, pricing and product profitability"
OUT0303,Franchise Outlet 0303,Franchise,Chandigarh,Chandigarh,North,9469544.58,1318125.03,13.919624316294204,18.910492602460177,6672.0,10.79136690647482,3.216666666666667,10.113333333333333,2.570093457943925,97.43333333333334,-1.1470985311356217,-51.465246971540665,-1.6129032258064515,4,Medium,Profitability,"Review costs, pricing and product profitability","Profitability | Review costs, pricing and product profitability"
OUT0015,Franchise Outlet 0015,Franchise,Nashik,Maharashtra,West,5227542.85,1335258.29,25.542751696430383,19.496081647530527,4279.0,21.500350549193737,2.8899999999999997,9.62,1.7225539733578317,98.23333333333333,-7.292483478355527,-10.681365227209676,-3.3449477351916377,4,Medium,Profitability,"Review costs, pricing and product profitability","Profitability | Review costs, pricing and product profitability"
OUT0490,Franchise Outlet 0490,Franchise,Pune,Maharashtra,West,6442111.78,1405328.44,21.81471678841313,26.04409978510698,5575.0,7.174887892376682,4.046666666666667,6.163333333333334,1.8140190207819655,98.16666666666667,-14.512775839632027,-77.01625643942029,-1.8056293149229952,4,Medium,Profitability,"Review costs, pricing and product profitability","Profitability | Review costs, pricing and product profitability"
OUT0594,Franchise Outlet 0594,Franchise,Visakhapatnam,Andhra Pradesh,South,12247681.7,1430434.25,11.679224567046024,29.061812851209385,11895.0,4.707860445565363,4.43,6.1066666666666665,0.6016545500125344,99.43333333333334,-14.969176450826282,-1.6256539735646396,-17.76427703523694,4,Medium,Profitability,"Review costs, pricing and product profitability","Profitability | Review costs, pricing and product profitability"
OUT0573,Franchise Outlet 0573,Franchise,Chandigarh,Chandigarh,North,6187359.899999999,1453993.43,23.49941580091373,23.592160754155298,3804.0,12.618296529968454,4.1866666666666665,4.5633333333333335,1.5273103805332642,98.46666666666665,-12.472865885206874,-62.03343438462168,-11.665443873807776,4,Medium,Profitability,"Review costs, pricing and product profitability","Profitability | Review costs, pricing and product profitability"
OUT0527,Franchise Outlet 0527,Franchise,Bengaluru,Karnataka,South,8154534.17,1545053.43,18.947169731462417,11.478723404255318,3237.0,20.698177324683346,3.043333333333333,9.52,0.8393233039793998,99.13333333333333,-9.226082966804789,-25.272331820402595,-100.0,4,Medium,Profitability,"Review costs, pricing and product profitability","Profitability | Review costs, pricing and product profitability"
OUT0031,Franchise Outlet 0031,Franchise,Ludhiana,Punjab,North,8664494.07,1595892.41,18.418760485111623,24.407086044830077,6751.0,9.183824618575027,3.8766666666666665,5.793333333333334,2.1026682134570764,97.89999999999999,-11.838075070023777,-86.47876114466526,-6.281292671825216,4,Medium,Profitability,"Review costs, pricing and product profitability","Profitability | Review costs, pricing and product profitability"
OUT0597,Franchise Outlet 0597,Franchise,Guwahati,Assam,East,13212443.649999999,1619922.79,12.260584286389749,26.220768601798856,8017.0,6.486216789322689,3.5100000000000002,6.260000000000001,0.7797029702970297,99.23333333333333,-15.356402553146783,-8.62906624763227,-13.852376137512639,4,Medium,Profitability,"Review costs, pricing and product profitability","Profitability | Review costs, pricing and product profitability"
OUT0713,Franchise Outlet 0713,Franchise,Mysuru,Karnataka,South,12946834.469999999,1785057.15,13.787595370407175,28.60174259717712,8896.0,6.182553956834532,4.176666666666667,5.853333333333333,2.2632388486047024,97.66666666666667,-28.028143485024064,-22.772963470435748,-19.30844553243574,4,Medium,Profitability,"Review costs, pricing and product profitability","Profitability | Review costs, pricing and product profitability"
OUT0660,Franchise Outlet 0660,Franchise,Siliguri,West Bengal,East,11784992.01,1820964.93,15.451558460581424,24.86242190615446,9352.0,7.912745936698032,3.3966666666666665,8.44,2.1961932650073206,97.76666666666667,-15.474894678759076,-22.103934355516664,-16.620111731843576,4,Medium,Profitability,"Review costs, pricing and product profitability","Profitability | Review costs, pricing and product profitability"
OUT0558,Franchise Outlet 0558,Franchise,Hyderabad,Telangana,South,8884446.83,1962580.5,22.090069731443258,18.056048244058175,3563.0,16.55907942744878,3.5666666666666664,8.526666666666666,3.938970310190331,95.89999999999999,8.523938973809345,-20.705735406687428,,4,Medium,Profitability,"Review costs, pricing and product profitability","Profitability | Review costs, pricing and product profitability"
OUT0194,Franchise Outlet 0194,Franchise,Nagpur,Maharashtra,West,9351033.65,2014742.4700000002,21.545665916836906,26.664001599040578,5336.0,10.869565217391305,3.9400000000000004,6.21,0.928332714444857,99.06666666666666,-11.037118512337006,-26.618983599352152,-11.5239633817986,4,Medium,Profitability,"Review costs, pricing and product profitability","Profitability | Review costs, pricing and product profitability"
OUT0012,Franchise Outlet 0012,Franchise,Surat,Gujarat,West,10892429.92,2067287.2200000002,18.97911884844149,23.443906990448596,9548.0,4.922496857980729,3.9033333333333338,5.126666666666666,1.0569948186528497,98.93333333333334,-15.469343146960558,-49.76557891983012,-13.412112259970458,4,Medium,Profitability,"Review costs, pricing and product profitability","Profitability | Review costs, pricing and product profitability"
OUT0582,Franchise Outlet 0582,Franchise,Surat,Gujarat,West,11979644.17,2340363.08,19.5361652382034,25.65502914963479,7657.0,10.447956118584301,2.986666666666667,10.526666666666666,0.7646448937273198,99.2,2.1965726071012748,-21.313477363646296,3.614964270701976,4,Medium,Profitability,"Review costs, pricing and product profitability","Profitability | Review costs, pricing and product profitability"
OUT0192,Franchise Outlet 0192,Franchise,Surat,Gujarat,West,12666553.89,2673130.06,21.10384626485018,31.350449235271256,13713.0,3.937869175235178,4.19,4.1000000000000005,0.8244738555001084,99.16666666666667,-21.524869978293843,-15.053928830671298,-16.70012043356082,4,Medium,Profitability,"Review costs, pricing and product profitability","Profitability | Review costs, pricing and product profitability"
OUT0646,Franchise Outlet 0646,Franchise,Vadodara,Gujarat,West,13584085.52,2951251.79,21.72580396122241,30.73607707259359,10911.0,4.765832645953625,4.14,3.33,2.1171615681349243,97.86666666666667,-14.36134238724025,-58.987049951782275,-11.845102505694761,4,Medium,Profitability,"Review costs, pricing and product profitability","Profitability | Review costs, pricing and product profitability"
OUT0449,Franchise Outlet 0449,Franchise,Ranchi,Jharkhand,East,337365.13,71468.6,21.184347060409,11.736020806241873,722.0,105.26315789473684,2.9033333333333338,8.77,0.6877579092159559,99.33333333333333,18.401262325510732,402.9121177727041,1.694915254237288,3,Medium,Customer Satisfaction,Review service quality and customer experience,Customer Satisfaction | Review service quality and customer experience
OUT0344,Franchise Outlet 0344,Franchise,Nagpur,Maharashtra,West,575774.3,88120.53,15.304700122947478,18.48408446265364,1173.0,92.07161125319693,2.66,10.463333333333333,0.4244482173174873,99.56666666666666,-0.901670302218755,44.97459645986835,-4.859335038363171,3,Medium,Customer Satisfaction,Review service quality and customer experience,Customer Satisfaction | Review service quality and customer experience
OUT0284,Franchise Outlet 0284,Franchise,Nagpur,Maharashtra,West,418576.88,93015.35,22.22180785522602,12.619532842138268,805.0,115.52795031055899,2.8866666666666667,8.853333333333333,0.984009840098401,99.0,12.629324208067308,41.236119496703466,9.541984732824428,3,Medium,Customer Satisfaction,Review service quality and customer experience,Customer Satisfaction | Review service quality and customer experience
OUT0113,Franchise Outlet 0113,Franchise,Mysuru,Karnataka,South,762230.01,121555.72,15.947380502638566,23.149648838465694,1714.0,29.754959159859975,3.313333333333333,11.15,3.4366197183098595,96.40000000000002,19.631832923934407,6.141713086236503,10.687022900763358,3,Medium,Customer Complaints,Investigate complaint drivers and service bottlenecks,Customer Complaints | Investigate complaint drivers and service bottlenecks
OUT0205,Franchise Outlet 0205,Franchise,Kolkata,West Bengal,East,659510.1699999999,125358.98000000001,19.00789187223603,13.868225292242295,1044.0,96.74329501915709,2.956666666666667,8.963333333333333,1.7873941674506115,98.16666666666667,-4.491095842611809,46.232040472175385,-5.376344086021505,3,Medium,Customer Satisfaction,Review service quality and customer experience,Customer Satisfaction | Review service quality and customer experience
OUT0507,Franchise Outlet 0507,Franchise,Guwahati,Assam,East,1885193.2,155151.64,8.230012711694485,19.975001952972423,2557.0,28.549080954243255,3.53,8.86,0.8530438154323382,99.16666666666667,20.21273849670328,-51.476120716098286,18.06060606060606,3,Medium,Profitability,"Review costs, pricing and product profitability","Profitability | Review costs, pricing and product profitability"
OUT0301,Franchise Outlet 0301,Franchise,Ludhiana,Punjab,North,798713.6699999999,167267.34,20.942090549170146,18.39274738783036,1197.0,53.467000835421885,3.103333333333333,8.023333333333333,3.467741935483871,96.43333333333334,-9.201984763471781,581.0320928956752,-12.740384615384615,3,Medium,Customer Complaints,Investigate complaint drivers and service bottlenecks,Customer Complaints | Investigate complaint drivers and service bottlenecks
OUT0168,Franchise Outlet 0168,Franchise,Hyderabad,Telangana,South,1632445.56,170588.90999999997,10.449898862170937,24.527892337746906,3390.0,15.339233038348082,3.89,6.543333333333333,2.865329512893983,97.0,23.603927323809607,-95.15683588135337,8.502772643253234,3,Medium,Profitability,"Review costs, pricing and product profitability","Profitability | Review costs, pricing and product profitability"
OUT0220,Franchise Outlet 0220,Franchise,Pune,Maharashtra,West,1425630.0899999999,195127.18,13.687083442521896,24.67709041468389,2178.0,22.956841138659318,4.293333333333333,4.95,1.5370705244122964,98.43333333333334,-1.9054604281795795,26.928860608464543,1.8922852983988356,3,Medium,Profitability,"Review costs, pricing and product profitability","Profitability | Review costs, pricing and product profitability"
OUT0452,Franchise Outlet 0452,Franchise,Amritsar,Punjab,North,1614629.71,199773.78,12.37273033951543,21.968408262454435,2712.0,38.3480825958702,3.233333333333333,9.133333333333333,0.622938805423232,99.39999999999999,-9.78445955692678,-30.03332970154149,-12.5,3,Medium,Profitability,"Review costs, pricing and product profitability","Profitability | Review costs, pricing and product profitability"
OUT0309,Franchise Outlet 0309,Company-Owned,Mumbai,Maharashtra,West,1806333.2399999998,202119.82,11.189508974545586,24.746321664129884,1951.0,31.778575089697593,3.9633333333333334,5.1066666666666665,0.712468193384224,99.23333333333333,19.99740636507711,-1.3998657636354832,3.6450079239302693,3,Medium,Profitability,"Review costs, pricing and product profitability","Profitability | Review costs, pricing and product profitability"
OUT0204,Franchise Outlet 0204,Franchise,Visakhapatnam,Andhra Pradesh,South,1009750.74,215514.38,21.343324789244523,13.91947411668036,847.0,114.52184179456906,2.7566666666666664,8.633333333333333,0.5868544600938966,99.36666666666667,2.3426639394399023,8.663170282009348,4.924242424242424,3,Medium,Customer Satisfaction,Review service quality and customer experience,Customer Satisfaction | Review service quality and customer experience
OUT0231,Franchise Outlet 0231,Franchise,Kochi,Kerala,South,1434796.75,225904.74,15.744720637260992,14.274726965082296,1856.0,43.64224137931035,3.186666666666667,9.396666666666667,3.3333333333333335,96.56666666666666,27.754127003875006,363.49339948306067,17.52212389380531,3,Medium,Customer Complaints,Investigate complaint drivers and service bottlenecks,Customer Complaints | Investigate complaint drivers and service bottlenecks
OUT0336,Franchise Outlet 0336,Franchise,Lucknow,Uttar Pradesh,North,1315034.47,244731.71000000002,18.610288595705025,20.432283655792116,2524.0,24.56418383518225,4.003333333333333,6.616666666666667,2.1326095385808452,97.8,0.27102242764087253,-32.29632246252695,2.1517553793884483,3,Medium,Profitability,"Review costs, pricing and product profitability","Profitability | Review costs, pricing and product profitability"
OUT0404,Franchise Outlet 0404,Franchise,Nagpur,Maharashtra,West,1592042.61,247166.43,15.52511399176684,19.89117291414752,987.0,92.19858156028369,2.5566666666666666,10.603333333333333,0.5040322580645161,99.5,8.031464680315702,71.04183436967463,8.176100628930817,3,Medium,Customer Satisfaction,Review service quality and customer experience,Customer Satisfaction | Review service quality and customer experience
OUT0645,Franchise Outlet 0645,Franchise,Nashik,Maharashtra,West,1313593.92,259882.64,19.78409278873642,21.207970112079703,1703.0,52.260716382853786,3.0500000000000003,7.25,2.3509174311926606,97.63333333333333,-11.413662240901887,-1.9979204164725421,-10.535117056856187,3,Medium,Sales Decline,Investigate declining demand and outlet sales drivers,Sales Decline | Investigate declining demand and outlet sales drivers
OUT0570,Franchise Outlet 0570,Franchise,Siliguri,West Bengal,East,2043481.43,261174.57,12.78086339155037,24.544444444444444,2209.0,21.729289271163424,3.823333333333333,8.32,1.3839285714285714,98.60000000000001,-9.124686770195256,-19.135042623092062,-0.13793103448275862,3,Medium,Profitability,"Review costs, pricing and product profitability","Profitability | Review costs, pricing and product profitability"
OUT0442,Franchise Outlet 0442,Franchise,Vijayawada,Andhra Pradesh,South,1368894.26,273927.49,20.010858252850003,13.444588083206016,2288.0,37.150349650349646,2.6633333333333336,9.806666666666667,0.391815411406182,99.59999999999998,5.731225679536644,145.46488229742386,-4.129032258064516,3,Medium,Customer Satisfaction,Review service quality and customer experience,Customer Satisfaction | Review service quality and customer experience
OUT0302,Franchise Outlet 0302,Franchise,Amritsar,Punjab,North,1632833.03,276032.76,16.905143081286152,11.55440414507772,1338.0,59.79073243647235,2.796666666666667,8.790000000000001,0.815418828762046,99.2,11.603612892038381,43.179148349823976,11.883408071748878,3,Medium,Customer Satisfaction,Review service quality and customer experience,Customer Satisfaction | Review service quality and customer experience
OUT0121,Franchise Outlet 0121,Company-Owned,Ludhiana,Punjab,North,1679997.36,278195.16,16.559261735982727,12.787843366452368,1094.0,80.43875685557587,2.7266666666666666,9.543333333333335,2.234137622877569,97.63333333333333,-8.579348374891103,48.13718848200467,-8.91891891891892,3,Medium,Customer Satisfaction,Review service quality and customer experience,Customer Satisfaction | Review service quality and customer experience
OUT0621,Franchise Outlet 0621,Franchise,Kochi,Kerala,South,1657793.27,280166.99,16.899995618874723,24.568790995222283,3034.0,18.127883981542517,3.5866666666666664,7.023333333333333,3.7131069501745473,96.2,-1.5490958766879634,-22.85230722395104,-3.3542976939203357,3,Medium,Profitability,"Review costs, pricing and product profitability","Profitability | Review costs, pricing and product profitability"
OUT0453,Franchise Outlet 0453,Franchise,Chandigarh,Chandigarh,North,1729178.62,283179.76,16.376547611952315,17.73620972146368,1299.0,49.26866820631255,3.706666666666667,5.553333333333334,3.84900074019245,96.06666666666666,9.926481881323863,106.76701533668724,5.829596412556054,3,Medium,Customer Complaints,Investigate complaint drivers and service bottlenecks,Customer Complaints | Investigate complaint drivers and service bottlenecks
OUT0609,Franchise Outlet 0609,Franchise,Mumbai,Maharashtra,West,2280310.63,283912.78,12.450618624709039,24.53613957352534,1772.0,35.55304740406321,3.13,4.34,0.672645739910314,99.33333333333333,1.6831893441844987,-47.18329171275841,2.2033898305084745,3,Medium,Profitability,"Review costs, pricing and product profitability","Profitability | Review costs, pricing and product profitability"
OUT0002,Franchise Outlet 0002,Franchise,Amritsar,Punjab,North,2001307.03,285069.86,14.244184211954725,26.179949814792685,2191.0,27.841168416248287,3.1633333333333336,8.770000000000001,0.6799637352674524,99.33333333333333,-2.2128359719117103,13.77634536349969,-1.7241379310344827,3,Medium,Profitability,"Review costs, pricing and product profitability","Profitability | Review costs, pricing and product profitability"
OUT0101,Franchise Outlet 0101,Franchise,Ahmedabad,Gujarat,West,2382314.37,287567.13,12.070914469613008,32.13427510376465,4413.0,12.689780194878766,4.256666666666667,7.256666666666668,3.477690288713911,96.46666666666665,-3.9250734707782438,50.19417421613597,-5.955678670360111,3,Medium,Profitability,"Review costs, pricing and product profitability","Profitability | Review costs, pricing and product profitability"
OUT0430,Franchise Outlet 0430,Franchise,Pune,Maharashtra,West,1519861.54,289600.33999999997,19.05438965183631,15.712733200507154,1735.0,44.956772334293944,3.1333333333333333,10.613333333333333,1.9702584651969084,98.0,5.885299986892031,19.245160403006373,6.547619047619048,3,Medium,Customer Complaints,Investigate complaint drivers and service bottlenecks,Customer Complaints | Investigate complaint drivers and service bottlenecks
OUT0455,Franchise Outlet 0455,Franchise,Jaipur,Rajasthan,North,2785555.9699999997,308427.22,11.072375616275986,25.68702685886135,2477.0,23.41542188130803,3.78,3.8166666666666664,2.249408050513023,97.66666666666667,23.589041554316818,-65.37485461951857,20.416124837451235,3,Medium,Profitability,"Review costs, pricing and product profitability","Profitability | Review costs, pricing and product profitability"
OUT0150,Franchise Outlet 0150,Franchise,Siliguri,West Bengal,East,2117500.23,322488.49,15.229679101380784,14.229480737018427,1699.0,54.738081224249555,2.7866666666666666,9.540000000000001,1.905311778290993,98.0,26.370714112289996,11.177773504932317,10.81081081081081,3,Medium,Customer Satisfaction,Review service quality and customer experience,Customer Satisfaction | Review service quality and customer experience
OUT0380,Franchise Outlet 0380,Franchise,Coimbatore,Tamil Nadu,South,2582318.94,328704.15,12.729029900543582,20.648493057907213,2439.0,10.25010250102501,4.22,6.1499999999999995,2.5179856115107913,97.43333333333334,14.512721875328403,160.9814877575122,12.4822695035461,3,Medium,Profitability,"Review costs, pricing and product profitability","Profitability | Review costs, pricing and product profitability"
OUT0052,Franchise Outlet 0052,Franchise,Vijayawada,Andhra Pradesh,South,1842993.96,331177.16000000003,17.969519552847586,27.815945039143635,3482.0,21.826536473291213,3.1966666666666668,7.23,1.135718341851221,98.86666666666667,-10.491461704339912,62.19943114799796,-13.612167300380229,3,Medium,Sales Decline,Investigate declining demand and outlet sales drivers,Sales Decline | Investigate declining demand and outlet sales drivers
OUT0689,Franchise Outlet 0689,Franchise,Ranchi,Jharkhand,East,1880588.17,335982.88,17.865840345044816,18.85145482388974,1231.0,58.48903330625508,3.5366666666666666,9.753333333333332,0.5654281098546041,99.43333333333334,11.758957686254545,-50.80324842468066,-2.682926829268293,3,Medium,Profitability,"Review costs, pricing and product profitability","Profitability | Review costs, pricing and product profitability"
OUT0188,Franchise Outlet 0188,Franchise,Jammu,Jammu & Kashmir,North,2035577.35,339567.39,16.681625485762062,18.862773029439698,1589.0,52.23410950283197,2.9499999999999997,8.92,2.575107296137339,97.33333333333333,1.0058803684055884,10.86029330675482,8.317214700193423,3,Medium,Customer Satisfaction,Review service quality and customer experience,Customer Satisfaction | Review service quality and customer experience
OUT0371,Franchise Outlet 0371,Franchise,Ahmedabad,Gujarat,West,2274386.2199999997,340322.70999999996,14.96327699347387,36.98895342216149,3248.0,14.778325123152708,3.93,6.06,2.696225284601558,97.16666666666667,-1.6742538352255802,-85.32177854870795,3.445149592021759,3,Medium,Profitability,"Review costs, pricing and product profitability","Profitability | Review costs, pricing and product profitability"
OUT0613,Franchise Outlet 0613,Franchise,Indore,Madhya Pradesh,West,2308718.55,341212.08,14.779284378340533,25.268817204301076,5123.0,9.564708178801483,4.22,6.243333333333333,3.2483474976392825,96.63333333333333,0.3429986436625313,-57.91223580682148,4.98812351543943,3,Medium,Profitability,"Review costs, pricing and product profitability","Profitability | Review costs, pricing and product profitability"
OUT0047,Franchise Outlet 0047,Franchise,Bengaluru,Karnataka,South,2549329.46,347141.19,13.616960673258763,26.591511936339522,2807.0,19.593872461702887,3.483333333333333,9.68,0.5315379163713678,99.46666666666665,-2.3315146483570612,156.88421854023642,-8.244111349036402,3,Medium,Profitability,"Review costs, pricing and product profitability","Profitability | Review costs, pricing and product profitability"
OUT0649,Franchise Outlet 0649,Franchise,Chennai,Tamil Nadu,South,3041563.28,347836.47,11.436108276530744,17.788301453993856,4808.0,15.806988352745424,3.296666666666667,8.33,0.8455351618890492,99.13333333333333,22.13735582661131,226.49482419978062,30.23255813953488,3,Medium,Profitability,"Review costs, pricing and product profitability","Profitability | Review costs, pricing and product profitability"
OUT0090,Franchise Outlet 0090,Franchise,Siliguri,West Bengal,East,1938418.17,351704.95,18.1439152523008,24.049134231167677,3250.0,27.384615384615387,2.85,11.323333333333332,2.4024024024024024,97.53333333333335,1.7371986646743387,38.369893728360424,-0.6903353057199211,3,Medium,Customer Satisfaction,Review service quality and customer experience,Customer Satisfaction | Review service quality and customer experience
OUT0114,Franchise Outlet 0114,Company-Owned,Visakhapatnam,Andhra Pradesh,South,1796357.64,352180.38,19.60524854059685,23.961937716262977,1662.0,36.702767749699156,3.76,6.8999999999999995,0.7168458781362007,99.23333333333333,-22.022419886346174,9.421845860161481,-21.712538226299692,3,Medium,Sales Decline,Investigate declining demand and outlet sales drivers,Sales Decline | Investigate declining demand and outlet sales drivers
OUT0410,Franchise Outlet 0410,Franchise,Coimbatore,Tamil Nadu,South,2226714.38,363908.1,16.34282794724665,23.548587395218874,3034.0,27.356624917600527,2.9466666666666668,11.363333333333335,1.653160453808752,98.33333333333333,14.851917196174972,14.332585645700288,5.88235294117647,3,Medium,Customer Satisfaction,Review service quality and customer experience,Customer Satisfaction | Review service quality and customer experience
OUT0676,Franchise Outlet 0676,Franchise,Vadodara,Gujarat,West,2645454.63,370051.08999999997,13.988185085600957,26.445139911634758,2873.0,17.05534284719805,4.43,4.16,3.945168839852892,95.8,27.595372396068456,84.06755390530788,20.607375271149674,3,Medium,Profitability,"Review costs, pricing and product profitability","Profitability | Review costs, pricing and product profitability"
OUT0392,Franchise Outlet 0392,Franchise,Amritsar,Punjab,North,1668166.6,375071.6,22.48406124424263,19.322911849042644,2089.0,45.95500239348971,2.606666666666667,10.9,0.6184586108468125,99.39999999999999,0.9556830790144935,-6.06009665640694,-0.5610098176718092,3,Medium,Customer Satisfaction,Review service quality and customer experience,Customer Satisfaction | Review service quality and customer experience
OUT0243,Franchise Outlet 0243,Company-Owned,Chandigarh,Chandigarh,North,2948767.2,379446.94,12.867985644984115,22.17371323529412,3860.0,17.875647668393782,3.453333333333333,9.053333333333333,2.525252525252525,97.43333333333334,-5.024174405510845,39.818157579792974,-2.1671826625387,3,Medium,Profitability,"Review costs, pricing and product profitability","Profitability | Review costs, pricing and product profitability"
OUT0541,Franchise Outlet 0541,Franchise,Ludhiana,Punjab,North,3699718.9,393252.26999999996,10.629247265244935,22.66228630528685,3725.0,14.228187919463087,3.69,6.4433333333333325,3.1964656964656966,96.73333333333333,29.675099269402683,-7.100688030337375,27.643784786641927,3,Medium,Profitability,"Review costs, pricing and product profitability","Profitability | Review costs, pricing and product profitability"
OUT0089,Franchise Outlet 0089,Company-Owned,Ranchi,Jharkhand,East,2098271.79,397801.04,18.958508706824865,17.414881322784247,1959.0,42.87901990811638,2.9499999999999997,7.593333333333334,0.8101265822784811,99.16666666666667,-3.6492628882119633,124.12944759519533,1.7054263565891472,3,Medium,Customer Satisfaction,Review service quality and customer experience,Customer Satisfaction | Review service quality and customer experience
OUT0007,Franchise Outlet 0007,Franchise,Dehradun,Uttarakhand,North,2306049.89,403118.93,17.480928393964625,21.708099438652766,2707.0,19.57886959734023,4.1866666666666665,3.2266666666666666,0.6969919295671314,99.3,6.066395020264519,-49.83515600136419,13.198573127229487,3,Medium,Profitability,"Review costs, pricing and product profitability","Profitability | Review costs, pricing and product profitability"
OUT0399,Franchise Outlet 0399,Franchise,Mumbai,Maharashtra,West,1827725.22,405265.69000000006,22.17322853377271,16.301437778879524,1644.0,62.043795620437955,2.766666666666667,9.863333333333333,0.4239854633555421,99.56666666666666,1.9187394555383308,19.820681081275644,-2.2304832713754648,3,Medium,Customer Satisfaction,Review service quality and customer experience,Customer Satisfaction | Review service quality and customer experience
OUT0057,Franchise Outlet 0057,Franchise,Guwahati,Assam,East,2830491.21,417862.24,14.762887746258007,17.957161674589084,6271.0,10.365173018657313,3.3066666666666666,6.523333333333333,0.6652938381118327,99.33333333333333,3.808493910249576,13.944223368833807,7.746835443037975,3,Medium,Profitability,"Review costs, pricing and product profitability","Profitability | Review costs, pricing and product profitability"
OUT0494,Franchise Outlet 0494,Franchise,Nagpur,Maharashtra,West,2888779.6799999997,451744.98,15.637917392163326,11.42384105960265,2070.0,40.57971014492753,2.8766666666666665,9.17,1.0043041606886656,99.0,-3.0597038590338017,140.4133150194269,-2.0260492040520983,3,Medium,Customer Satisfaction,Review service quality and customer experience,Customer Satisfaction | Review service quality and customer experience
OUT0733,Franchise Outlet 0733,Franchise,Indore,Madhya Pradesh,West,2592272.39,461595.55000000005,17.80659902025188,22.515673594313075,4561.0,12.278009208506905,3.9800000000000004,5.6000000000000005,2.791986359761296,97.2,-16.994964945144744,38.606212231315865,-14.949374627754617,3,Medium,Sales Decline,Investigate declining demand and outlet sales drivers,Sales Decline | Investigate declining demand and outlet sales drivers
OUT0510,Franchise Outlet 0510,Franchise,Siliguri,West Bengal,East,3306839.41,466154.4,14.096674866954,28.67820069204152,2072.0,26.06177606177606,4.283333333333334,6.853333333333333,1.7077798861480076,98.23333333333335,-7.053779744593731,94.79318001416954,-6.181318681318682,3,Medium,Profitability,"Review costs, pricing and product profitability","Profitability | Review costs, pricing and product profitability"
OUT0643,Franchise Outlet 0643,Franchise,Indore,Madhya Pradesh,West,5044404.24,475189.33999999997,9.42012807443045,23.244865532866474,7900.0,7.341772151898734,3.8800000000000003,3.4466666666666668,2.769230769230769,97.06666666666666,-1.4810357012032003,23.188505124649357,-8.207261724659606,3,Medium,Profitability,"Review costs, pricing and product profitability","Profitability | Review costs, pricing and product profitability"
OUT0727,Franchise Outlet 0727,Franchise,Dehradun,Uttarakhand,North,2456965.77,478549.42,19.47725222073403,15.384615384615385,1876.0,47.44136460554371,2.8833333333333333,7.390000000000001,0.5302226935312832,99.46666666666665,13.567593743985107,92.92822302431925,13.028169014084506,3,Medium,Customer Satisfaction,Review service quality and customer experience,Customer Satisfaction | Review service quality and customer experience
OUT0180,Franchise Outlet 0180,Franchise,Siliguri,West Bengal,East,3221793.49,497337.74,15.436673441164597,22.985429675884628,2319.0,24.579560155239328,3.765,8.956666666666667,1.6956337431114878,98.26666666666667,-6.408695841370937,-43.777180676200516,-8.074534161490684,3,Medium,Profitability,"Review costs, pricing and product profitability","Profitability | Review costs, pricing and product profitability"
OUT0084,Franchise Outlet 0084,Franchise,Visakhapatnam,Andhra Pradesh,South,3421544.88,497719.49,14.546630468281336,19.17432672149653,2378.0,38.26745164003364,3.1366666666666667,9.126666666666667,0.7098121085594989,99.3,13.751626012621914,12.595662489263656,22.160664819944596,3,Medium,Profitability,"Review costs, pricing and product profitability","Profitability | Review costs, pricing and product profitability"
OUT0014,Franchise Outlet 0014,Franchise,Nagpur,Maharashtra,West,4254627.6899999995,499070.76999999996,11.730069147366454,19.996748496179485,2460.0,32.520325203252035,3.516666666666667,8.776666666666666,0.7664380798709157,99.23333333333333,-7.201164305189989,7456.1945375441655,2.0606060606060606,3,Medium,Profitability,"Review costs, pricing and product profitability","Profitability | Review costs, pricing and product profitability"
OUT0117,Franchise Outlet 0117,Franchise,Guwahati,Assam,East,2621561.68,499286.17000000004,19.045371841108082,21.004454750717034,3442.0,31.667635095874488,2.97,10.493333333333332,0.7210845111047015,99.26666666666667,15.011386807382184,56.49920770687111,16.933207902163687,3,Medium,Customer Satisfaction,Review service quality and customer experience,Customer Satisfaction | Review service quality and customer experience
OUT0744,Franchise Outlet 0744,Franchise,Visakhapatnam,Andhra Pradesh,South,2236834.9699999997,506055.41000000003,22.623725790553074,29.41106484235574,2472.0,28.72168284789644,3.28,8.41,0.8025682182985553,99.23333333333333,2.042691886218588,-22.269102082365603,5.314009661835748,3,Medium,Profitability,"Review costs, pricing and product profitability","Profitability | Review costs, pricing and product profitability"
OUT0216,Franchise Outlet 0216,Franchise,Lucknow,Uttar Pradesh,North,2924821.77,508428.63,17.383234603043864,32.381118272078034,3718.0,15.330823023130714,3.66,6.653333333333333,3.3783783783783785,96.46666666666665,12.8601173229227,-20.314749302584037,12.572373862696443,3,Medium,Profitability,"Review costs, pricing and product profitability","Profitability | Review costs, pricing and product profitability"
OUT0273,Franchise Outlet 0273,Company-Owned,Chandigarh,Chandigarh,North,2986391.48,517547.98,17.330212179683823,19.279917918104655,2067.0,28.059990324141268,3.52,11.216666666666667,3.139643861293346,96.86666666666667,-7.975563826499695,-4.154153522914903,-7.782672540381791,3,Medium,Customer Complaints,Investigate complaint drivers and service bottlenecks,Customer Complaints | Investigate complaint drivers and service bottlenecks
OUT0655,Franchise Outlet 0655,Franchise,Kolkata,West Bengal,East,4167250.91,522022.20000000007,12.526776315467888,20.18251273344652,6657.0,8.261979870812677,4.050000000000001,4.873333333333333,2.447245017584994,97.46666666666665,5.570303307393141,822.4059601330686,10.736639383726528,3,Medium,Profitability,"Review costs, pricing and product profitability","Profitability | Review costs, pricing and product profitability"
OUT0135,Franchise Outlet 0135,Franchise,Nashik,Maharashtra,West,2995271.71,525412.1699999999,17.54138591987703,20.324728419577152,1740.0,50.57471264367816,2.9266666666666663,10.59,1.9165727170236753,98.03333333333335,-7.083921518954009,60.18519314252079,-7.086614173228346,3,Medium,Customer Satisfaction,Review service quality and customer experience,Customer Satisfaction | Review service quality and customer experience
OUT0657,Franchise Outlet 0657,Franchise,Guwahati,Assam,East,3903228.0,526284.22,13.483307149876971,22.867101690106594,5642.0,16.129032258064516,3.0700000000000003,12.290000000000001,0.47627447521608746,99.5,17.34066946739491,-40.0763709374676,12.213740458015266,3,Medium,Profitability,"Review costs, pricing and product profitability","Profitability | Review costs, pricing and product profitability"
OUT0398,Franchise Outlet 0398,Franchise,Jammu,Jammu & Kashmir,North,3130762.3,541097.3200000001,17.28324504226974,32.305882352941175,5492.0,9.468317552804079,4.146666666666667,6.0633333333333335,3.564530289727831,96.33333333333333,-7.558299064241276,-41.04581749079772,-6.200735680504467,3,Medium,Profitability,"Review costs, pricing and product profitability","Profitability | Review costs, pricing and product profitability"
OUT0618,Franchise Outlet 0618,Franchise,Hyderabad,Telangana,South,4199777.17,546992.16,13.02431385901362,31.3901921717334,4884.0,16.584766584766584,3.543333333333333,8.903333333333334,2.5149700598802394,97.43333333333334,20.12027371808331,69.7191375877693,11.713520749665328,3,Medium,Profitability,"Review costs, pricing and product profitability","Profitability | Review costs, pricing and product profitability"
OUT0409,Franchise Outlet 0409,Franchise,Chennai,Tamil Nadu,South,2332068.3200000003,556198.1799999999,23.849995097913766,20.90626533616882,1278.0,56.33802816901409,3.22,9.69,0.7763975155279503,99.23333333333333,-9.1091183233273,-42.58914425153581,-10.31390134529148,3,Medium,Profitability,"Review costs, pricing and product profitability","Profitability | Review costs, pricing and product profitability"
OUT0403,Franchise Outlet 0403,Franchise,Indore,Madhya Pradesh,West,3188338.87,572065.35,17.94242623902772,21.181392710253867,2987.0,27.11750920656177,2.8866666666666667,9.653333333333334,2.7352653858677956,97.2,-6.813835670273308,-4.898356443712146,-2.9145728643216082,3,Medium,Customer Satisfaction,Review service quality and customer experience,Customer Satisfaction | Review service quality and customer experience
OUT0078,Franchise Outlet 0078,Franchise,Hyderabad,Telangana,South,2886227.04,573806.48,19.880850399073246,25.65214576995275,3963.0,25.738077214231645,2.823333333333333,8.486666666666666,3.553175955220248,96.3,16.336451575807306,-7.313215639591486,5.761940864291129,3,Medium,Customer Satisfaction,Review service quality and customer experience,Customer Satisfaction | Review service quality and customer experience
OUT0622,Franchise Outlet 0622,Franchise,Vijayawada,Andhra Pradesh,South,2520679.9699999997,607883.87,24.115868624131608,17.16212365846709,1807.0,37.63143331488655,3.0400000000000005,10.473333333333334,1.0946907498631637,98.86666666666667,6.4478387056051885,71.25425461402651,1.4516129032258065,3,Medium,Customer Complaints,Investigate complaint drivers and service bottlenecks,Customer Complaints | Investigate complaint drivers and service bottlenecks
OUT0365,Franchise Outlet 0365,Company-Owned,Jaipur,Rajasthan,North,3546173.37,621367.66,17.522201967243355,10.662723080008021,2127.0,40.43253408556652,2.936666666666667,9.966666666666667,2.071823204419889,97.86666666666667,14.988956946980316,-6.144187113250219,13.980028530670472,3,Medium,Customer Satisfaction,Review service quality and customer experience,Customer Satisfaction | Review service quality and customer experience
OUT0263,Franchise Outlet 0263,Franchise,Mysuru,Karnataka,South,3288840.67,625664.15,19.023851039886345,18.736492103075644,3381.0,25.436261461106184,3.263333333333333,10.093333333333334,3.0398623458560365,96.86666666666667,9.05151427841308,17.567025819535445,2.5247971145175834,3,Medium,Customer Complaints,Investigate complaint drivers and service bottlenecks,Customer Complaints | Investigate complaint drivers and service bottlenecks
OUT0066,Franchise Outlet 0066,Franchise,Lucknow,Uttar Pradesh,North,3540582.54,672890.94,19.005091179148163,18.038838067725887,2248.0,24.91103202846975,3.9066666666666663,7.753333333333333,2.472885032537961,97.5,-6.731116150305294,40.50604036323536,-14.23487544483986,3,Medium,Customer Complaints,Investigate complaint drivers and service bottlenecks,Customer Complaints | Investigate complaint drivers and service bottlenecks
OUT0154,Franchise Outlet 0154,Franchise,Delhi,Delhi,North,4144717.5599999996,680099.5700000001,16.408827867151462,18.834502205191235,2605.0,29.942418426103647,2.703333333333333,10.603333333333333,0.6104540251812286,99.36666666666667,-4.006199074346648,13.62829987302582,-3.459821428571429,3,Medium,Customer Satisfaction,Review service quality and customer experience,Customer Satisfaction | Review service quality and customer experience
OUT0564,Franchise Outlet 0564,Franchise,Visakhapatnam,Andhra Pradesh,South,4034728.11,682773.6100000001,16.92241933992425,14.015662975965434,2595.0,33.52601156069364,2.6333333333333333,6.31,0.6127920337035618,99.36666666666667,14.663415574616106,235.74809201952212,8.082026537997587,3,Medium,Customer Satisfaction,Review service quality and customer experience,Customer Satisfaction | Review service quality and customer experience
OUT0155,Franchise Outlet 0155,Franchise,Jaipur,Rajasthan,North,4054966.1,684938.52,16.891350090448352,18.141119495438677,6443.0,11.330125717833306,3.3666666666666667,9.87,1.9628727936701156,98.0,19.41902167336119,-74.21346344614844,6.587677725118484,3,Medium,Profitability,"Review costs, pricing and product profitability","Profitability | Review costs, pricing and product profitability"
OUT0696,Franchise Outlet 0696,Franchise,Lucknow,Uttar Pradesh,North,4383568.68,694238.74,15.837295835410522,18.22626136007521,2908.0,36.45116918844567,3.0866666666666664,9.450000000000001,2.8399599064483794,97.06666666666666,-4.492302344238054,127.79389386758386,-6.391347099311701,3,Medium,Customer Complaints,Investigate complaint drivers and service bottlenecks,Customer Complaints | Investigate complaint drivers and service bottlenecks
OUT0141,Franchise Outlet 0141,Franchise,Kochi,Kerala,South,4107075.27,697788.6200000001,16.989915551267707,22.296000415002336,4298.0,17.2173103769195,3.0233333333333334,8.906666666666666,3.589053387169134,96.3,3.096076948887465,-34.25468572136421,11.34173461823573,3,Medium,Profitability,"Review costs, pricing and product profitability","Profitability | Review costs, pricing and product profitability"
OUT0406,Franchise Outlet 0406,Franchise,Vadodara,Gujarat,West,5200964.13,698075.01,13.422030849499436,22.472253901143223,8079.0,6.931550934521598,4.1499999999999995,7.733333333333333,3.372802296376032,96.46666666666665,18.37503735316241,151.7601469490048,9.890524726311815,3,Medium,Profitability,"Review costs, pricing and product profitability","Profitability | Review costs, pricing and product profitability"
OUT0337,Franchise Outlet 0337,Franchise,Dehradun,Uttarakhand,North,3354140.42,704929.46,21.01669494206805,24.049357844371695,1910.0,49.738219895287955,2.9933333333333336,11.813333333333333,0.6243496357960457,99.39999999999999,40.60045530148004,5.967718119376078,31.716417910447763,3,Medium,Customer Satisfaction,Review service quality and customer experience,Customer Satisfaction | Review service quality and customer experience
OUT0557,Franchise Outlet 0557,Franchise,Bengaluru,Karnataka,South,3021575.0,714539.8,23.647925336951754,11.880846363604984,3442.0,24.985473561882625,2.47,8.916666666666666,0.6351039260969976,99.36666666666667,17.404894965447184,144.50721513691988,14.660194174757283,3,Medium,Customer Satisfaction,Review service quality and customer experience,Customer Satisfaction | Review service quality and customer experience
OUT0651,Franchise Outlet 0651,Franchise,Kochi,Kerala,South,3472124.74,720688.65,20.756415853884327,24.861640965020687,4627.0,12.102874432677762,4.2700000000000005,4.386666666666667,3.6041666666666665,96.26666666666667,17.501967344555272,-50.62011363084543,10.762032085561497,3,Medium,Profitability,"Review costs, pricing and product profitability","Profitability | Review costs, pricing and product profitability"
OUT0673,Franchise Outlet 0673,Franchise,Indore,Madhya Pradesh,West,5144632.09,729262.6,14.17521383924657,21.07091651042241,3821.0,17.272965192358022,3.83,8.183333333333332,2.748791040977348,97.2,-1.2149201883782699,662.5674396236907,-4.205607476635514,3,Medium,Profitability,"Review costs, pricing and product profitability","Profitability | Review costs, pricing and product profitability"
OUT0331,Franchise Outlet 0331,Company-Owned,Ludhiana,Punjab,North,6420274.050000001,738619.1100000001,11.504479470000193,19.373758832494342,4195.0,9.296781883194278,3.733333333333333,6.173333333333333,3.8064664067874343,96.03333333333335,23.97043104340191,-36.80160221534202,7.52851711026616,3,Medium,Profitability,"Review costs, pricing and product profitability","Profitability | Review costs, pricing and product profitability"
OUT0446,Franchise Outlet 0446,Franchise,Bhubaneswar,Odisha,East,3863123.0599999996,744807.82,19.279940308191996,28.63991081382386,2569.0,16.738030362008562,3.94,6.91,3.3483822422874345,96.56666666666666,-2.8022800568087773,-14.214956105054632,-1.6260162601626018,3,Medium,Profitability,"Review costs, pricing and product profitability","Profitability | Review costs, pricing and product profitability"
OUT0694,Franchise Outlet 0694,Company-Owned,Delhi,Delhi,North,4180358.69,744903.86,17.819137429089846,18.20073393107101,4811.0,10.60070671378092,3.89,4.476666666666667,0.5786319487497417,99.43333333333334,24.975979927643518,-28.601434773609526,20.369104579630896,3,Medium,Profitability,"Review costs, pricing and product profitability","Profitability | Review costs, pricing and product profitability"
OUT0362,Franchise Outlet 0362,Company-Owned,Amritsar,Punjab,North,4343228.21,758290.02,17.459133698157668,16.580025686502356,2711.0,36.51789007746219,3.3833333333333333,11.016666666666666,0.9861212563915266,99.0,-9.014754936040397,12.251727844238996,-7.815845824411134,3,Medium,Customer Complaints,Investigate complaint drivers and service bottlenecks,Customer Complaints | Investigate complaint drivers and service bottlenecks
OUT0545,Franchise Outlet 0545,Franchise,Jaipur,Rajasthan,North,5338178.35,759356.97,14.225020600894686,17.913614346903646,4475.0,18.547486033519554,3.8033333333333332,5.786666666666666,1.7347386912604303,98.26666666666667,10.555276780639224,10.939559978121586,-3.1620553359683794,3,Medium,Profitability,"Review costs, pricing and product profitability","Profitability | Review costs, pricing and product profitability"
OUT0206,Franchise Outlet 0206,Franchise,Bhubaneswar,Odisha,East,4711863.4399999995,771198.3,16.367161523679474,23.423158822233646,9570.0,5.851619644723093,3.91,7.773333333333333,2.8130395044175893,97.26666666666667,-16.573843429059288,8.475779578442328,-17.737430167597765,3,Medium,Sales Decline,Investigate declining demand and outlet sales drivers,Sales Decline | Investigate declining demand and outlet sales drivers
OUT0692,Franchise Outlet 0692,Franchise,Amritsar,Punjab,North,3955570.76,771988.34,19.51648413944692,22.23504520100019,3468.0,28.546712802768166,3.143333333333333,6.330000000000001,0.9142857142857144,99.10000000000001,102.3566154388092,-15.271363004678765,92.5233644859813,3,Medium,Profitability,"Review costs, pricing and product profitability","Profitability | Review costs, pricing and product profitability"
OUT0341,Franchise Outlet 0341,Franchise,Ahmedabad,Gujarat,West,6078585.06,772521.09,12.708896599696509,22.533733133433284,4509.0,15.08094921268574,3.766666666666667,4.956666666666667,2.9696578437701744,96.89999999999999,-0.5767116722364132,23.985516110703603,-6.7149440421329825,3,Medium,Profitability,"Review costs, pricing and product profitability","Profitability | Review costs, pricing and product profitability"
OUT0742,Franchise Outlet 0742,Franchise,Vijayawada,Andhra Pradesh,South,4268681.73,789082.36,18.48538752501466,13.234109613027492,3779.0,19.05265943371262,3.4166666666666665,7.44,0.5526315789473684,99.43333333333334,-10.355677203602555,44.2286834114461,-9.262166405023548,3,Medium,Sales Decline,Investigate declining demand and outlet sales drivers,Sales Decline | Investigate declining demand and outlet sales drivers
OUT0691,Franchise Outlet 0691,Company-Owned,Ludhiana,Punjab,North,6819522.9399999995,810810.41,11.88954736473106,19.252748985141686,4885.0,16.990788126919142,3.2900000000000005,10.049999999999999,4.384419651595224,95.43333333333334,4.3802535581803985,240.13673682538536,1.1428571428571428,3,Medium,Profitability,"Review costs, pricing and product profitability","Profitability | Review costs, pricing and product profitability"
OUT0016,Franchise Outlet 0016,Franchise,Vadodara,Gujarat,West,8159731.32,815401.0800000001,9.992989327986844,25.26385224274406,4596.0,12.837249782419496,3.853333333333333,6.933333333333333,2.963970277797773,96.93333333333334,15.346776659859993,34.10165131618853,-100.0,3,Medium,Profitability,"Review costs, pricing and product profitability","Profitability | Review costs, pricing and product profitability"
OUT0414,Franchise Outlet 0414,Franchise,Visakhapatnam,Andhra Pradesh,South,4632099.29,816186.95,17.62023866288928,14.400206825232678,3899.0,22.569889715311618,2.973333333333333,9.299999999999999,0.7130124777183601,99.3,31.983206745502063,123.87365325263222,24.873096446700508,3,Medium,Customer Satisfaction,Review service quality and customer experience,Customer Satisfaction | Review service quality and customer experience
OUT0635,Franchise Outlet 0635,Franchise,Jaipur,Rajasthan,North,4707296.3,853615.34,18.133877402193697,20.683248426730596,3451.0,21.732831063459866,3.4166666666666665,6.890000000000001,1.960227272727273,97.93333333333334,7.2533466462553084,-68.59526807457868,0.7421150278293136,3,Medium,Profitability,"Review costs, pricing and product profitability","Profitability | Review costs, pricing and product profitability"
OUT0556,Franchise Outlet 0556,Franchise,Vadodara,Gujarat,West,6612539.54,860977.7,13.020378854324399,53.624260355029584,7975.0,6.896551724137931,3.6466666666666665,9.44,3.3333333333333335,96.53333333333335,5.60280475957753,-55.747951506637314,1.7437452615617892,3,Medium,Profitability,"Review costs, pricing and product profitability","Profitability | Review costs, pricing and product profitability"
OUT0549,Franchise Outlet 0549,Franchise,Mumbai,Maharashtra,West,7714903.970000001,870773.79,11.286903808343839,16.950082281952824,4326.0,18.72399445214979,3.11,8.146666666666667,0.3455425017277125,99.63333333333333,25.075163837858828,72.68529905458958,24.183976261127597,3,Medium,Profitability,"Review costs, pricing and product profitability","Profitability | Review costs, pricing and product profitability"
OUT0087,Franchise Outlet 0087,Franchise,Guwahati,Assam,East,7378743.050000001,880022.65,11.926457447247738,27.67290049400141,6274.0,9.56327701625757,3.5199999999999996,10.31,0.6964229186451408,99.33333333333333,-2.50436076485537,-70.7492012172183,1.6458852867830425,3,Medium,Profitability,"Review costs, pricing and product profitability","Profitability | Review costs, pricing and product profitability"
OUT0373,Franchise Outlet 0373,Franchise,Indore,Madhya Pradesh,West,6508061.38,920129.5700000001,14.138305038542832,21.23529228176399,6804.0,7.348618459729571,3.6933333333333334,8.113333333333335,3.2147937411095304,96.66666666666667,2.7736849175338114,-43.360921306783226,3.1592803861342693,3,Medium,Profitability,"Review costs, pricing and product profitability","Profitability | Review costs, pricing and product profitability"
OUT0013,Franchise Outlet 0013,Franchise,Indore,Madhya Pradesh,West,4528386.76,922098.99,20.362637708975196,27.73066049858648,4316.0,13.206672845227063,3.8833333333333333,6.333333333333333,3.6392051797276177,96.2,-10.55683036653613,-1.6696474791504885,-14.913366336633663,3,Medium,Sales Decline,Investigate declining demand and outlet sales drivers,Sales Decline | Investigate declining demand and outlet sales drivers
OUT0496,Franchise Outlet 0496,Franchise,Vadodara,Gujarat,West,8041705.98,922607.84,11.47278751914777,19.995215638028842,5851.0,8.203725858827552,4.19,5.383333333333333,2.8718459495351922,97.10000000000001,-9.268229104961105,70.97963777385837,-8.806262230919765,3,Medium,Profitability,"Review costs, pricing and product profitability","Profitability | Review costs, pricing and product profitability"
OUT0003,Franchise Outlet 0003,Franchise,Chandigarh,Chandigarh,North,5394832.76,936995.6699999999,17.368391416085345,29.996517095257445,10335.0,5.031446540880503,4.493333333333333,6.5633333333333335,2.7660174992943833,97.10000000000001,-11.255524664825305,168.73258258211945,-6.008010680907877,3,Medium,Sales Decline,Investigate declining demand and outlet sales drivers,Sales Decline | Investigate declining demand and outlet sales drivers
OUT0126,Franchise Outlet 0126,Company-Owned,Lucknow,Uttar Pradesh,North,7116916.27,955619.44,13.427436880608404,19.328620701430864,5660.0,12.367491166077738,3.3800000000000003,8.756666666666666,3.725123320292567,96.06666666666666,-8.857701415086268,-60.54315200026591,-6.234288587229764,3,Medium,Profitability,"Review costs, pricing and product profitability","Profitability | Review costs, pricing and product profitability"
OUT0703,Franchise Outlet 0703,Franchise,Indore,Madhya Pradesh,West,7497027.66,961546.8899999999,12.825708182061046,34.20703872772787,4646.0,13.129573826947912,4.036666666666666,8.033333333333333,3.188164200875182,96.73333333333333,7.113057130860175,-57.18454658278296,1.9192587690271343,3,Medium,Profitability,"Review costs, pricing and product profitability","Profitability | Review costs, pricing and product profitability"
OUT0056,Franchise Outlet 0056,Franchise,Bhubaneswar,Odisha,East,5228991.46,970330.16,18.556736369196518,22.589339189458972,4526.0,25.40874944763588,2.393333333333333,10.273333333333333,2.1405405405405404,97.86666666666667,109.38673897026514,132.22789069744755,98.91500904159132,3,Medium,Customer Satisfaction,Review service quality and customer experience,Customer Satisfaction | Review service quality and customer experience
OUT0530,Franchise Outlet 0530,Franchise,Coimbatore,Tamil Nadu,South,5122700.47,970723.44,18.949447575255167,46.794578955382974,3073.0,19.850309144158803,3.6199999999999997,8.066666666666666,1.348314606741573,98.63333333333333,13.354593811343179,-54.46913562475484,5.273631840796019,3,Medium,Profitability,"Review costs, pricing and product profitability","Profitability | Review costs, pricing and product profitability"
OUT0318,Franchise Outlet 0318,Company-Owned,Hyderabad,Telangana,South,6248927.25,975450.25,15.60988328036624,21.76456151832461,5321.0,14.846833302010902,3.1033333333333335,6.510000000000001,3.570134106560348,96.23333333333333,4.090261117465778,-79.8166969295,0.21551724137931033,3,Medium,Profitability,"Review costs, pricing and product profitability","Profitability | Review costs, pricing and product profitability"
OUT0183,Franchise Outlet 0183,Franchise,Chandigarh,Chandigarh,North,4449286.68,990709.77,22.266710177461526,23.940381928272007,4112.0,18.96887159533074,3.1966666666666668,7.016666666666667,2.9959896201934417,96.86666666666667,-9.212689034101967,-64.70319606915787,1.3071895424836601,3,Medium,Profitability,"Review costs, pricing and product profitability","Profitability | Review costs, pricing and product profitability"
OUT0083,Franchise Outlet 0083,Franchise,Mysuru,Karnataka,South,6112123.029999999,995721.0599999999,16.290919785363027,28.912914104344377,5830.0,7.890222984562607,4.25,6.039999999999999,3.412856196156395,96.5,-18.22483004757509,254.6511799687347,-13.159167876149008,3,Medium,Sales Decline,Investigate declining demand and outlet sales drivers,Sales Decline | Investigate declining demand and outlet sales drivers
OUT0005,Franchise Outlet 0005,Franchise,Jaipur,Rajasthan,North,5408335.74,1041318.9700000001,19.253963142458314,18.350388551204126,4770.0,13.626834381551362,3.223333333333333,9.47,1.7912291537986413,98.13333333333333,9.324535601122761,-28.609115832333814,-1.2734990903577925,3,Medium,Profitability,"Review costs, pricing and product profitability","Profitability | Review costs, pricing and product profitability"
OUT0616,Franchise Outlet 0616,Franchise,Vadodara,Gujarat,West,6865465.279999999,1042828.53,15.189480792188933,18.8659309697112,4821.0,21.3648620618129,2.6833333333333336,9.239999999999998,2.6846992329430766,97.23333333333333,9.475917454911245,116.75378894619996,-0.24968789013732834,3,Medium,Customer Satisfaction,Review service quality and customer experience,Customer Satisfaction | Review service quality and customer experience
OUT0741,Franchise Outlet 0741,Franchise,Kochi,Kerala,South,5631087.04,1056952.02,18.769946415177415,18.224794983116258,3778.0,21.70460561143462,3.0566666666666666,9.153333333333334,3.078501795792714,96.8,0.2535320879696144,25.38152205807972,-4.0669856459330145,3,Medium,Customer Complaints,Investigate complaint drivers and service bottlenecks,Customer Complaints | Investigate complaint drivers and service bottlenecks
OUT0465,Franchise Outlet 0465,Franchise,Nashik,Maharashtra,West,5209583.51,1089340.17,20.910312079823058,20.129939290659284,3780.0,20.634920634920636,3.3666666666666667,9.32,2.072538860103627,97.86666666666667,-8.945759511044205,-18.334779891907672,-3.2388663967611335,3,Medium,Profitability,"Review costs, pricing and product profitability","Profitability | Review costs, pricing and product profitability"
OUT0196,Franchise Outlet 0196,Franchise,Vadodara,Gujarat,West,6578058.7,1117509.06,16.988432468685634,29.52913008778931,9250.0,6.378378378378379,3.3200000000000003,7.703333333333333,2.907525978797103,97.0,2.7698032424351777,-27.519937874333166,0.48622366288492713,3,Medium,Profitability,"Review costs, pricing and product profitability","Profitability | Review costs, pricing and product profitability"
OUT0257,Franchise Outlet 0257,Franchise,Bengaluru,Karnataka,South,5394198.2,1117793.47,20.722143098116046,30.523084960491087,4674.0,14.33461703038083,3.0533333333333332,10.806666666666667,0.8064516129032258,99.16666666666667,-15.13790693495651,33.24105006682854,-12.10462287104623,3,Medium,Sales Decline,Investigate declining demand and outlet sales drivers,Sales Decline | Investigate declining demand and outlet sales drivers
OUT0298,Franchise Outlet 0298,Company-Owned,Patna,Bihar,East,7682727.17,1118377.94,14.557043550461001,29.23026171101825,13291.0,4.288616356933263,3.893333333333333,3.7566666666666664,2.9924823005620027,96.86666666666667,1.5580230001747564,-28.82429470149168,9.496080627099664,3,Medium,Profitability,"Review costs, pricing and product profitability","Profitability | Review costs, pricing and product profitability"
OUT0623,Franchise Outlet 0623,Company-Owned,Mysuru,Karnataka,South,6802047.54,1185635.33,17.43056517949594,20.820569640878578,6389.0,7.043355767725779,3.736666666666667,7.663333333333334,3.3141646489104115,96.56666666666666,-11.447915634241054,54.94175791827328,-2.132591562355123,3,Medium,Sales Decline,Investigate declining demand and outlet sales drivers,Sales Decline | Investigate declining demand and outlet sales drivers
OUT0096,Franchise Outlet 0096,Franchise,Lucknow,Uttar Pradesh,North,7506730.24,1267912.08,16.89033759657254,42.042244478685156,13097.0,4.199434985111094,4.416666666666667,4.296666666666667,3.0426413976902578,96.83333333333333,0.13291606279779974,-73.04666912506163,2.3021904336164507,3,Medium,Profitability,"Review costs, pricing and product profitability","Profitability | Review costs, pricing and product profitability"
OUT0565,Franchise Outlet 0565,Franchise,Kolkata,West Bengal,East,6023248.44,1277112.67,21.203054841948372,16.171549824532768,3963.0,24.47640676255362,2.4766666666666666,9.893333333333333,2.2688039457459928,97.66666666666667,-1.9941836409835125,2.9588360707303987,0.1519756838905775,3,Medium,Customer Satisfaction,Review service quality and customer experience,Customer Satisfaction | Review service quality and customer experience
OUT0123,Franchise Outlet 0123,Company-Owned,Chandigarh,Chandigarh,North,5866302.5600000005,1318909.55,22.4828081489203,22.69357495881384,4408.0,17.92196007259528,3.65,9.193333333333333,3.014301430143014,96.93333333333334,13.140791504984062,-19.245790699440942,1.7482517482517483,3,Medium,Profitability,"Review costs, pricing and product profitability","Profitability | Review costs, pricing and product profitability"
OUT0233,Franchise Outlet 0233,Franchise,Mysuru,Karnataka,South,5685771.76,1344816.12,23.65230573377782,33.88429752066116,3444.0,13.64692218350755,4.41,8.216666666666667,2.931228861330327,96.90000000000002,-11.013572682080666,-6.169921391284169,-14.194065757818766,3,Medium,Sales Decline,Investigate declining demand and outlet sales drivers,Sales Decline | Investigate declining demand and outlet sales drivers
OUT0668,Franchise Outlet 0668,Franchise,Jammu,Jammu & Kashmir,North,6696413.28,1352316.8900000001,20.19464500554243,21.725784447476126,3822.0,24.071166928309786,2.686666666666667,5.48,2.574560285495794,97.33333333333333,3.3927954269392955,13.033928485027616,9.727947238252268,3,Medium,Customer Satisfaction,Review service quality and customer experience,Customer Satisfaction | Review service quality and customer experience
OUT0506,Franchise Outlet 0506,Franchise,Bhubaneswar,Odisha,East,7280939.25,1379254.56,18.94336036384317,32.17226092463585,5588.0,8.052970651395848,4.176666666666667,4.853333333333333,3.4220532319391634,96.39999999999999,8.013859109369854,-12.66125923563744,11.514463981849122,3,Medium,Profitability,"Review costs, pricing and product profitability","Profitability | Review costs, pricing and product profitability"
OUT0071,Franchise Outlet 0071,Franchise,Ahmedabad,Gujarat,West,6222279.109999999,1399809.52,22.49673303388668,19.10599235988369,3351.0,19.695613249776187,2.6533333333333338,9.4,2.6155187445510024,97.3,7.002674835618514,276.7958957561969,2.3872679045092835,3,Medium,Customer Satisfaction,Review service quality and customer experience,Customer Satisfaction | Review service quality and customer experience
OUT0531,Franchise Outlet 0531,Franchise,Kochi,Kerala,South,8289261.08,1403475.54,16.931250282202477,29.299953639313863,13272.0,3.6166365280289328,4.096666666666667,9.086666666666668,3.3216783216783217,96.60000000000001,-6.2262142727170575,-44.19624010962996,-6.6223746249464215,3,Medium,Profitability,"Review costs, pricing and product profitability","Profitability | Review costs, pricing and product profitability"
OUT0153,Franchise Outlet 0153,Franchise,Chandigarh,Chandigarh,North,7784777.11,1414935.0699999998,18.175665789871275,27.823721436343853,5114.0,11.145874071177161,4.293333333333333,5.8133333333333335,3.0337504740235115,96.93333333333334,-3.797361432546461,-28.693652586459876,-9.67741935483871,3,Medium,Profitability,"Review costs, pricing and product profitability","Profitability | Review costs, pricing and product profitability"
OUT0711,Franchise Outlet 0711,Franchise,Kochi,Kerala,South,8972990.42,1531993.17,17.07338466098574,39.20822842449242,7319.0,10.793824292936193,3.24,8.596666666666666,3.1493979092232367,96.73333333333333,13.260836075614801,-22.578195711719115,1.3774104683195594,3,Medium,Profitability,"Review costs, pricing and product profitability","Profitability | Review costs, pricing and product profitability"
OUT0256,Franchise Outlet 0256,Franchise,Vadodara,Gujarat,West,12210161.91,1533496.06,12.559178750480632,32.869741466675286,15244.0,4.460771451062713,4.31,6.743333333333333,4.366373902132999,95.46666666666665,1.1693561869697346,-38.54984637845223,5.839416058394161,3,Medium,Profitability,"Review costs, pricing and product profitability","Profitability | Review costs, pricing and product profitability"
OUT0308,Franchise Outlet 0308,Franchise,Jammu,Jammu & Kashmir,North,8986626.76,1546415.8699999999,17.20796814309889,18.443362686648797,6744.0,9.489916963226573,3.516666666666667,9.393333333333333,3.1730078966259874,96.7,0.33864966294804755,-14.566498634139796,-12.710127101271013,3,Medium,Profitability,"Review costs, pricing and product profitability","Profitability | Review costs, pricing and product profitability"
OUT0086,Franchise Outlet 0086,Franchise,Bhubaneswar,Odisha,East,17594968.189999998,1592673.9500000002,9.051871721514038,33.78884525457971,14885.0,3.359086328518643,4.2,7.1833333333333345,3.041948931735279,96.76666666666667,12.741177148416662,-20.94682012065154,19.769850402761797,3,Medium,Profitability,"Review costs, pricing and product profitability","Profitability | Review costs, pricing and product profitability"
OUT0571,Franchise Outlet 0571,Franchise,Ludhiana,Punjab,North,9530360.36,1606203.86,16.85354802260594,38.90023762871556,9331.0,4.608294930875576,4.266666666666667,5.653333333333333,3.6949117555991333,96.16666666666667,-11.889732675127137,-2.9010075708306897,-4.246745195288282,3,Medium,Sales Decline,Investigate declining demand and outlet sales drivers,Sales Decline | Investigate declining demand and outlet sales drivers
OUT0433,Franchise Outlet 0433,Franchise,Indore,Madhya Pradesh,West,6295995.1,1641880.6400000001,26.078175314971265,30.447706589838567,13316.0,4.35566236106939,3.9066666666666663,6.359999999999999,2.6750475076743165,97.26666666666667,0.6399465128218416,-50.61714590769005,0.02181500872600349,3,Medium,Profitability,"Review costs, pricing and product profitability","Profitability | Review costs, pricing and product profitability"
OUT0661,Franchise Outlet 0661,Franchise,Ludhiana,Punjab,North,7358856.630000001,1649884.05,22.420385841923924,21.39432608774017,5935.0,13.310867733782645,3.0366666666666666,8.946666666666667,3.7463509568602014,95.93333333333334,3.3633961499422584,-16.298956654822742,-5.101481075150851,3,Medium,Profitability,"Review costs, pricing and product profitability","Profitability | Review costs, pricing and product profitability"
OUT0381,Franchise Outlet 0381,Franchise,Kochi,Kerala,South,11522976.92,1654585.42,14.359010102052691,24.668724768463548,10388.0,3.850596842510589,3.8633333333333333,5.116666666666666,3.6542385457243554,96.16666666666667,26.906918785057265,-78.60614016740277,16.985871271585555,3,Medium,Profitability,"Review costs, pricing and product profitability","Profitability | Review costs, pricing and product profitability"
OUT0437,Franchise Outlet 0437,Franchise,Bengaluru,Karnataka,South,6581174.65,1697921.88,25.79967817751197,25.62728587224632,6026.0,12.94390972452705,2.9133333333333336,8.373333333333333,0.6430338004946414,99.33333333333333,-6.423099572132799,-20.309074552985575,-2.5576730190571713,3,Medium,Profitability,"Review costs, pricing and product profitability","Profitability | Review costs, pricing and product profitability"
OUT0612,Franchise Outlet 0612,Franchise,Surat,Gujarat,West,7668888.5,1744462.02,22.747260179881348,17.81389420012747,4472.0,12.522361359570663,3.546666666666667,7.243333333333333,0.8645533141210375,99.13333333333333,8.875406080487542,-51.377814814994025,3.686327077747989,3,Medium,Profitability,"Review costs, pricing and product profitability","Profitability | Review costs, pricing and product profitability"
OUT0028,Franchise Outlet 0028,Franchise,Patna,Bihar,East,16139626.0,1759107.58,10.899308199582816,33.376119652872724,11961.0,4.347462586740239,4.126666666666666,6.71,3.1419548141549924,96.86666666666667,1.8642334394671622,-8.679185721534225,3.450789793438639,3,Medium,Profitability,"Review costs, pricing and product profitability","Profitability | Review costs, pricing and product profitability"
OUT0140,Franchise Outlet 0140,Franchise,Coimbatore,Tamil Nadu,South,10043546.68,1848328.1300000001,18.403141727619275,32.22875015850205,7625.0,8.655737704918032,3.91,10.22,1.7523515010952198,98.16666666666667,-19.86782002684529,-2.9459482191081254,-8.25522710886806,3,Medium,Sales Decline,Investigate declining demand and outlet sales drivers,Sales Decline | Investigate declining demand and outlet sales drivers
OUT0536,Franchise Outlet 0536,Franchise,Bhubaneswar,Odisha,East,8113392.18,1859647.87,22.920719579957492,23.365222876366694,8890.0,5.736782902137233,3.6966666666666668,10.286666666666667,1.8547140649149922,98.10000000000001,6.512360034615745,-30.54269212688181,4.994797086368366,3,Medium,Profitability,"Review costs, pricing and product profitability","Profitability | Review costs, pricing and product profitability"
OUT0091,Franchise Outlet 0091,Franchise,Ludhiana,Punjab,North,13875504.77,1937162.44,13.961023199590597,30.259185785751253,14033.0,4.275636000855127,3.825,6.223333333333334,3.420509291121817,96.43333333333334,19.10277057331882,145.31928391825485,4.644030668127053,3,Medium,Profitability,"Review costs, pricing and product profitability","Profitability | Review costs, pricing and product profitability"
OUT0471,Franchise Outlet 0471,Franchise,Kochi,Kerala,South,15782171.879999999,2001923.56,12.684715229447876,25.70667919505129,9849.0,5.482790130977764,3.8166666666666664,8.553333333333333,3.1277663027441727,96.76666666666667,4.212517986555507,353.49205961455266,9.259852611342518,3,Medium,Profitability,"Review costs, pricing and product profitability","Profitability | Review costs, pricing and product profitability"
OUT0666,Franchise Outlet 0666,Franchise,Lucknow,Uttar Pradesh,North,11251900.49,2060795.9900000002,18.315092564420645,22.637417336272488,6367.0,11.622428145123292,3.103333333333333,8.370000000000001,2.942073170731707,96.93333333333334,-6.868239817358305,-22.409047346565004,-4.508566275924256,3,Medium,Profitability,"Review costs, pricing and product profitability","Profitability | Review costs, pricing and product profitability"
OUT0611,Franchise Outlet 0611,Franchise,Ahmedabad,Gujarat,West,8317365.8100000005,2114662.88,25.424670842991333,27.744185392468427,9865.0,6.690319310694374,3.34,8.113333333333333,2.7887268427276313,97.13333333333333,-12.975887384669432,-8.525803883714815,-4.9364896073903,3,Medium,Sales Decline,Investigate declining demand and outlet sales drivers,Sales Decline | Investigate declining demand and outlet sales drivers
OUT0740,Franchise Outlet 0740,Franchise,Coimbatore,Tamil Nadu,South,9327295.39,2115853.29,22.684531812602966,27.92656587473002,7758.0,8.636246455271976,3.393333333333333,10.793333333333335,1.6854644531745024,98.26666666666667,-8.983633373442421,-31.050643521785588,-15.594143684031325,3,Medium,Profitability,"Review costs, pricing and product profitability","Profitability | Review costs, pricing and product profitability"
OUT0061,Franchise Outlet 0061,Franchise,Ludhiana,Punjab,North,12876273.67,2197912.95,17.069479931300656,28.139460948814865,7966.0,5.774541802661311,3.64,4.923333333333333,2.971985383678441,96.93333333333334,9.57007026546418,-39.209341925207816,6.096131301289566,3,Medium,Profitability,"Review costs, pricing and product profitability","Profitability | Review costs, pricing and product profitability"
OUT0671,Franchise Outlet 0671,Company-Owned,Ahmedabad,Gujarat,West,10088175.2,2265822.25,22.460179418771396,24.50047573739296,7725.0,7.6375404530744335,3.4266666666666663,9.156666666666666,2.5113579000504793,97.43333333333334,-14.00665630346856,36.89725184365151,-12.248563218390805,3,Medium,Sales Decline,Investigate declining demand and outlet sales drivers,Sales Decline | Investigate declining demand and outlet sales drivers
OUT0276,Franchise Outlet 0276,Franchise,Lucknow,Uttar Pradesh,North,13351039.540000001,2285730.44,17.120243207668608,28.113977727578966,7094.0,5.63856780377784,3.953333333333333,5.07,3.2064401691908855,96.73333333333335,-3.71202842966284,-65.89922864861228,-8.673469387755102,3,Medium,Profitability,"Review costs, pricing and product profitability","Profitability | Review costs, pricing and product profitability"
OUT0743,Franchise Outlet 0743,Franchise,Mysuru,Karnataka,South,16241133.27,2310171.5,14.224201363258688,31.369853598185443,13692.0,4.455156295647093,4.29,6.046666666666667,3.685987619583568,96.16666666666667,-8.64677417272359,-16.040954525338947,-13.62153344208809,3,Medium,Profitability,"Review costs, pricing and product profitability","Profitability | Review costs, pricing and product profitability"
OUT0561,Franchise Outlet 0561,Franchise,Kochi,Kerala,South,17528828.82,2328128.84,13.281713592545652,28.569150511424468,12541.0,2.870584482896101,3.4766666666666666,5.773333333333333,3.18073033274145,96.76666666666667,-1.3662617253065952,129.9913872169282,12.572027239392353,3,Medium,Profitability,"Review costs, pricing and product profitability","Profitability | Review costs, pricing and product profitability"
OUT0581,Franchise Outlet 0581,Franchise,Ahmedabad,Gujarat,West,11659844.01,2410391.83,20.672590713329793,21.933397220891234,7324.0,8.192244675040962,3.9666666666666663,7.286666666666666,2.606382978723404,97.26666666666667,-16.859160426270485,12.688368296437538,-11.16584564860427,3,Medium,Sales Decline,Investigate declining demand and outlet sales drivers,Sales Decline | Investigate declining demand and outlet sales drivers
OUT0386,Franchise Outlet 0386,Franchise,Bhubaneswar,Odisha,East,12066269.59,2429056.9699999997,20.13096882911597,30.05941812844732,12698.0,4.488895889116397,4.16,6.62,2.63016639828234,97.33333333333333,-6.681780484424698,-29.660202928262187,-4.455445544554455,3,Medium,Profitability,"Review costs, pricing and product profitability","Profitability | Review costs, pricing and product profitability"
OUT0716,Franchise Outlet 0716,Franchise,Bhubaneswar,Odisha,East,13314068.620000001,2461345.35,18.486800843903115,42.26732642062466,13411.0,4.7722019237939,4.053333333333334,4.346666666666667,3.015620480185132,96.89999999999999,-0.09191866784888719,-80.2603708366955,6.340252707581227,3,Medium,Profitability,"Review costs, pricing and product profitability","Profitability | Review costs, pricing and product profitability"
OUT0051,Franchise Outlet 0051,Franchise,Kochi,Kerala,South,10892674.5,2482672.15,22.79212648831102,22.362571831291337,8250.0,6.181818181818182,3.276666666666667,6.646666666666667,2.929756441934345,97.0,-1.3484790246764007,-20.907682730089437,-1.2283236994219653,3,Medium,Profitability,"Review costs, pricing and product profitability","Profitability | Review costs, pricing and product profitability"
OUT0033,Franchise Outlet 0033,Franchise,Chandigarh,Chandigarh,North,14497218.29,2530909.21,17.457895434642033,27.62699233117773,11492.0,5.743125652627915,4.036666666666666,7.073333333333333,4.001336563361456,95.86666666666667,-9.085762371661811,-34.3080590080203,-17.898305084745765,3,Medium,Profitability,"Review costs, pricing and product profitability","Profitability | Review costs, pricing and product profitability"
OUT0606,Franchise Outlet 0606,Franchise,Lucknow,Uttar Pradesh,North,15092391.03,2644602.41,17.522753053132366,31.314924200541217,10762.0,5.389332837762497,3.956666666666667,8.063333333333333,2.8788015522064794,97.03333333333335,3.685089985603987,-69.52127411748103,-5.689564761405349,3,Medium,Profitability,"Review costs, pricing and product profitability","Profitability | Review costs, pricing and product profitability"
OUT0179,Franchise Outlet 0179,Franchise,Ranchi,Jharkhand,East,12873782.02,3059446.43,23.764938890894786,16.520175111141278,4868.0,12.325390304026294,3.28,8.36,0.850436534472742,99.13333333333333,1.705273111126581,-53.14025368599975,-100.0,3,Medium,Profitability,"Review costs, pricing and product profitability","Profitability | Review costs, pricing and product profitability"
OUT0118,Franchise Outlet 0118,Franchise,Patna,Bihar,East,13755560.59,3192737.9299999997,23.210525729653302,29.13105661562075,8351.0,6.945276014848521,3.92,7.093333333333334,3.7126715092816784,96.23333333333333,5.028132255450349,-73.68857202240869,13.254901960784313,3,Medium,Profitability,"Review costs, pricing and product profitability","Profitability | Review costs, pricing and product profitability"
OUT0021,Franchise Outlet 0021,Franchise,Kochi,Kerala,South,14754611.4,3233415.54,21.914609963905928,36.4689771410513,13848.0,3.105141536683998,4.033333333333334,7.116666666666667,2.568071483852811,97.33333333333333,22.804551674041544,-43.93784308107361,13.772186025612221,3,Medium,Profitability,"Review costs, pricing and product profitability","Profitability | Review costs, pricing and product profitability"
OUT0748,Franchise Outlet 0748,Franchise,Patna,Bihar,East,14111239.34,3831587.89,27.15273830795928,26.232501521606817,10344.0,4.447022428460944,3.4433333333333334,9.03,2.580523639103409,97.3,-21.940672270925543,-5.466656212876867,-16.499736425935687,3,Medium,Sales Decline,Investigate declining demand and outlet sales drivers,Sales Decline | Investigate declining demand and outlet sales drivers
OUT0352,Franchise Outlet 0352,Franchise,Vijayawada,Andhra Pradesh,South,538161.83,82766.78,15.379533698999055,12.85583103764922,1120.0,65.17857142857143,3.313333333333333,8.6,0.7092198581560284,99.3,13.199891926294601,66.77849982826974,10.682492581602373,2,Watch,Customer Complaints,Investigate complaint drivers and service bottlenecks,Customer Complaints | Investigate complaint drivers and service bottlenecks
OUT0586,Franchise Outlet 0586,Franchise,Vadodara,Gujarat,West,764152.08,149851.37,19.610150115668077,16.89986882378662,1546.0,56.27425614489004,3.043333333333333,10.036666666666667,2.398989898989899,97.56666666666666,6.561255432736725,85.72785353899216,5.656565656565657,2,Watch,Customer Complaints,Investigate complaint drivers and service bottlenecks,Customer Complaints | Investigate complaint drivers and service bottlenecks
OUT0189,Franchise Outlet 0189,Franchise,Mumbai,Maharashtra,West,826474.97,167212.22999999998,20.231977503202543,16.72156862745098,1066.0,75.04690431519701,3.033333333333333,8.37,0.65237651444548,99.36666666666667,5.469944264730779,51.484926571333546,7.807807807807808,2,Watch,Customer Complaints,Investigate complaint drivers and service bottlenecks,Customer Complaints | Investigate complaint drivers and service bottlenecks
OUT0389,Franchise Outlet 0389,Franchise,Ranchi,Jharkhand,East,800746.5900000001,167929.01,20.97155480861929,24.378556454028153,1628.0,37.469287469287465,2.966666666666667,8.823333333333332,0.8526187576126675,99.13333333333333,5.271549269154466,105.3383934605171,-4.397705544933078,2,Watch,Customer Satisfaction,Review service quality and customer experience,Customer Satisfaction | Review service quality and customer experience
OUT0240,Franchise Outlet 0240,Franchise,Siliguri,West Bengal,East,4546221.27,220084.27999999997,4.841037576686187,24.275383794677257,8191.0,7.56928335978513,3.66,8.65,1.951161120421355,98.03333333333335,-9.508673071053831,424.7562390048153,-10.63317274604267,2,Watch,Profitability,"Review costs, pricing and product profitability","Profitability | Review costs, pricing and product profitability"
OUT0050,Franchise Outlet 0050,Franchise,Coimbatore,Tamil Nadu,South,1439163.62,232180.28999999998,16.133001611032938,7.6661838885281925,1535.0,36.48208469055374,3.296666666666667,7.956666666666666,1.6025641025641024,98.36666666666667,0.21613795199770547,116.25726371012578,-0.8,2,Watch,Customer Complaints,Investigate complaint drivers and service bottlenecks,Customer Complaints | Investigate complaint drivers and service bottlenecks
OUT0134,Franchise Outlet 0134,Franchise,Nagpur,Maharashtra,West,4329781.92,232220.86,5.363338484262505,31.31151048352589,2927.0,14.34916296549368,4.116666666666666,4.83,0.577445652173913,99.43333333333334,5.959331522607148,-90.4117679880127,-4.448938321536906,2,Watch,Profitability,"Review costs, pricing and product profitability","Profitability | Review costs, pricing and product profitability"
OUT0508,Franchise Outlet 0508,Company-Owned,Patna,Bihar,East,1363770.77,235229.08,17.248432447338637,19.33978770558731,1658.0,57.90108564535585,2.5766666666666667,9.026666666666666,2.413184226015303,97.46666666666665,22.599294203439985,67.37192644797243,15.471698113207546,2,Watch,Customer Satisfaction,Review service quality and customer experience,Customer Satisfaction | Review service quality and customer experience
OUT0432,Franchise Outlet 0432,Franchise,Surat,Gujarat,West,1393974.95,251225.29,18.022224143984797,20.322291853178157,2270.0,29.515418502202643,2.873333333333333,9.676666666666668,0.5258545135845749,99.43333333333334,17.615070297630428,63.57412387039895,15.482954545454545,2,Watch,Customer Satisfaction,Review service quality and customer experience,Customer Satisfaction | Review service quality and customer experience
OUT0434,Franchise Outlet 0434,Franchise,Nagpur,Maharashtra,West,1849797.8699999999,256528.2,13.867904388926561,26.01099055939129,3692.0,14.897074756229687,3.823333333333333,4.8500000000000005,0.9656652360515022,99.03333333333335,22.607774280834118,-67.39337275851027,17.540687160940323,2,Watch,Profitability,"Review costs, pricing and product profitability","Profitability | Review costs, pricing and product profitability"
OUT0605,Franchise Outlet 0605,Franchise,Jaipur,Rajasthan,North,2192722.51,296274.30000000005,13.511709696454025,23.598484848484848,3738.0,17.92402354200107,3.513333333333333,8.9,2.0696882368352107,97.93333333333334,9.34192818654533,-48.857808615646945,2.7004909983633385,2,Watch,Profitability,"Review costs, pricing and product profitability","Profitability | Review costs, pricing and product profitability"
OUT0500,Franchise Outlet 0500,Franchise,Coimbatore,Tamil Nadu,South,4909455.42,308085.95,6.275358948060273,19.629515009505283,4440.0,14.864864864864865,3.8266666666666667,4.843333333333333,1.9867549668874174,98.0,-4.771696851592331,-3.0793514949915304,-1.6216216216216217,2,Watch,Profitability,"Review costs, pricing and product profitability","Profitability | Review costs, pricing and product profitability"
OUT0322,Franchise Outlet 0322,Franchise,Vijayawada,Andhra Pradesh,South,2084885.5499999998,325725.97000000003,15.623206271442577,31.211180124223603,4221.0,9.476427386875148,4.406666666666666,5.896666666666667,0.729068673565381,99.26666666666667,8.683409753210858,-81.30053884547897,3.325942350332594,2,Watch,Profitability,"Review costs, pricing and product profitability","Profitability | Review costs, pricing and product profitability"
OUT0094,Franchise Outlet 0094,Franchise,Delhi,Delhi,North,1736307.84,328197.29000000004,18.90202200549875,18.71722960614559,1535.0,60.586319218241044,2.9599999999999995,9.423333333333334,0.5184705119896306,99.5,21.01924007147793,104.80311511425266,11.41732283464567,2,Watch,Customer Satisfaction,Review service quality and customer experience,Customer Satisfaction | Review service quality and customer experience
OUT0095,Franchise Outlet 0095,Franchise,Jaipur,Rajasthan,North,2996550.07,340735.29,11.370919291864194,21.267260291650537,3296.0,17.29368932038835,3.6566666666666667,6.599999999999999,2.340740740740741,97.60000000000001,7.487079151514019,-1.7721518367430835,1.8365472910927456,2,Watch,Profitability,"Review costs, pricing and product profitability","Profitability | Review costs, pricing and product profitability"
OUT0035,Franchise Outlet 0035,Franchise,Jaipur,Rajasthan,North,2630066.5,344695.23,13.105951123289087,43.89523277170007,5497.0,9.459705293796617,3.31,5.266666666666667,1.8042157913540553,98.2,6.656630179698986,662.1053336542235,14.302191464821224,2,Watch,Profitability,"Review costs, pricing and product profitability","Profitability | Review costs, pricing and product profitability"
OUT0320,Franchise Outlet 0320,Franchise,Coimbatore,Tamil Nadu,South,2325447.98,346531.32,14.901701649761264,30.60757562918397,3612.0,14.673311184939092,4.303333333333334,4.863333333333333,1.7142857142857144,98.26666666666667,1.4840263204712705,-12.648376128734675,-5.149501661129568,2,Watch,Profitability,"Review costs, pricing and product profitability","Profitability | Review costs, pricing and product profitability"
OUT0292,Franchise Outlet 0292,Franchise,Vijayawada,Andhra Pradesh,South,2295210.79,347721.96,15.149892180491186,25.60040509259259,3539.0,17.801638881039842,3.526666666666667,7.803333333333334,0.8405715886803026,99.16666666666667,-16.195945062631345,-6.731749190165082,-8.726415094339622,2,Watch,Sales Decline,Investigate declining demand and outlet sales drivers,Sales Decline | Investigate declining demand and outlet sales drivers
OUT0130,Franchise Outlet 0130,Franchise,Pune,Maharashtra,West,2068814.5699999998,356208.21,17.21798633697751,30.936051899907323,3338.0,14.08028759736369,4.113333333333333,4.323333333333333,2.254758418740849,97.7,-16.12547365607041,22.91490845254813,-9.144792548687553,2,Watch,Sales Decline,Investigate declining demand and outlet sales drivers,Sales Decline | Investigate declining demand and outlet sales drivers
OUT0593,Franchise Outlet 0593,Franchise,Mysuru,Karnataka,South,1844812.2000000002,358488.37,19.432241937688833,18.633225020308693,1835.0,37.05722070844686,3.35,7.43,3.8259958071278826,96.03333333333335,4.377833472718607,30.045199180532737,3.041144901610018,2,Watch,Customer Complaints,Investigate complaint drivers and service bottlenecks,Customer Complaints | Investigate complaint drivers and service bottlenecks
OUT0252,Franchise Outlet 0252,Franchise,Surat,Gujarat,West,2735713.19,364602.89,13.327526121259812,28.15699658703072,3960.0,17.424242424242426,3.67,6.609999999999999,0.7767476822851416,99.2,10.201821310590987,-1.622829355581059,-0.37174721189591076,2,Watch,Profitability,"Review costs, pricing and product profitability","Profitability | Review costs, pricing and product profitability"
OUT0356,Franchise Outlet 0356,Franchise,Bhubaneswar,Odisha,East,1719640.56,376788.57,21.9108910759816,21.679723082528692,2380.0,24.789915966386552,3.2733333333333334,6.303333333333334,3.133903133903134,96.60000000000001,0.11091825655611309,6.702872211253795,2.937062937062937,2,Watch,Customer Complaints,Investigate complaint drivers and service bottlenecks,Customer Complaints | Investigate complaint drivers and service bottlenecks
OUT0684,Franchise Outlet 0684,Franchise,Visakhapatnam,Andhra Pradesh,South,2286888.91,377481.58999999997,16.506336986871826,17.322266329844823,1440.0,50.0,3.15,9.106666666666667,0.5524861878453038,99.43333333333334,-2.515683689567328,65.51466802825053,0.4008016032064128,2,Watch,Customer Complaints,Investigate complaint drivers and service bottlenecks,Customer Complaints | Investigate complaint drivers and service bottlenecks
OUT0363,Franchise Outlet 0363,Franchise,Chandigarh,Chandigarh,North,1759548.29,413861.92,23.5209185421106,22.32385930523794,2050.0,23.902439024390244,3.35,5.963333333333334,2.6128266033254155,97.36666666666667,20.332732520038242,90.33257378122704,25.31645569620253,2,Watch,Customer Complaints,Investigate complaint drivers and service bottlenecks,Customer Complaints | Investigate complaint drivers and service bottlenecks
OUT0523,Franchise Outlet 0523,Franchise,Indore,Madhya Pradesh,West,2235601.23,431298.03,19.292261258954486,29.317114481484335,3808.0,14.968487394957984,4.13,6.023333333333333,1.90623390005152,98.03333333333335,-26.744125208886178,58.144388714156605,-24.25997425997426,2,Watch,Sales Decline,Investigate declining demand and outlet sales drivers,Sales Decline | Investigate declining demand and outlet sales drivers
OUT0008,Franchise Outlet 0008,Franchise,Jammu,Jammu & Kashmir,North,2337784.2800000003,445840.94999999995,19.07109025474326,19.385214850092,1791.0,41.3176996091569,3.266666666666667,4.736666666666667,2.874186550976139,97.06666666666666,3.097231198100108,24.457716394227603,3.3101045296167246,2,Watch,Customer Complaints,Investigate complaint drivers and service bottlenecks,Customer Complaints | Investigate complaint drivers and service bottlenecks
OUT0070,Franchise Outlet 0070,Company-Owned,Pune,Maharashtra,West,4566571.68,455807.11,9.98138520405312,28.894901737396754,4058.0,11.089206505667818,3.9299999999999997,4.763333333333333,1.9806763285024156,97.96666666666665,-5.445551215744854,141.25574411321446,-0.22522522522522523,2,Watch,Profitability,"Review costs, pricing and product profitability","Profitability | Review costs, pricing and product profitability"
OUT0402,Franchise Outlet 0402,Franchise,Surat,Gujarat,West,3080790.13,478478.26,15.53102417917705,18.91216178676593,3404.0,18.507638072855464,3.4633333333333334,6.34,0.4387247733255338,99.56666666666666,13.193838652799993,-68.31550957765917,6.753006475485661,2,Watch,Profitability,"Review costs, pricing and product profitability","Profitability | Review costs, pricing and product profitability"
OUT0550,Franchise Outlet 0550,Franchise,Pune,Maharashtra,West,4182375.36,482175.85,11.528755993818784,26.338882436443413,6123.0,7.3493385595296425,4.11,7.223333333333334,1.4168410883915632,98.53333333333335,15.405099761375284,-35.95913771729038,19.736118746564046,2,Watch,Profitability,"Review costs, pricing and product profitability","Profitability | Review costs, pricing and product profitability"
OUT0750,Franchise Outlet 0750,Franchise,Siliguri,West Bengal,East,3717854.4,489686.8,13.171220475982063,36.619640692163564,6645.0,9.029345372460496,4.196666666666666,3.6633333333333336,1.730257320319432,98.23333333333333,-5.52928953260719,36.702107115426124,-2.616147947677041,2,Watch,Profitability,"Review costs, pricing and product profitability","Profitability | Review costs, pricing and product profitability"
OUT0730,Franchise Outlet 0730,Franchise,Pune,Maharashtra,West,2826494.45,491923.16000000003,17.404002332288325,17.243896504177144,2126.0,30.57384760112888,3.1766666666666663,9.270000000000001,2.297794117647059,97.63333333333333,16.053453246627708,73.71351137158595,1.7241379310344827,2,Watch,Customer Complaints,Investigate complaint drivers and service bottlenecks,Customer Complaints | Investigate complaint drivers and service bottlenecks
OUT0125,Franchise Outlet 0125,Franchise,Jaipur,Rajasthan,North,3047271.47,495020.27,16.244705300246846,18.888809540812684,2645.0,36.294896030245745,2.8333333333333335,8.356666666666667,2.2903583302548944,97.7,18.46595120132472,20.655278482602967,15.306122448979592,2,Watch,Customer Satisfaction,Review service quality and customer experience,Customer Satisfaction | Review service quality and customer experience
OUT0384,Franchise Outlet 0384,Franchise,Visakhapatnam,Andhra Pradesh,South,2293913.5300000003,512224.88,22.329737947881583,18.757404238515203,1425.0,58.24561403508772,2.6333333333333333,8.663333333333334,0.766016713091922,99.23333333333333,12.245175963012985,-4.390161519126243,11.136363636363637,2,Watch,Customer Satisfaction,Review service quality and customer experience,Customer Satisfaction | Review service quality and customer experience
OUT0524,Franchise Outlet 0524,Franchise,Nagpur,Maharashtra,West,3113102.8,526000.85,16.89635337451754,20.732849449777568,3542.0,15.527950310559007,3.2466666666666666,9.033333333333333,0.8398656215005599,99.13333333333333,-6.865746650949905,-57.982717550178755,-4.715447154471545,2,Watch,Profitability,"Review costs, pricing and product profitability","Profitability | Review costs, pricing and product profitability"
OUT0417,Franchise Outlet 0417,Franchise,Guwahati,Assam,East,2528346.31,527405.61,20.859706121508328,16.440195923526623,2081.0,37.00144161460836,3.0966666666666662,8.436666666666666,0.47824007651841227,99.53333333333335,9.866576060920469,4.9197876193184555,-1.0355029585798818,2,Watch,Customer Complaints,Investigate complaint drivers and service bottlenecks,Customer Complaints | Investigate complaint drivers and service bottlenecks
OUT0377,Franchise Outlet 0377,Franchise,Bengaluru,Karnataka,South,4415898.550000001,538533.91,12.195341534737022,20.670623145400594,3483.0,19.23629055412001,3.11,9.096666666666666,0.6843455945252352,99.3,16.76014906536031,236.93947744523038,15.121512151215121,2,Watch,Profitability,"Review costs, pricing and product profitability","Profitability | Review costs, pricing and product profitability"
OUT0687,Franchise Outlet 0687,Franchise,Guwahati,Assam,East,3819289.26,547233.21,14.328142561268061,24.214797932069597,4356.0,15.381083562901745,3.723333333333333,7.923333333333333,0.9549795361527967,99.03333333333335,18.012290939208096,-80.9657491940875,18.088235294117645,2,Watch,Profitability,"Review costs, pricing and product profitability","Profitability | Review costs, pricing and product profitability"
OUT0279,Franchise Outlet 0279,Franchise,Mumbai,Maharashtra,West,5721603.03,553738.16,9.678024796487847,30.641888283669765,5738.0,9.062391077030325,4.13,5.21,0.4856052722858134,99.5,4.017348648904841,792.2629087902678,5.043301069791136,2,Watch,Profitability,"Review costs, pricing and product profitability","Profitability | Review costs, pricing and product profitability"
OUT0682,Franchise Outlet 0682,Company-Owned,Vijayawada,Andhra Pradesh,South,2851253.87,568822.69,19.949913825106,20.676476208675712,3246.0,32.65557609365373,3.143333333333333,11.153333333333334,0.5514705882352942,99.46666666666665,25.332698413927695,231.18745597707573,14.067278287461773,2,Watch,Customer Complaints,Investigate complaint drivers and service bottlenecks,Customer Complaints | Investigate complaint drivers and service bottlenecks
OUT0093,Franchise Outlet 0093,Company-Owned,Chandigarh,Chandigarh,North,2892657.2199999997,570869.75,19.73513301379,21.34754211069096,2484.0,37.03703703703704,3.043333333333333,8.583333333333334,2.664576802507837,97.3,2.7649902330076417,2.7995143930768016,1.8382352941176472,2,Watch,Customer Complaints,Investigate complaint drivers and service bottlenecks,Customer Complaints | Investigate complaint drivers and service bottlenecks
OUT0664,Franchise Outlet 0664,Franchise,Delhi,Delhi,North,3124710.2199999997,573057.09,18.33952749704899,24.176430893810195,3941.0,14.717076884039583,4.33,6.883333333333333,0.7804632426988922,99.23333333333333,7.625975318760668,-71.84495739707656,12.254901960784313,2,Watch,Profitability,"Review costs, pricing and product profitability","Profitability | Review costs, pricing and product profitability"
OUT0580,Franchise Outlet 0580,Franchise,Pune,Maharashtra,West,4126396.89,581950.85,14.103123512193225,22.047542380907284,2328.0,17.611683848797252,4.07,8.103333333333333,1.6671858561286963,98.26666666666667,6.910118479722962,-59.32438829887408,,2,Watch,Profitability,"Review costs, pricing and product profitability","Profitability | Review costs, pricing and product profitability"
OUT0074,Franchise Outlet 0074,Franchise,Nagpur,Maharashtra,West,4091484.6,588185.98,14.375857115532098,52.19168428470754,7406.0,8.911693221712126,3.6733333333333333,6.12,0.7637679217472866,99.23333333333333,3.4846091377489223,-39.40605366858682,7.495881383855024,2,Watch,Profitability,"Review costs, pricing and product profitability","Profitability | Review costs, pricing and product profitability"
OUT0046,Franchise Outlet 0046,Franchise,Vadodara,Gujarat,West,3600394.02,601452.81,16.70519411650395,18.203996699314747,5074.0,12.416239653133623,3.453333333333333,6.226666666666667,3.038410089814638,96.93333333333334,17.1101982888335,44.69351914600002,15.862524785194976,2,Watch,Conversion,Improve footfall-to-order conversion,Conversion | Improve footfall-to-order conversion
OUT0509,Franchise Outlet 0509,Franchise,Ranchi,Jharkhand,East,5171837.46,625471.42,12.093794997184618,19.198131197559114,4027.0,14.154457412465856,3.9166666666666665,6.903333333333333,0.5433440355643369,99.43333333333332,0.8122076487443206,799.2393786269586,-2.546816479400749,2,Watch,Profitability,"Review costs, pricing and product profitability","Profitability | Review costs, pricing and product profitability"
OUT0390,Franchise Outlet 0390,Franchise,Siliguri,West Bengal,East,3589892.75,629972.38,17.548501414143917,29.534347265121006,7554.0,7.678051363516017,3.9499999999999997,7.506666666666668,2.2135922330097086,97.73333333333333,11.385725087024335,-32.90697577849487,16.11062335381914,2,Watch,Profitability,"Review costs, pricing and product profitability","Profitability | Review costs, pricing and product profitability"
OUT0639,Franchise Outlet 0639,Franchise,Mumbai,Maharashtra,West,3977708.8899999997,650698.48,16.3586249772039,26.569767441860463,4113.0,13.858497447118891,3.9433333333333334,7.156666666666666,0.7001448575567359,99.3,3.258163660640427,-18.402456404820363,-0.6130268199233717,2,Watch,Profitability,"Review costs, pricing and product profitability","Profitability | Review costs, pricing and product profitability"
OUT0064,Franchise Outlet 0064,Franchise,Delhi,Delhi,North,3408013.2800000003,656638.43,19.267484485858578,21.05765367617517,4193.0,16.217505366086336,3.776666666666667,7.28,0.8043529690087533,99.16666666666667,-1.6353144199283602,-31.377769799194333,4.849375459221161,2,Watch,Profitability,"Review costs, pricing and product profitability","Profitability | Review costs, pricing and product profitability"
OUT0060,Franchise Outlet 0060,Franchise,Siliguri,West Bengal,East,3892369.58,676872.46,17.389727416377557,20.028237192416295,5958.0,9.399127223900638,3.4466666666666668,9.243333333333334,1.4392059553349876,98.56666666666666,-13.027671887798887,2.2002768955173755,-3.188839063278525,2,Watch,Sales Decline,Investigate declining demand and outlet sales drivers,Sales Decline | Investigate declining demand and outlet sales drivers
OUT0019,Franchise Outlet 0019,Franchise,Chennai,Tamil Nadu,South,5451447.78,678270.52,12.442025446678679,31.588892540256325,3845.0,14.044213263979195,3.856666666666667,7.903333333333333,0.850954100051573,99.10000000000001,2.253083854709769,70.23195206228827,-7.44920993227991,2,Watch,Profitability,"Review costs, pricing and product profitability","Profitability | Review costs, pricing and product profitability"
OUT0190,Franchise Outlet 0190,Company-Owned,Pune,Maharashtra,West,5214132.03,702819.27,13.479123005636664,27.90994371482176,3719.0,15.595590212422694,3.486666666666667,6.739999999999999,1.7696777601690437,98.16666666666667,35.4887968799202,-5.177456846011798,21.455223880597014,2,Watch,Profitability,"Review costs, pricing and product profitability","Profitability | Review costs, pricing and product profitability"
OUT0037,Franchise Outlet 0037,Franchise,Dehradun,Uttarakhand,North,4211299.26,705647.39,16.756049533273966,18.958088523305918,2420.0,37.60330578512397,2.986666666666667,8.23,0.5751848808545604,99.39999999999999,16.578863383369473,234.13246742050765,17.138810198300284,2,Watch,Customer Satisfaction,Review service quality and customer experience,Customer Satisfaction | Review service quality and customer experience
OUT0224,Franchise Outlet 0224,Franchise,Nagpur,Maharashtra,West,5320483.57,719250.78,13.518522715783895,40.65499717673631,8640.0,5.555555555555555,4.39,4.54,0.8150614165997015,99.2,11.494326916139066,24.752763962284057,4.4708347886832,2,Watch,Profitability,"Review costs, pricing and product profitability","Profitability | Review costs, pricing and product profitability"
OUT0534,Franchise Outlet 0534,Company-Owned,Visakhapatnam,Andhra Pradesh,South,6348993.1899999995,719254.97,11.328646109321154,26.29081410535481,6039.0,9.107468123861567,3.453333333333333,7.763333333333333,1.0162268480576955,98.96666666666665,3.9102037755834886,1674.1828385409865,3.6272040302267,2,Watch,Profitability,"Review costs, pricing and product profitability","Profitability | Review costs, pricing and product profitability"
OUT0234,Franchise Outlet 0234,Franchise,Visakhapatnam,Andhra Pradesh,South,6619405.15,736640.46,11.128499363723037,27.943960620976902,7380.0,7.859078590785908,3.5866666666666664,8.446666666666667,0.3645200486026731,99.66666666666667,-5.41627132252215,-96.08822481326479,-1.0360706062931695,2,Watch,Profitability,"Review costs, pricing and product profitability","Profitability | Review costs, pricing and product profitability"
OUT0462,Franchise Outlet 0462,Company-Owned,Surat,Gujarat,West,4215025.26,740617.86,17.5708996818681,11.430821981280696,2467.0,31.61734900689096,3.0400000000000005,8.763333333333334,0.7243460764587526,99.26666666666667,-0.7361689176968548,0.04494967092106751,-5.368289637952559,2,Watch,Customer Complaints,Investigate complaint drivers and service bottlenecks,Customer Complaints | Investigate complaint drivers and service bottlenecks
OUT0697,Franchise Outlet 0697,Franchise,Dehradun,Uttarakhand,North,6697959.32,748577.1200000001,11.176196871855593,21.93174322119224,6317.0,12.347633370270698,3.426666666666667,10.053333333333333,0.5666614198016685,99.43333333333334,11.761773492310692,-101.1280935117418,8.022774327122153,2,Watch,Profitability,"Review costs, pricing and product profitability","Profitability | Review costs, pricing and product profitability"
OUT0213,Franchise Outlet 0213,Franchise,Chandigarh,Chandigarh,North,4111232.26,756686.54,18.405346430123608,24.709435343644184,2700.0,26.666666666666668,3.0966666666666662,6.366666666666667,3.1563845050215207,96.7,13.739123431418943,-3.2880839196024407,15.051020408163266,2,Watch,Customer Complaints,Investigate complaint drivers and service bottlenecks,Customer Complaints | Investigate complaint drivers and service bottlenecks
OUT0264,Franchise Outlet 0264,Franchise,Visakhapatnam,Andhra Pradesh,South,5813498.37,763529.72,13.13373929784038,27.625764785859957,6502.0,7.2285450630575205,4.003333333333333,2.61,0.6873377119291278,99.3,-3.8035088498307412,-41.54302984130919,-1.9221967963386728,2,Watch,Profitability,"Review costs, pricing and product profitability","Profitability | Review costs, pricing and product profitability"
OUT0519,Franchise Outlet 0519,Franchise,Mumbai,Maharashtra,West,5749344.26,775622.25,13.49062110258814,19.71096740134618,5974.0,11.047874121191832,3.66,4.446666666666666,0.912257422458119,99.06666666666668,14.795283860166375,-84.32616478797313,14.616572310859496,2,Watch,Profitability,"Review costs, pricing and product profitability","Profitability | Review costs, pricing and product profitability"
OUT0169,Franchise Outlet 0169,Franchise,Chennai,Tamil Nadu,South,3959567.9000000004,778506.45,19.661399164287594,23.044347723797202,3918.0,25.7784583971414,3.1133333333333333,13.4,0.60882800608828,99.43333333333334,-6.699908420118328,7.31501824991638,-11.881868131868131,2,Watch,Customer Complaints,Investigate complaint drivers and service bottlenecks,Customer Complaints | Investigate complaint drivers and service bottlenecks
OUT0110,Franchise Outlet 0110,Franchise,Coimbatore,Tamil Nadu,South,4173429.79,789280.75,18.912040928331994,24.563106796116504,6578.0,11.24961994527212,3.276666666666667,8.790000000000001,1.394093839004647,98.56666666666666,1.5728590178648412,-21.861249124544916,-3.54924578527063,2,Watch,Profitability,"Review costs, pricing and product profitability","Profitability | Review costs, pricing and product profitability"
OUT0327,Franchise Outlet 0327,Franchise,Guwahati,Assam,East,5411377.33,792138.14,14.638383015881837,25.324424647364513,8528.0,8.442776735459663,3.8466666666666662,8.873333333333333,0.779522978475858,99.2,-5.4400036638441085,-59.50679644999577,-4.983630411058567,2,Watch,Profitability,"Review costs, pricing and product profitability","Profitability | Review costs, pricing and product profitability"
OUT0454,Franchise Outlet 0454,Franchise,Delhi,Delhi,North,5803261.53,798567.33,13.760664169136625,22.79286926994907,6444.0,8.845437616387336,3.9600000000000004,8.843333333333334,0.8920332205475239,99.10000000000001,15.266487650805244,148.12174475127898,7.6962544894817855,2,Watch,Profitability,"Review costs, pricing and product profitability","Profitability | Review costs, pricing and product profitability"
OUT0215,Franchise Outlet 0215,Company-Owned,Jaipur,Rajasthan,North,4947955.37,801224.45,16.193041167224592,22.81456740959599,7104.0,7.179054054054054,4.583333333333333,5.420000000000001,1.4018043025676612,98.60000000000001,4.368066559723157,-49.09196765669881,-3.5901573215006053,2,Watch,Profitability,"Review costs, pricing and product profitability","Profitability | Review costs, pricing and product profitability"
OUT0665,Franchise Outlet 0665,Franchise,Jaipur,Rajasthan,North,3344084.66,809159.7000000001,24.196746861067805,13.986884304245848,2922.0,20.876112251882272,3.7866666666666666,8.24,2.208835341365462,97.73333333333333,2.1032217484617455,77.10452616113277,13.507625272331156,2,Watch,Customer Complaints,Investigate complaint drivers and service bottlenecks,Customer Complaints | Investigate complaint drivers and service bottlenecks
OUT0407,Franchise Outlet 0407,Franchise,Bengaluru,Karnataka,South,5369934.83,819514.23,15.26115783420038,25.83009273107987,3454.0,14.475969889982629,3.4933333333333336,7.69,0.48977239988475946,99.5,-10.163719540491593,30.088252680161588,-12.0926243567753,2,Watch,Sales Decline,Investigate declining demand and outlet sales drivers,Sales Decline | Investigate declining demand and outlet sales drivers
OUT0540,Franchise Outlet 0540,Franchise,Siliguri,West Bengal,East,6863979.29,828575.47,12.071357371475985,30.238460630386022,5123.0,8.588717548311536,3.72,7.763333333333333,1.7264530980241704,98.23333333333333,18.817988266876892,187.63516471045975,4.340071343638526,2,Watch,Profitability,"Review costs, pricing and product profitability","Profitability | Review costs, pricing and product profitability"
OUT0637,Franchise Outlet 0637,Franchise,Dehradun,Uttarakhand,North,7884462.5,867260.72,10.999617538925449,28.47826086956522,9825.0,5.190839694656488,3.3366666666666664,5.966666666666666,1.0374697824335213,98.96666666666665,-5.372670930376051,-44.254564175166514,-2.5900189513581804,2,Watch,Profitability,"Review costs, pricing and product profitability","Profitability | Review costs, pricing and product profitability"
OUT0620,Franchise Outlet 0620,Franchise,Coimbatore,Tamil Nadu,South,7552841.38,868718.73,11.50187970715731,22.02408459510153,8102.0,5.9244630955319675,4.066666666666666,6.163333333333333,2.0669648253354285,97.86666666666667,-5.506022626128326,-46.0356661005529,-1.5016088666428316,2,Watch,Profitability,"Review costs, pricing and product profitability","Profitability | Review costs, pricing and product profitability"
OUT0546,Franchise Outlet 0546,Company-Owned,Lucknow,Uttar Pradesh,North,4239271.64,869526.21,20.51121711087143,16.668549799446357,5901.0,8.64260294865277,3.5766666666666667,6.013333333333333,3.483807654563297,96.3,20.51085990676383,27.170889808525956,17.715231788079468,2,Watch,Conversion,Improve footfall-to-order conversion,Conversion | Improve footfall-to-order conversion
OUT0493,Franchise Outlet 0493,Franchise,Indore,Madhya Pradesh,West,4093545.83,873269.74,21.33284385385762,19.58708831722104,5977.0,13.384641124309855,3.6533333333333338,6.673333333333333,2.256745707277187,97.7,-2.8335191965485143,-62.77543522131066,-4.700460829493087,2,Watch,Profitability,"Review costs, pricing and product profitability","Profitability | Review costs, pricing and product profitability"
OUT0719,Franchise Outlet 0719,Franchise,Ranchi,Jharkhand,East,7066418.4399999995,874387.71,12.373845639404282,23.178148264653455,4421.0,17.86926034833748,3.34,7.62,1.007613076578594,99.0,13.477969720825605,-25.275707585763712,11.666666666666666,2,Watch,Profitability,"Review costs, pricing and product profitability","Profitability | Review costs, pricing and product profitability"
OUT0032,Franchise Outlet 0032,Franchise,Amritsar,Punjab,North,5258517.97,875272.84,16.644857828640262,20.40559347869309,3079.0,28.255927249106854,3.063333333333334,10.17,0.9011908593498551,99.10000000000001,-5.14748173579561,169.4826010843159,-12.575888985255853,2,Watch,Customer Complaints,Investigate complaint drivers and service bottlenecks,Customer Complaints | Investigate complaint drivers and service bottlenecks
OUT0629,Franchise Outlet 0629,Franchise,Ranchi,Jharkhand,East,3696857.91,877232.53,23.729138402292556,18.1754138781261,2580.0,28.68217054263566,3.3000000000000003,8.133333333333333,0.5013497878904744,99.46666666666665,-8.175623171428601,40.0115247168371,-8.060747663551401,2,Watch,Customer Complaints,Investigate complaint drivers and service bottlenecks,Customer Complaints | Investigate complaint drivers and service bottlenecks
OUT0048,Franchise Outlet 0048,Franchise,Hyderabad,Telangana,South,5777533.84,877908.23,15.195207060872878,22.571058035231818,4177.0,12.20971989466124,3.8200000000000003,7.12,2.38373451741061,97.53333333333335,17.126233217451073,-46.37506378600823,16.056758775205378,2,Watch,Profitability,"Review costs, pricing and product profitability","Profitability | Review costs, pricing and product profitability"
OUT0304,Franchise Outlet 0304,Franchise,Delhi,Delhi,North,3877330.23,901452.3599999999,23.249305747166133,14.116366275553405,2334.0,30.419880034275923,3.1733333333333333,8.266666666666666,0.560909181431577,99.39999999999999,9.556760690485357,90.05385362342099,6.914893617021277,2,Watch,Customer Complaints,Investigate complaint drivers and service bottlenecks,Customer Complaints | Investigate complaint drivers and service bottlenecks
OUT0222,Franchise Outlet 0222,Franchise,Surat,Gujarat,West,8174535.68,914024.78,11.18136632807504,35.72582945146877,7516.0,7.317722192655668,3.85,2.8333333333333335,0.7264562145027077,99.23333333333333,4.548716165678312,63.60440492808848,-5.2691867124856815,2,Watch,Profitability,"Review costs, pricing and product profitability","Profitability | Review costs, pricing and product profitability"
OUT0396,Franchise Outlet 0396,Company-Owned,Lucknow,Uttar Pradesh,North,5582175.14,933935.75,16.730678034584205,18.77110556452797,5114.0,15.447790379350803,2.973333333333333,9.386666666666668,3.7092826209753342,96.26666666666667,3.31104243755996,48.9194959857978,15.394651011089366,2,Watch,Customer Satisfaction,Review service quality and customer experience,Customer Satisfaction | Review service quality and customer experience
OUT0624,Franchise Outlet 0624,Franchise,Visakhapatnam,Andhra Pradesh,South,8399322.05,950028.69,11.3107782312026,28.647668915517066,8535.0,6.678383128295255,3.633333333333333,6.853333333333333,0.8941012540640966,99.10000000000001,8.87819788871471,1758.475401904808,14.543561263450192,2,Watch,Profitability,"Review costs, pricing and product profitability","Profitability | Review costs, pricing and product profitability"
OUT0112,Franchise Outlet 0112,Franchise,Vijayawada,Andhra Pradesh,South,7014725.46,955537.6,13.621881646669603,27.230825958702066,4431.0,13.992326788535319,3.8366666666666664,3.546666666666667,0.4716981132075472,99.5,-2.813441381030458,-33.442056412467515,-1.590594744121715,2,Watch,Profitability,"Review costs, pricing and product profitability","Profitability | Review costs, pricing and product profitability"
OUT0499,Franchise Outlet 0499,Franchise,Chennai,Tamil Nadu,South,5361639.91,962465.4199999999,17.950952248861483,19.702170354332786,3731.0,18.493701420530687,3.81,8.816666666666666,0.6920415224913495,99.33333333333333,16.212512980851645,-69.15961420723133,19.055944055944053,2,Watch,Profitability,"Review costs, pricing and product profitability","Profitability | Review costs, pricing and product profitability"
OUT0099,Franchise Outlet 0099,Franchise,Mumbai,Maharashtra,West,4324823.859999999,981346.79,22.691023305628917,28.381910118743253,9991.0,7.2064858372535285,4.013333333333333,7.09,0.7746548813188996,99.23333333333333,-7.596776309162815,-73.96330678588761,-9.188095926032938,2,Watch,Profitability,"Review costs, pricing and product profitability","Profitability | Review costs, pricing and product profitability"
OUT0122,Franchise Outlet 0122,Franchise,Amritsar,Punjab,North,3982211.0199999996,992156.05,24.91470303851452,34.25234136588446,3255.0,26.72811059907834,3.176666666666667,13.593333333333334,0.7924413288631514,99.2,38.46116063026185,255.72192965777435,23.085460599334073,2,Watch,Customer Complaints,Investigate complaint drivers and service bottlenecks,Customer Complaints | Investigate complaint drivers and service bottlenecks
OUT0669,Franchise Outlet 0669,Company-Owned,Mumbai,Maharashtra,West,8981376.129999999,992598.9199999999,11.051746476628187,37.6882776686313,6906.0,8.398494063133507,4.21,5.849999999999999,0.6616800920598389,99.36666666666667,-2.9982103352480594,-64.97355063655958,11.26425855513308,2,Watch,Profitability,"Review costs, pricing and product profitability","Profitability | Review costs, pricing and product profitability"
OUT0340,Franchise Outlet 0340,Franchise,Pune,Maharashtra,West,7017969.75,998414.02,14.226536385398356,22.063049269039578,10519.0,5.133567829641601,3.9800000000000004,7.57,2.0941921072226357,97.86666666666667,-3.542906674245283,100.25874443678666,-0.5893909626719057,2,Watch,Profitability,"Review costs, pricing and product profitability","Profitability | Review costs, pricing and product profitability"
OUT0017,Franchise Outlet 0017,Franchise,Bengaluru,Karnataka,South,5255985.19,1001008.57,19.045117781239405,24.766209916654894,8766.0,6.844626967830253,3.4766666666666666,7.463333333333334,0.6122448979591837,99.36666666666667,-0.24037629023670729,-24.56812898762399,10.428571428571429,2,Watch,Profitability,"Review costs, pricing and product profitability","Profitability | Review costs, pricing and product profitability"
OUT0412,Franchise Outlet 0412,Company-Owned,Vijayawada,Andhra Pradesh,South,6853729.97,1027813.8200000001,14.996415448214693,22.60466015662767,7014.0,9.26717992586256,3.776666666666667,8.143333333333333,0.8621908127208481,99.10000000000001,8.869558651424462,106.51822815539404,11.358368103847937,2,Watch,Profitability,"Review costs, pricing and product profitability","Profitability | Review costs, pricing and product profitability"
OUT0636,Franchise Outlet 0636,Franchise,Lucknow,Uttar Pradesh,North,5650659.359999999,1031858.53,18.260851774296302,19.43982251802551,3505.0,24.536376604850215,3.25,7.843333333333334,3.7880867416964037,96.06666666666666,4.438867613529967,30.958114541737093,2.3746701846965697,2,Watch,Customer Complaints,Investigate complaint drivers and service bottlenecks,Customer Complaints | Investigate complaint drivers and service bottlenecks
OUT0258,Franchise Outlet 0258,Franchise,Hyderabad,Telangana,South,6024205.1899999995,1031996.0700000001,17.130825352912655,25.228452372249432,3451.0,21.732831063459866,3.53,8.026666666666666,3.522504892367906,96.33333333333333,4.165600231867493,-8.706000304718172,6.762849413886383,2,Watch,Customer Complaints,Investigate complaint drivers and service bottlenecks,Customer Complaints | Investigate complaint drivers and service bottlenecks
OUT0717,Franchise Outlet 0717,Franchise,Guwahati,Assam,East,7675730.6,1062192.9,13.83832960474147,23.90462869596331,7349.0,7.756157300312967,3.7133333333333334,6.286666666666666,0.5548037889039242,99.43333333333334,-5.398752864657098,105.89715228728625,1.8304814962196578,2,Watch,Profitability,"Review costs, pricing and product profitability","Profitability | Review costs, pricing and product profitability"
OUT0426,Franchise Outlet 0426,Franchise,Lucknow,Uttar Pradesh,North,6169171.62,1072579.02,17.38611090867983,18.23787501482272,4614.0,12.570437798006068,3.533333333333333,8.133333333333333,3.0264817150063053,96.93333333333334,29.683873138009613,209.3024491424586,16.234652114597544,2,Watch,Conversion,Improve footfall-to-order conversion,Conversion | Improve footfall-to-order conversion
OUT0680,Franchise Outlet 0680,Franchise,Coimbatore,Tamil Nadu,South,5427533.1,1081195.31,19.920565938142325,32.99753944130844,11399.0,5.4390736029476265,4.043333333333334,5.713333333333334,1.6479723899913719,98.26666666666667,15.06532320882429,-50.523222951599486,16.49911295091662,2,Watch,Profitability,"Review costs, pricing and product profitability","Profitability | Review costs, pricing and product profitability"
OUT0339,Franchise Outlet 0339,Franchise,Mumbai,Maharashtra,West,7452787.79,1096398.67,14.711255719250795,28.250970938797376,4219.0,15.169471438729557,3.73,8.93,0.7761053621825024,99.23333333333333,26.938640133952468,76.35106692336,14.233308877476155,2,Watch,Profitability,"Review costs, pricing and product profitability","Profitability | Review costs, pricing and product profitability"
OUT0039,Franchise Outlet 0039,Franchise,Mumbai,Maharashtra,West,9430020.09,1107568.1600000001,11.74513043905933,31.04709824007394,8062.0,6.325973703795584,3.6999999999999997,6.806666666666666,0.7998031253845208,99.2,-7.595705196000016,-44.92684357883018,-11.289222373806275,2,Watch,Profitability,"Review costs, pricing and product profitability","Profitability | Review costs, pricing and product profitability"
OUT0542,Franchise Outlet 0542,Franchise,Amritsar,Punjab,North,6039531.0,1113069.3900000001,18.429732209338773,28.97809811152084,10373.0,4.338185674346862,3.643333333333333,8.266666666666667,0.8601739462869159,99.13333333333333,0.13765983004116084,-15.358353755257612,-1.8678160919540232,2,Watch,Profitability,"Review costs, pricing and product profitability","Profitability | Review costs, pricing and product profitability"
OUT0675,Franchise Outlet 0675,Franchise,Nashik,Maharashtra,West,6328959.9799999995,1146236.56,18.110978164219645,26.655921019493277,5292.0,13.983371126228269,3.0199999999999996,7.59,1.9818484904611966,97.96666666666665,-15.15899251950947,0.8019695574651052,-19.37533086289042,2,Watch,Sales Decline,Investigate declining demand and outlet sales drivers,Sales Decline | Investigate declining demand and outlet sales drivers
OUT0255,Franchise Outlet 0255,Franchise,Nashik,Maharashtra,West,5151957.32,1153941.66,22.398121496860533,18.77996935093183,3799.0,18.16267438799684,3.1366666666666667,6.41,2.3142195937258934,97.66666666666667,-13.195526186806624,-8.217667919774108,-8.012820512820513,2,Watch,Sales Decline,Investigate declining demand and outlet sales drivers,Sales Decline | Investigate declining demand and outlet sales drivers
OUT0157,Franchise Outlet 0157,Franchise,Dehradun,Uttarakhand,North,4743879.48,1185919.46,24.998937367607827,34.29754826641726,5134.0,8.570315543435918,4.12,5.916666666666667,0.5809450038729667,99.39999999999999,21.238091526267862,-34.388242567705625,18.633952254641912,2,Watch,Profitability,"Review costs, pricing and product profitability","Profitability | Review costs, pricing and product profitability"
OUT0175,Franchise Outlet 0175,Franchise,Kolkata,West Bengal,East,8282034.73,1186264.04,14.32334056391961,33.7963402816045,17786.0,2.5863038344765545,4.213333333333334,5.37,2.1779782202177977,97.76666666666667,-0.22156831374321165,-71.92818245783236,-0.7079951649110688,2,Watch,Profitability,"Review costs, pricing and product profitability","Profitability | Review costs, pricing and product profitability"
OUT0105,Franchise Outlet 0105,Franchise,Nashik,Maharashtra,West,6439027.63,1191185.77,18.499466665590315,26.307893522080324,6839.0,8.334551835063605,3.6133333333333333,6.140000000000001,2.2301644031451033,97.73333333333333,1.4665622657835042,-12.767701232291234,2.3733455043359197,2,Watch,Profitability,"Review costs, pricing and product profitability","Profitability | Review costs, pricing and product profitability"
OUT0165,Franchise Outlet 0165,Franchise,Nashik,Maharashtra,West,8284100.73,1191871.23,14.387454581325448,22.321716682800904,8301.0,6.746175159619323,3.5100000000000002,8.943333333333333,1.8330179754020812,98.13333333333333,-3.5331476534388466,29.11754815149901,4.198062432723358,2,Watch,Profitability,"Review costs, pricing and product profitability","Profitability | Review costs, pricing and product profitability"
OUT0010,Franchise Outlet 0010,Franchise,Pune,Maharashtra,West,6625006.41,1195872.1400000001,18.050882761334567,25.0187265917603,5344.0,12.911676646706587,3.7433333333333336,8.766666666666667,1.8729342636797648,98.03333333333335,17.736625657218113,-24.4095603970092,18.132201334141904,2,Watch,Profitability,"Review costs, pricing and product profitability","Profitability | Review costs, pricing and product profitability"
OUT0245,Franchise Outlet 0245,Franchise,Jaipur,Rajasthan,North,15859038.23,1219657.84,7.690616683758382,27.251665972511454,10469.0,3.7252841723182732,4.496666666666667,6.0,2.286727646070562,97.66666666666667,11.493187852174174,-72.67722875787524,7.830106905518636,2,Watch,Profitability,"Review costs, pricing and product profitability","Profitability | Review costs, pricing and product profitability"
OUT0590,Franchise Outlet 0590,Franchise,Coimbatore,Tamil Nadu,South,5888911.5,1274522.49,21.642751635849848,18.667326872745278,5278.0,9.473285335354301,3.7566666666666664,4.66,1.8959107806691449,98.06666666666666,20.421182760088293,-23.348517643833816,16.65671641791045,2,Watch,Profitability,"Review costs, pricing and product profitability","Profitability | Review costs, pricing and product profitability"
OUT0378,Franchise Outlet 0378,Franchise,Hyderabad,Telangana,South,6378515.33,1276989.13,20.020162434884355,19.50711290613022,7583.0,9.099301068178821,4.06,6.426666666666667,2.381565396498455,97.5,4.184618867080523,-75.18478548750925,-4.110612855007474,2,Watch,Profitability,"Review costs, pricing and product profitability","Profitability | Review costs, pricing and product profitability"
OUT0467,Franchise Outlet 0467,Franchise,Bengaluru,Karnataka,South,10040667.559999999,1279211.95,12.74030777690642,25.07911007253785,10303.0,4.95001455886635,4.233333333333333,7.133333333333333,0.8945748364755676,99.06666666666666,10.246250408283393,30.633096795483517,2.4159021406727827,2,Watch,Profitability,"Review costs, pricing and product profitability","Profitability | Review costs, pricing and product profitability"
OUT0167,Franchise Outlet 0167,Franchise,Bengaluru,Karnataka,South,6091023.25,1284864.03,21.094387219749983,26.940253470126734,4464.0,14.336917562724015,4.203333333333333,6.896666666666667,0.53475935828877,99.43333333333334,-11.965348558258885,14.280167629535276,-3.313452617627568,2,Watch,Sales Decline,Investigate declining demand and outlet sales drivers,Sales Decline | Investigate declining demand and outlet sales drivers
OUT0212,Franchise Outlet 0212,Franchise,Amritsar,Punjab,North,6119876.99,1286131.58,21.01564430300747,28.061494963774518,6352.0,6.6120906801007555,3.5966666666666662,6.8999999999999995,0.7034547444114428,99.26666666666667,-4.972605766912143,-68.37880203473263,-9.348314606741573,2,Watch,Profitability,"Review costs, pricing and product profitability","Profitability | Review costs, pricing and product profitability"
OUT0431,Franchise Outlet 0431,Franchise,Ahmedabad,Gujarat,West,5365087.52,1289235.71,24.030096530466295,19.81713279874829,4053.0,18.011349617567234,2.986666666666667,9.933333333333334,2.618933205189813,97.3,9.24875947629514,25.51231146673328,0.0,2,Watch,Customer Satisfaction,Review service quality and customer experience,Customer Satisfaction | Review service quality and customer experience
OUT0568,Franchise Outlet 0568,Franchise,Patna,Bihar,East,6108208.91,1297867.76,21.24792683294128,16.891253368800534,4826.0,11.396601740571901,3.4266666666666663,4.8533333333333335,2.7016129032258065,97.2,25.76849850471105,80.9642605677714,18.697068403908794,2,Watch,Conversion,Improve footfall-to-order conversion,Conversion | Improve footfall-to-order conversion
OUT0470,Franchise Outlet 0470,Franchise,Coimbatore,Tamil Nadu,South,11411005.030000001,1327635.53,11.6346941089728,26.51838890945187,7881.0,9.770333713995687,3.1300000000000003,9.076666666666666,2.4024767801857587,97.53333333333335,-1.179624803889499,192.40687250488492,11.321548821548822,2,Watch,Profitability,"Review costs, pricing and product profitability","Profitability | Review costs, pricing and product profitability"
OUT0295,Franchise Outlet 0295,Franchise,Kolkata,West Bengal,East,8181418.34,1332178.49,16.28297728630755,21.843982337623128,5788.0,11.921216309606082,3.0933333333333337,8.636666666666667,1.6315431679129844,98.3,-28.349074843148454,60.025637071529246,-24.829467939972716,2,Watch,Sales Decline,Investigate declining demand and outlet sales drivers,Sales Decline | Investigate declining demand and outlet sales drivers
OUT0207,Franchise Outlet 0207,Franchise,Guwahati,Assam,East,7458606.5600000005,1344115.8800000001,18.02100525329225,23.982330574815478,8578.0,6.295173700163208,4.07,6.73,0.5564572223510317,99.46666666666665,-23.10533138962776,81.69076652663321,-12.602179836512262,2,Watch,Sales Decline,Investigate declining demand and outlet sales drivers,Sales Decline | Investigate declining demand and outlet sales drivers
OUT0067,Franchise Outlet 0067,Franchise,Dehradun,Uttarakhand,North,15008513.58,1353051.8900000001,9.01522914169892,20.54770538952107,8216.0,6.937682570593963,3.8833333333333333,8.049999999999999,0.5928614640048396,99.39999999999999,10.955740653494422,111.78344882417792,8.022813688212928,2,Watch,Profitability,"Review costs, pricing and product profitability","Profitability | Review costs, pricing and product profitability"
OUT0249,Franchise Outlet 0249,Franchise,Mumbai,Maharashtra,West,8138705.48,1406848.57,17.285900975986664,26.571884225170507,7831.0,7.661856723279275,4.136666666666667,6.109999999999999,0.6470438974879472,99.36666666666667,5.694737303054781,-36.51889845409272,15.22491349480969,2,Watch,Profitability,"Review costs, pricing and product profitability","Profitability | Review costs, pricing and product profitability"
OUT0520,Franchise Outlet 0520,Franchise,Pune,Maharashtra,West,9377105.37,1463046.22,15.602322489418716,24.216550095376512,10664.0,5.345086271567892,3.4499999999999997,6.136666666666667,2.3443223443223444,97.60000000000001,15.211790790013403,-48.263489721988655,15.248994741725951,2,Watch,Profitability,"Review costs, pricing and product profitability","Profitability | Review costs, pricing and product profitability"
OUT0737,Franchise Outlet 0737,Franchise,Bengaluru,Karnataka,South,8606612.04,1467521.44,17.051093196481528,28.729777350632705,8968.0,6.355932203389831,4.3133333333333335,6.5200000000000005,0.7195837484778036,99.26666666666667,-0.3302933805501222,-63.423892823484366,4.8754822869168715,2,Watch,Profitability,"Review costs, pricing and product profitability","Profitability | Review costs, pricing and product profitability"
OUT0109,Franchise Outlet 0109,Franchise,Chennai,Tamil Nadu,South,10361928.77,1491271.49,14.3918330563857,22.5105479414279,8163.0,7.35023888276369,3.7533333333333334,9.729999999999999,1.030552861299709,98.93333333333334,7.267396243117995,85.27196681596273,6.925925925925926,2,Watch,Profitability,"Review costs, pricing and product profitability","Profitability | Review costs, pricing and product profitability"
OUT0259,Franchise Outlet 0259,Franchise,Chennai,Tamil Nadu,South,12575553.58,1514301.83,12.041631570067231,33.18560179977503,14751.0,3.1184326486339913,4.136666666666667,6.93,0.5259963584867489,99.5,2.579355604412035,80.12678519333443,7.501090274749236,2,Watch,Profitability,"Review costs, pricing and product profitability","Profitability | Review costs, pricing and product profitability"
OUT0107,Franchise Outlet 0107,Franchise,Bengaluru,Karnataka,South,6098993.4399999995,1539237.09,25.23755936356607,19.433420008211304,4260.0,15.258215962441314,3.5933333333333333,9.253333333333334,0.7918025151374011,99.2,-8.564603349147506,-39.10571409942464,-2.8694404591104736,2,Watch,Profitability,"Review costs, pricing and product profitability","Profitability | Review costs, pricing and product profitability"
OUT0627,Franchise Outlet 0627,Franchise,Guwahati,Assam,East,14459996.280000001,1601411.83,11.074773457687224,29.97918690162342,10803.0,5.0911783763769325,3.6099999999999994,9.563333333333333,0.7624471798640455,99.23333333333333,4.59927230104486,133.88762837475218,6.992366412213741,2,Watch,Profitability,"Review costs, pricing and product profitability","Profitability | Review costs, pricing and product profitability"
OUT0617,Franchise Outlet 0617,Franchise,Bengaluru,Karnataka,South,6715415.99,1633912.02,24.330764057402792,27.981144895532527,6589.0,8.195477310669297,3.926666666666667,7.585000000000001,0.7232183215308121,99.26666666666667,-15.110141956519026,49.023214217106045,-8.988276161528441,2,Watch,Sales Decline,Investigate declining demand and outlet sales drivers,Sales Decline | Investigate declining demand and outlet sales drivers
OUT0640,Franchise Outlet 0640,Company-Owned,Pune,Maharashtra,West,19035246.259999998,1636010.03,8.594635486475708,29.390638094097927,12275.0,5.132382892057027,3.4633333333333334,9.62,1.7056374119154387,98.26666666666667,5.530535602960504,-76.7555046427965,12.329499866274404,2,Watch,Profitability,"Review costs, pricing and product profitability","Profitability | Review costs, pricing and product profitability"
OUT0532,Franchise Outlet 0532,Franchise,Vijayawada,Andhra Pradesh,South,8201779.85,1641671.7,20.016042005809265,21.90413097998391,4629.0,16.418232879671635,2.936666666666667,12.073333333333332,0.6225848003434951,99.36666666666667,-2.4077353261630283,379.4289717488435,-1.2025316455696202,2,Watch,Customer Satisfaction,Review service quality and customer experience,Customer Satisfaction | Review service quality and customer experience
OUT0177,Franchise Outlet 0177,Franchise,Guwahati,Assam,East,9499554.06,1661065.74,17.485723324574668,22.522853261867176,6135.0,9.127954360228198,3.48,7.776666666666666,0.7602717567130378,99.26666666666667,12.2776801303297,-40.29673892764959,8.850512682137076,2,Watch,Profitability,"Review costs, pricing and product profitability","Profitability | Review costs, pricing and product profitability"
OUT0419,Franchise Outlet 0419,Franchise,Ranchi,Jharkhand,East,10590774.33,1737289.85,16.40380387559443,36.30654452733969,7689.0,7.9334113668877615,4.586666666666667,2.4433333333333334,0.6075491209927611,99.39999999999999,3.4787433689143463,-41.88163144987069,7.169970476592155,2,Watch,Profitability,"Review costs, pricing and product profitability","Profitability | Review costs, pricing and product profitability"
OUT0085,Franchise Outlet 0085,Franchise,Kolkata,West Bengal,East,8689921.14,1777543.1400000001,20.455227514297096,25.16693703550006,6671.0,8.694348673362315,4.073333333333333,8.956666666666667,1.911483605352154,98.10000000000001,-14.227851416022364,24.49985126099591,-17.792155276991508,2,Watch,Sales Decline,Investigate declining demand and outlet sales drivers,Sales Decline | Investigate declining demand and outlet sales drivers
OUT0483,Franchise Outlet 0483,Franchise,Chandigarh,Chandigarh,North,7950713.21,1791177.12,22.528508734878645,17.192184057499908,4760.0,13.655462184873949,3.105,11.39,2.419024190241902,97.53333333333335,9.83866828592601,133.69380956768936,0.30731407498463426,2,Watch,Conversion,Improve footfall-to-order conversion,Conversion | Improve footfall-to-order conversion
OUT0266,Franchise Outlet 0266,Franchise,Bhubaneswar,Odisha,East,7581821.37,1866347.94,24.616089576903338,21.463630511747667,5335.0,14.058106841611997,3.635,10.106666666666667,2.5926602154464122,97.33333333333333,3.885782704981924,30.08772530837855,-4.858515750133476,2,Watch,Inventory Wastage,"Review stock handling, demand planning and shelf-life management","Inventory Wastage | Review stock handling, demand planning and shelf-life management"
OUT0332,Franchise Outlet 0332,Franchise,Amritsar,Punjab,North,12945258.74,1948866.76,15.054675994834538,30.535605438210585,11522.0,3.9055719493143553,3.4066666666666667,5.609999999999999,0.7152089616544592,99.26666666666667,-5.302135061523452,-59.873107890373575,-2.3062969681264573,2,Watch,Profitability,"Review costs, pricing and product profitability","Profitability | Review costs, pricing and product profitability"
OUT0728,Franchise Outlet 0728,Franchise,Jammu,Jammu & Kashmir,North,7356291.34,2057899.6099999999,27.974688805623078,23.90024069237466,4667.0,17.141632740518535,2.703333333333333,7.9433333333333325,2.9124193883919283,97.0,2.1530205324204457,24.818627981830176,2.7688345138441726,2,Watch,Customer Satisfaction,Review service quality and customer experience,Customer Satisfaction | Review service quality and customer experience
OUT0294,Franchise Outlet 0294,Franchise,Visakhapatnam,Andhra Pradesh,South,11475849.91,2062428.72,17.971903921493514,38.46287300485774,8868.0,6.427604871447903,4.31,2.893333333333333,0.705408128988915,99.26666666666667,-1.6552767399887445,-51.4921598979196,2.7201632097925876,2,Watch,Profitability,"Review costs, pricing and product profitability","Profitability | Review costs, pricing and product profitability"
OUT0049,Franchise Outlet 0049,Franchise,Chennai,Tamil Nadu,South,11248050.0,2112292.5,18.779188392654728,25.08600229339449,9407.0,6.590836611034336,4.026666666666666,3.9266666666666663,0.6337805006865955,99.36666666666667,-11.367931465640597,2.248572874248067,-11.310056699492689,2,Watch,Sales Decline,Investigate declining demand and outlet sales drivers,Sales Decline | Investigate declining demand and outlet sales drivers
OUT0370,Franchise Outlet 0370,Franchise,Pune,Maharashtra,West,10791377.83,2113836.91,19.58820220457428,31.756245268735807,7551.0,6.886505098662429,3.973333333333333,4.846666666666667,1.8968429258152526,98.03333333333335,-7.426597471754117,-91.0704151135178,-9.504437869822485,2,Watch,Profitability,"Review costs, pricing and product profitability","Profitability | Review costs, pricing and product profitability"
OUT0667,Franchise Outlet 0667,Franchise,Dehradun,Uttarakhand,North,17395969.18,2145166.15,12.331397738197188,31.316915250317955,13543.0,4.356494129808757,3.7133333333333334,6.376666666666666,0.34584253127299486,99.63333333333333,8.33622504636299,-19.885263527186666,4.281996687958363,2,Watch,Profitability,"Review costs, pricing and product profitability","Profitability | Review costs, pricing and product profitability"
OUT0554,Franchise Outlet 0554,Franchise,Nagpur,Maharashtra,West,9910523.06,2158655.91,21.781452875202735,30.952632412736968,11723.0,4.521027040859848,4.273333333333333,6.496666666666667,0.8793438741861842,99.13333333333333,-13.385108475338194,144.2059685864264,-15.605095541401273,2,Watch,Sales Decline,Investigate declining demand and outlet sales drivers,Sales Decline | Investigate declining demand and outlet sales drivers
OUT0592,Franchise Outlet 0592,Franchise,Vijayawada,Andhra Pradesh,South,11991930.030000001,2188184.18,18.247139322243026,24.63632645907577,8434.0,6.639791320844202,3.4433333333333334,7.946666666666666,0.5424528301886792,99.46666666666665,26.778169392028516,-44.1371360534824,23.12357846853677,2,Watch,Profitability,"Review costs, pricing and product profitability","Profitability | Review costs, pricing and product profitability"
OUT0572,Franchise Outlet 0572,Franchise,Amritsar,Punjab,North,9700878.129999999,2227374.0300000003,22.96054027430608,28.843434819492884,6120.0,12.091503267973856,3.7733333333333334,7.366666666666667,0.5039830921801334,99.5,-1.7118843314302394,-44.65989878057611,3.709349593495935,2,Watch,Profitability,"Review costs, pricing and product profitability","Profitability | Review costs, pricing and product profitability"
OUT0127,Franchise Outlet 0127,Franchise,Dehradun,Uttarakhand,North,11017571.19,2322360.9299999997,21.07870137574305,21.410367796119317,7393.0,7.57473285540376,3.895,9.376666666666667,0.5381407237992736,99.43333333333334,-5.372453199324122,-25.664038276923804,-7.529411764705881,2,Watch,Profitability,"Review costs, pricing and product profitability","Profitability | Review costs, pricing and product profitability"
OUT0685,Franchise Outlet 0685,Franchise,Kolkata,West Bengal,East,9974527.79,2333520.2199999997,23.394793910339086,25.32299741602067,10094.0,5.052506439468992,3.703333333333333,7.386666666666667,1.866614816255104,98.16666666666667,37.93132249109733,-17.82371525618984,30.15177065767285,2,Watch,Profitability,"Review costs, pricing and product profitability","Profitability | Review costs, pricing and product profitability"
OUT0492,Franchise Outlet 0492,Franchise,Surat,Gujarat,West,11056968.61,2507799.3200000003,22.68071302772741,25.25552001248342,9711.0,5.663680362475543,3.8066666666666666,9.186666666666666,0.7359705611775529,99.26666666666667,-7.091848937385286,-15.435528290653775,-5.063684374029202,2,Watch,Profitability,"Review costs, pricing and product profitability","Profitability | Review costs, pricing and product profitability"
OUT0250,Franchise Outlet 0250,Franchise,Pune,Maharashtra,West,15971912.440000001,2555179.83,15.99795791267185,29.46479914565021,14347.0,3.066843242489719,4.199999999999999,6.989999999999999,1.7530644388139425,98.23333333333333,-1.6354627395013854,-26.931497023480638,-9.128121162505117,2,Watch,Profitability,"Review costs, pricing and product profitability","Profitability | Review costs, pricing and product profitability"
OUT0459,Franchise Outlet 0459,Franchise,Mumbai,Maharashtra,West,13308554.8,2565989.02,19.28074880076385,26.56432558743347,8185.0,10.262675626145388,3.1366666666666667,5.553333333333334,0.7156720038816109,99.33333333333333,-15.672299019099814,-9.202672458538617,-7.0412999322951935,2,Watch,Sales Decline,Investigate declining demand and outlet sales drivers,Sales Decline | Investigate declining demand and outlet sales drivers
OUT0732,Franchise Outlet 0732,Franchise,Surat,Gujarat,West,12786860.59,2566402.7399999998,20.070624231307114,28.21031984561359,8917.0,5.495121677694292,3.7866666666666666,7.823333333333333,0.8671484157865481,99.13333333333333,-11.9267202734366,56.30233155892832,-15.167493796526054,2,Watch,Sales Decline,Investigate declining demand and outlet sales drivers,Sales Decline | Investigate declining demand and outlet sales drivers
OUT0349,Franchise Outlet 0349,Franchise,Chennai,Tamil Nadu,South,21449677.45,2669678.92,12.446242728932038,32.75735387265956,12929.0,5.104803155696496,3.6466666666666665,8.156666666666666,0.5155432440751001,99.5,9.532229700221444,-77.7346345121378,7.292418772563177,2,Watch,Profitability,"Review costs, pricing and product profitability","Profitability | Review costs, pricing and product profitability"
OUT0359,Franchise Outlet 0359,Franchise,Ranchi,Jharkhand,East,16401471.94,2836426.84,17.293733454998673,32.320661157024794,9777.0,5.216324025774778,3.33,7.636666666666667,0.5897305541433655,99.43333333333334,0.7750868515351521,-13.980588264486876,-6.932711913778037,2,Watch,Profitability,"Review costs, pricing and product profitability","Profitability | Review costs, pricing and product profitability"
OUT0300,Franchise Outlet 0300,Franchise,Siliguri,West Bengal,East,17737621.77,2920172.32,16.46315587210765,27.967176829432884,10361.0,5.308367918154618,4.136666666666667,8.84,1.3707758210376013,98.63333333333333,-2.9179367990460308,-44.37066478417536,-3.1523642732049035,2,Watch,Profitability,"Review costs, pricing and product profitability","Profitability | Review costs, pricing and product profitability"
OUT0642,Franchise Outlet 0642,Franchise,Surat,Gujarat,West,14685809.13,3014981.3899999997,20.529896332651028,22.16555511965477,9040.0,5.420353982300885,4.173333333333333,7.926666666666667,0.7574925897464047,99.23333333333333,8.867203975630895,-57.396322635479834,10.050761421319796,2,Watch,Profitability,"Review costs, pricing and product profitability","Profitability | Review costs, pricing and product profitability"
OUT0137,Franchise Outlet 0137,Company-Owned,Bengaluru,Karnataka,South,14576946.23,3080693.42,21.134011001973764,30.323779712413184,9300.0,5.806451612903226,3.6,5.9799999999999995,0.8317338451695457,99.13333333333333,-5.269016555847488,-20.085439062423127,-7.096774193548387,2,Watch,Profitability,"Review costs, pricing and product profitability","Profitability | Review costs, pricing and product profitability"
OUT0735,Franchise Outlet 0735,Franchise,Nashik,Maharashtra,West,25096939.3,3158447.1100000003,12.584989238110003,38.131839236230505,18852.0,2.5991937194992576,3.9233333333333333,4.386666666666667,2.219917012448133,97.66666666666667,-7.518667872202123,34.56548670283548,-9.654389096219374,2,Watch,Profitability,"Review costs, pricing and product profitability","Profitability | Review costs, pricing and product profitability"
OUT0489,Franchise Outlet 0489,Franchise,Mumbai,Maharashtra,West,13476724.01,3194576.64,23.70440054741464,34.24155207333973,16061.0,3.2999190585891287,4.126666666666666,6.506666666666667,0.6618010885700149,99.36666666666667,-5.285907269506701,-25.702573284764373,-1.9741439552760305,2,Watch,Profitability,"Review costs, pricing and product profitability","Profitability | Review costs, pricing and product profitability"
OUT0469,Franchise Outlet 0469,Franchise,Chennai,Tamil Nadu,South,14192059.31,3456144.65,24.352664926961893,29.776853158976646,12023.0,4.07552191632704,3.823333333333333,8.03,0.4223952294185854,99.56666666666666,13.65837611081043,-32.49210230210037,6.865048290263638,2,Watch,Profitability,"Review costs, pricing and product profitability","Profitability | Review costs, pricing and product profitability"
OUT0422,Franchise Outlet 0422,Franchise,Amritsar,Punjab,North,19571726.9,3460278.8899999997,17.67998760497726,24.12183672368208,8941.0,5.5922156358349175,3.585,4.746666666666667,0.681441106082377,99.33333333333333,-7.563714780451732,-13.063478188677921,-6.722870730652832,2,Watch,Profitability,"Review costs, pricing and product profitability","Profitability | Review costs, pricing and product profitability"
OUT0324,Franchise Outlet 0324,Franchise,Visakhapatnam,Andhra Pradesh,South,18692187.22,3562326.87,19.057838593593974,37.28538638102525,12183.0,4.678650578675204,4.423333333333333,5.53,0.7656593630365724,99.2,-20.461171349989748,36.68747038888793,-22.585635359116022,2,Watch,Sales Decline,Investigate declining demand and outlet sales drivers,Sales Decline | Investigate declining demand and outlet sales drivers
OUT0560,Franchise Outlet 0560,Franchise,Coimbatore,Tamil Nadu,South,20564218.1,4579244.57,22.268021802394713,20.465859665671015,7811.0,7.041351939572397,3.5066666666666664,6.95,1.9786055507571194,97.96666666666665,-12.98626811662172,27.746340620013438,,2,Watch,Sales Decline,Investigate declining demand and outlet sales drivers,Sales Decline | Investigate declining demand and outlet sales drivers
OUT0704,Franchise Outlet 0704,Franchise,Nagpur,Maharashtra,West,1121123.22,199230.33000000002,17.77060063032144,19.015121102636158,1421.0,57.70584095707248,3.25,7.8933333333333335,0.49019607843137253,99.5,1.814418338005046,84.35595178840049,-8.438818565400844,1,Watch,Customer Complaints,Investigate complaint drivers and service bottlenecks,Customer Complaints | Investigate complaint drivers and service bottlenecks
OUT0429,Franchise Outlet 0429,Franchise,Mumbai,Maharashtra,West,1553391.1400000001,241198.27999999997,15.527208427363629,25.24772416015468,3134.0,17.230376515634973,3.8366666666666664,10.866666666666667,0.7599746675110829,99.23333333333333,3.8840708331954272,107.20528728633458,-0.9054325955734407,1,Watch,Employee Turnover,Review staffing stability and retention factors,Employee Turnover | Review staffing stability and retention factors
OUT0142,Franchise Outlet 0142,Franchise,Vijayawada,Andhra Pradesh,South,1488725.16,261622.02000000002,17.57356072359253,28.864325191656263,1619.0,45.70722668313774,3.543333333333333,9.39,0.7357449417535254,99.23333333333333,-5.412547072893958,629.4349740050967,-4.411764705882353,1,Watch,Customer Complaints,Investigate complaint drivers and service bottlenecks,Customer Complaints | Investigate complaint drivers and service bottlenecks
OUT0440,Franchise Outlet 0440,Franchise,Coimbatore,Tamil Nadu,South,1583561.02,299557.69,18.916712789507788,20.862278090197375,1892.0,41.2262156448203,3.046666666666667,9.023333333333333,2.1210553543714434,97.83333333333333,-6.386379954948225,-2.5585641475107956,-7.069219440353461,1,Watch,Customer Complaints,Investigate complaint drivers and service bottlenecks,Customer Complaints | Investigate complaint drivers and service bottlenecks
OUT0663,Franchise Outlet 0663,Franchise,Chandigarh,Chandigarh,North,1803191.67,303079.7,16.807958080241132,17.010356104651162,3745.0,15.754339118825103,3.31,9.033333333333333,1.8862981399004455,98.06666666666666,5.164799207666502,25.55317729616901,-3.9291217257318953,1,Watch,Conversion,Improve footfall-to-order conversion,Conversion | Improve footfall-to-order conversion
OUT0578,Franchise Outlet 0578,Franchise,Jammu,Jammu & Kashmir,North,2162819.11,336862.14,15.575141649270893,22.858792583563226,3563.0,11.507156890261015,3.91,5.816666666666667,2.5170998632010946,97.39999999999999,3.1655496239791177,138.58120400320058,-8.30670926517572,1,Watch,Inventory Wastage,"Review stock handling, demand planning and shelf-life management","Inventory Wastage | Review stock handling, demand planning and shelf-life management"
OUT0678,Franchise Outlet 0678,Franchise,Hyderabad,Telangana,South,2126679.26,348871.18,16.4045037990355,19.460740072202164,1725.0,35.362318840579704,3.1799999999999997,9.226666666666667,1.821286283437678,98.13333333333333,-4.198111559384868,45.87890063103739,-5.201342281879195,1,Watch,Customer Complaints,Investigate complaint drivers and service bottlenecks,Customer Complaints | Investigate complaint drivers and service bottlenecks
OUT0152,Franchise Outlet 0152,Franchise,Amritsar,Punjab,North,2320721.89,388396.56,16.73602346207886,19.113388282468254,4290.0,20.97902097902098,3.15,6.82,0.8321775312066574,99.16666666666667,-7.529501720997161,86.42296382226777,-4.75177304964539,1,Watch,Customer Complaints,Investigate complaint drivers and service bottlenecks,Customer Complaints | Investigate complaint drivers and service bottlenecks
OUT0438,Franchise Outlet 0438,Franchise,Hyderabad,Telangana,South,1758540.77,416528.47,23.686028615645913,24.0284928415262,3407.0,18.784854710889345,3.626666666666667,9.126666666666667,2.906811057281277,96.96666666666665,26.504052556178753,12.486604541955082,18.20754716981132,1,Watch,Inventory Wastage,"Review stock handling, demand planning and shelf-life management","Inventory Wastage | Review stock handling, demand planning and shelf-life management"
OUT0683,Franchise Outlet 0683,Franchise,Mysuru,Karnataka,South,2384213.16,499336.23,20.943439050558716,26.268949392865228,3483.0,14.355440712029859,4.363333333333333,5.703333333333333,3.571428571428571,96.3,8.32844615923523,40.45938535190165,-4.100418410041841,1,Watch,Inventory Wastage,"Review stock handling, demand planning and shelf-life management","Inventory Wastage | Review stock handling, demand planning and shelf-life management"
OUT0353,Franchise Outlet 0353,Company-Owned,Mysuru,Karnataka,South,3524563.95,535962.22,15.206483060124357,25.6714159626781,2036.0,33.39882121807466,3.643333333333333,7.12,2.3501199040767387,97.60000000000001,12.401491221751765,99.6495894776173,-0.2890173410404624,1,Watch,Customer Complaints,Investigate complaint drivers and service bottlenecks,Customer Complaints | Investigate complaint drivers and service bottlenecks
OUT0464,Franchise Outlet 0464,Franchise,Nagpur,Maharashtra,West,3017717.99,557625.85,18.47839499409287,18.376268540202968,2354.0,19.11639762107052,3.92,6.713333333333334,0.7169970476592155,99.26666666666667,4.799576161003878,56.407078376964805,-5.237515225334957,1,Watch,Conversion,Improve footfall-to-order conversion,Conversion | Improve footfall-to-order conversion
OUT0451,Franchise Outlet 0451,Franchise,Ludhiana,Punjab,North,3039675.39,602692.2,19.827518490387224,21.29690585911784,5823.0,14.597286622016142,3.3033333333333332,9.336666666666666,3.7043161898462045,96.2,-0.26532526017334523,64.12127175077173,11.767895878524946,1,Watch,Inventory Wastage,"Review stock handling, demand planning and shelf-life management","Inventory Wastage | Review stock handling, demand planning and shelf-life management"
OUT0246,Franchise Outlet 0246,Company-Owned,Lucknow,Uttar Pradesh,North,2883645.59,605988.55,21.01466810281634,21.847061061441885,2297.0,30.474531998258595,3.795,7.576666666666667,2.1303792074989345,97.8,-4.286929671018248,23.054372803938726,-6.265060240963856,1,Watch,Customer Complaints,Investigate complaint drivers and service bottlenecks,Customer Complaints | Investigate complaint drivers and service bottlenecks
OUT0143,Franchise Outlet 0143,Franchise,Mysuru,Karnataka,South,2739031.58,607327.71,22.173081699189463,19.693071126631136,2143.0,46.19692020531964,3.1366666666666667,8.950000000000001,2.190780465540849,97.76666666666667,12.321091270762485,27.354210988118666,7.320644216691069,1,Watch,Customer Complaints,Investigate complaint drivers and service bottlenecks,Customer Complaints | Investigate complaint drivers and service bottlenecks
OUT0268,Franchise Outlet 0268,Franchise,Patna,Bihar,East,4014816.9,631168.44,15.720976964105137,18.82368977032645,5524.0,13.215061549601737,3.043333333333333,9.38,2.5405786873676783,97.39999999999999,-3.1963401501281803,63.10516710807698,-3.6979166666666665,1,Watch,Inventory Wastage,"Review stock handling, demand planning and shelf-life management","Inventory Wastage | Review stock handling, demand planning and shelf-life management"
OUT0081,Franchise Outlet 0081,Franchise,Kochi,Kerala,South,3572242.5,632325.0700000001,17.70106788662864,24.743546387104047,4390.0,10.70615034168565,4.6066666666666665,6.710000000000001,3.7069532792279007,96.13333333333333,4.122741869515258,27.865443290940213,2.1739130434782608,1,Watch,Inventory Wastage,"Review stock handling, demand planning and shelf-life management","Inventory Wastage | Review stock handling, demand planning and shelf-life management"
OUT0400,Franchise Outlet 0400,Franchise,Pune,Maharashtra,West,2277083.76,635156.82,27.893432431312938,27.22149410222805,2077.0,34.66538276360135,4.03,5.843333333333334,2.0283018867924527,97.89999999999999,17.670123852658026,26.43280191470423,5.079825834542816,1,Watch,Customer Complaints,Investigate complaint drivers and service bottlenecks,Customer Complaints | Investigate complaint drivers and service bottlenecks
OUT0533,Franchise Outlet 0533,Franchise,Mysuru,Karnataka,South,2996088.67,646742.03,21.58621126523602,33.08131143033886,4813.0,10.80407230417619,4.176666666666667,7.3566666666666665,3.8169464428457234,96.03333333333335,-4.588219888161797,48.03449294175516,1.7565872020075282,1,Watch,Inventory Wastage,"Review stock handling, demand planning and shelf-life management","Inventory Wastage | Review stock handling, demand planning and shelf-life management"
OUT0159,Franchise Outlet 0159,Franchise,Mumbai,Maharashtra,West,3764782.26,650783.58,17.286088146834818,17.453699640129905,3977.0,13.578073925069148,3.1999999999999997,8.246666666666668,0.624687656171914,99.33333333333333,8.599864023400086,51.76939490996354,11.009174311926607,1,Watch,Conversion,Improve footfall-to-order conversion,Conversion | Improve footfall-to-order conversion
OUT0458,Franchise Outlet 0458,Company-Owned,Jammu,Jammu & Kashmir,North,2885794.84,674092.4299999999,23.35898660072453,24.2500681756204,3557.0,12.932246274950801,4.31,5.03,3.342391304347826,96.53333333333335,4.974651874988771,51.118890967856146,-1.7529215358931551,1,Watch,Inventory Wastage,"Review stock handling, demand planning and shelf-life management","Inventory Wastage | Review stock handling, demand planning and shelf-life management"
OUT0018,Franchise Outlet 0018,Company-Owned,Hyderabad,Telangana,South,4287466.97,684050.6,15.954655855926045,28.58575727181545,3420.0,12.865497076023393,3.9450000000000003,5.746666666666666,2.7303754266211606,97.13333333333333,19.157958112673978,41.69265700220932,10.197086546700943,1,Watch,Inventory Wastage,"Review stock handling, demand planning and shelf-life management","Inventory Wastage | Review stock handling, demand planning and shelf-life management"
OUT0350,Franchise Outlet 0350,Franchise,Coimbatore,Tamil Nadu,South,2828262.0,684096.51,24.18787615857371,20.562993477514592,2995.0,26.043405676126877,3.2566666666666664,8.293333333333335,1.9960732984293195,97.96666666666665,7.598157143446328,1.9421020852828406,2.357563850687623,1,Watch,Customer Complaints,Investigate complaint drivers and service bottlenecks,Customer Complaints | Investigate complaint drivers and service bottlenecks
OUT0376,Franchise Outlet 0376,Franchise,Vadodara,Gujarat,West,4282643.59,745055.19,17.397086036757965,18.55098191501165,5016.0,16.74641148325359,3.03,9.78,2.771855010660981,97.23333333333333,11.218714851088816,608.5684347452292,6.470940683043739,1,Watch,Inventory Wastage,"Review stock handling, demand planning and shelf-life management","Inventory Wastage | Review stock handling, demand planning and shelf-life management"
OUT0450,Franchise Outlet 0450,Franchise,Siliguri,West Bengal,East,3878742.01,789275.8,20.348757353933937,22.30478249121859,3302.0,22.410660205935795,3.2900000000000005,10.049999999999999,1.9887206886316413,97.93333333333334,7.084853708291414,8.80212246033758,0.0,1,Watch,Customer Complaints,Investigate complaint drivers and service bottlenecks,Customer Complaints | Investigate complaint drivers and service bottlenecks
OUT0262,Franchise Outlet 0262,Franchise,Vijayawada,Andhra Pradesh,South,4177967.68,796902.12,19.073917776214103,21.22321114884647,7249.0,7.173403228031452,2.9933333333333336,6.989999999999999,0.8751538356351704,99.13333333333333,15.533835356288291,48.53114641948398,10.644257703081232,1,Watch,Customer Satisfaction,Review service quality and customer experience,Customer Satisfaction | Review service quality and customer experience
OUT0244,Franchise Outlet 0244,Franchise,Delhi,Delhi,North,4098361.71,833849.5700000001,20.34592427421444,15.003419193070435,3291.0,16.712245518079612,3.28,5.1933333333333325,0.9033423667570009,99.10000000000001,27.311933073171634,38.84995140095626,13.996138996138995,1,Watch,Conversion,Improve footfall-to-order conversion,Conversion | Improve footfall-to-order conversion
OUT0502,Franchise Outlet 0502,Franchise,Vijayawada,Andhra Pradesh,South,4632735.49,844582.97,18.23076175670025,19.253988788270807,5358.0,13.251213139231057,2.8466666666666662,9.69,0.4644250417982537,99.53333333333335,2.314613407902838,144.10936428463378,-2.2954679223072394,1,Watch,Customer Satisfaction,Review service quality and customer experience,Customer Satisfaction | Review service quality and customer experience
OUT0163,Franchise Outlet 0163,Franchise,Indore,Madhya Pradesh,West,3953985.3,894984.51,22.634998415396236,21.1079174287954,4039.0,8.913097301312206,4.163333333333333,7.453333333333333,2.8385855184026942,97.06666666666666,12.07174296408782,32.37277895585458,-0.07342143906020558,1,Watch,Inventory Wastage,"Review stock handling, demand planning and shelf-life management","Inventory Wastage | Review stock handling, demand planning and shelf-life management"
OUT0638,Franchise Outlet 0638,Franchise,Jammu,Jammu & Kashmir,North,5970194.0600000005,959389.95,16.069661058890265,26.90868472493717,4818.0,15.151515151515152,3.5,7.716666666666666,3.0193236714975846,97.0,1.4852909287981797,1224.8259093462318,9.782608695652174,1,Watch,Inventory Wastage,"Review stock handling, demand planning and shelf-life management","Inventory Wastage | Review stock handling, demand planning and shelf-life management"
OUT0106,Franchise Outlet 0106,Franchise,Vadodara,Gujarat,West,5656130.56,978151.33,17.293648363025056,28.25120501661285,6037.0,7.454033460327977,3.983333333333333,7.313333333333333,2.6604321186713964,97.23333333333333,-4.944106166747346,43.72948046885329,-4.408817635270541,1,Watch,Inventory Wastage,"Review stock handling, demand planning and shelf-life management","Inventory Wastage | Review stock handling, demand planning and shelf-life management"
OUT0698,Franchise Outlet 0698,Franchise,Jammu,Jammu & Kashmir,North,5616921.35,1002657.01,17.85065069497546,20.170589633856395,6787.0,7.514365699130691,3.723333333333333,7.07,2.457602759413625,97.5,-8.526736229783678,54.995176618813325,0.4061371841155234,1,Watch,Inventory Wastage,"Review stock handling, demand planning and shelf-life management","Inventory Wastage | Review stock handling, demand planning and shelf-life management"
OUT0313,Franchise Outlet 0313,Franchise,Indore,Madhya Pradesh,West,5238482.109999999,1005461.16,19.193750000226693,28.299133606931143,3103.0,23.5256203673864,4.156666666666667,5.626666666666668,2.1752837326607817,97.61666666666667,156.28158462567927,67.09649695538539,125.03516174402249,1,Watch,Customer Complaints,Investigate complaint drivers and service bottlenecks,Customer Complaints | Investigate complaint drivers and service bottlenecks
OUT0736,Franchise Outlet 0736,Franchise,Vadodara,Gujarat,West,5235322.35,1022598.53,19.532675576318624,28.418969538483285,4021.0,11.937329022631188,4.176666666666667,6.426666666666667,2.874396135265701,97.06666666666666,-4.703923905804632,185.0738443111748,-7.36240171551108,1,Watch,Inventory Wastage,"Review stock handling, demand planning and shelf-life management","Inventory Wastage | Review stock handling, demand planning and shelf-life management"
OUT0197,Franchise Outlet 0197,Franchise,Bengaluru,Karnataka,South,6392033.77,1024997.5800000001,16.03554700869486,16.44918444165621,3933.0,17.289600813628276,3.4,7.82,0.4807692307692308,99.53333333333335,8.906298404727048,241.92666195642389,3.0464584920030466,1,Watch,Conversion,Improve footfall-to-order conversion,Conversion | Improve footfall-to-order conversion
OUT0574,Franchise Outlet 0574,Franchise,Delhi,Delhi,North,6059073.8,1081636.98,17.851523445712115,17.24832612431119,5822.0,12.366884232222604,3.1933333333333334,8.223333333333333,0.6823609689525759,99.36666666666667,-4.197508976517521,1.202637686572407,-7.794589637780834,1,Watch,Conversion,Improve footfall-to-order conversion,Conversion | Improve footfall-to-order conversion
OUT0428,Franchise Outlet 0428,Company-Owned,Jammu,Jammu & Kashmir,North,5515044.529999999,1109514.1,20.117953607892268,20.39983164983165,4847.0,12.997730554982464,3.4899999999999998,8.33,3.407732164208848,96.46666666666665,14.71893488524115,93.7996063812552,5.862977602108037,1,Watch,Inventory Wastage,"Review stock handling, demand planning and shelf-life management","Inventory Wastage | Review stock handling, demand planning and shelf-life management"
OUT0563,Franchise Outlet 0563,Franchise,Mysuru,Karnataka,South,6005103.61,1165021.98,19.400530876102568,27.232572891948404,11591.0,4.8313346561987744,3.9133333333333336,5.3,2.514718250630782,97.46666666666665,17.487832510552053,3.7144237509504534,13.71822033898305,1,Watch,Inventory Wastage,"Review stock handling, demand planning and shelf-life management","Inventory Wastage | Review stock handling, demand planning and shelf-life management"
OUT0652,Franchise Outlet 0652,Franchise,Vijayawada,Andhra Pradesh,South,5635708.42,1220804.2,21.661947514310896,17.59801517468194,6100.0,8.360655737704917,3.3966666666666665,6.323333333333333,0.8452535760728219,99.16666666666667,1.373262900735734,75.76350387500096,5.972288580984233,1,Watch,Conversion,Improve footfall-to-order conversion,Conversion | Improve footfall-to-order conversion
OUT0181,Franchise Outlet 0181,Franchise,Ludhiana,Punjab,North,6697781.14,1234235.5899999999,18.42752941909356,19.79084138805261,7494.0,6.538564184681078,3.69,6.416666666666667,2.8267634854771786,97.03333333333335,14.567652151907023,545.7472253693898,9.279661016949152,1,Watch,Inventory Wastage,"Review stock handling, demand planning and shelf-life management","Inventory Wastage | Review stock handling, demand planning and shelf-life management"
OUT0656,Franchise Outlet 0656,Franchise,Bhubaneswar,Odisha,East,6768858.6899999995,1265221.94,18.69180607757672,26.546216286986123,10138.0,5.918327086210298,3.8699999999999997,6.196666666666666,3.5761841354384627,96.3,10.544356418855335,108.60155376761887,9.129770992366412,1,Watch,Inventory Wastage,"Review stock handling, demand planning and shelf-life management","Inventory Wastage | Review stock handling, demand planning and shelf-life management"
OUT0708,Franchise Outlet 0708,Franchise,Hyderabad,Telangana,South,7111061.75,1314945.0999999999,18.491543826067886,20.35073869403406,7218.0,9.14380714879468,3.546666666666667,9.006666666666666,2.643647154032911,97.33333333333333,-2.1238017929619857,61.04256639472443,-5.2051671732522795,1,Watch,Inventory Wastage,"Review stock handling, demand planning and shelf-life management","Inventory Wastage | Review stock handling, demand planning and shelf-life management"
OUT0041,Franchise Outlet 0041,Franchise,Ahmedabad,Gujarat,West,7445331.39,1346453.24,18.084530687357354,26.819195755712304,8897.0,7.643025739013151,3.453333333333333,5.796666666666667,2.9029793735676086,96.96666666666665,-6.498233628375423,10.184020883238208,-7.379046293073442,1,Watch,Inventory Wastage,"Review stock handling, demand planning and shelf-life management","Inventory Wastage | Review stock handling, demand planning and shelf-life management"
OUT0026,Franchise Outlet 0026,Franchise,Bhubaneswar,Odisha,East,8359680.18,1405729.8399999999,16.81559353625894,27.78576125873785,11408.0,5.434782608695652,3.6999999999999997,5.663333333333334,2.6205719163465644,97.3,8.485833712622352,141.15867817620693,4.932962307108525,1,Watch,Inventory Wastage,"Review stock handling, demand planning and shelf-life management","Inventory Wastage | Review stock handling, demand planning and shelf-life management"
OUT0721,Franchise Outlet 0721,Franchise,Ludhiana,Punjab,North,7720700.75,1415138.5899999999,18.32914700132627,29.248046875,8386.0,7.393274505127593,3.7133333333333334,7.28,3.708806981283729,96.16666666666667,-5.23537338802087,-7.0735950970843735,-1.9680653546230968,1,Watch,Inventory Wastage,"Review stock handling, demand planning and shelf-life management","Inventory Wastage | Review stock handling, demand planning and shelf-life management"
OUT0382,Franchise Outlet 0382,Franchise,Vijayawada,Andhra Pradesh,South,8227317.5,1464578.1,17.801404892907076,21.770872980173696,6292.0,9.376986649713922,3.606666666666667,10.793333333333335,0.5217391304347827,99.5,-9.491165373794175,10.075202055519128,-8.775877587758776,1,Watch,Employee Turnover,Review staffing stability and retention factors,Employee Turnover | Review staffing stability and retention factors
OUT0139,Franchise Outlet 0139,Franchise,Chennai,Tamil Nadu,South,9372834.03,1465109.63,15.631447492941469,14.460397820012727,5227.0,13.00937440214272,3.495,9.05,0.7217473884140551,99.26666666666667,-8.567586629309316,102.42948528588956,-4.701327433628318,1,Watch,Conversion,Improve footfall-to-order conversion,Conversion | Improve footfall-to-order conversion
OUT0218,Franchise Outlet 0218,Franchise,Jammu,Jammu & Kashmir,North,7744968.8100000005,1542270.41,19.913190715612448,20.92599343784178,5740.0,11.846689895470384,3.67,6.903333333333333,3.1550531466171754,96.76666666666667,14.928968071939739,82.19397240235301,5.208333333333334,1,Watch,Inventory Wastage,"Review stock handling, demand planning and shelf-life management","Inventory Wastage | Review stock handling, demand planning and shelf-life management"
OUT0097,Franchise Outlet 0097,Franchise,Dehradun,Uttarakhand,North,8136245.3100000005,1548396.9,19.030853188471525,14.979396652591953,5889.0,10.528103243335032,3.393333333333333,6.826666666666667,0.7248819959541469,99.3,5.142628169283732,182.92113900117616,2.3979591836734695,1,Watch,Conversion,Improve footfall-to-order conversion,Conversion | Improve footfall-to-order conversion
OUT0088,Franchise Outlet 0088,Franchise,Patna,Bihar,East,7357213.84,1578915.76,21.46078385564501,17.001828153564897,4650.0,17.63440860215054,3.1466666666666665,10.036666666666667,2.3314429741650917,97.60000000000001,13.544892002579637,41.364278253928106,22.031473533619454,1,Watch,Conversion,Improve footfall-to-order conversion,Conversion | Improve footfall-to-order conversion
OUT0311,Franchise Outlet 0311,Franchise,Ahmedabad,Gujarat,West,7414840.3100000005,1592789.7999999998,21.48110725799299,32.54770558836893,5731.0,8.898970511254582,4.223333333333334,4.926666666666667,3.437236731255265,96.46666666666665,2.2846356696055587,35.06796380828302,16.006692693809256,1,Watch,Inventory Wastage,"Review stock handling, demand planning and shelf-life management","Inventory Wastage | Review stock handling, demand planning and shelf-life management"
OUT0178,Franchise Outlet 0178,Franchise,Patna,Bihar,East,9029560.44,1652114.1199999999,18.29672807417412,22.57694459988808,8069.0,5.576899244020325,4.333333333333333,6.386666666666667,2.5718425501086695,97.36666666666667,22.173141852745758,40.96632517688347,4.962121212121212,1,Watch,Inventory Wastage,"Review stock handling, demand planning and shelf-life management","Inventory Wastage | Review stock handling, demand planning and shelf-life management"
OUT0348,Franchise Outlet 0348,Franchise,Hyderabad,Telangana,South,9858408.75,1672449.1600000001,16.96469686347708,18.50943061550287,6261.0,12.777511579619869,3.313333333333334,8.63,3.1104921077065923,96.83333333333333,-4.995551333579246,60.00428597700769,-9.519321394910461,1,Watch,Inventory Wastage,"Review stock handling, demand planning and shelf-life management","Inventory Wastage | Review stock handling, demand planning and shelf-life management"
OUT0441,Franchise Outlet 0441,Franchise,Kochi,Kerala,South,10214056.52,1689294.5,16.53891866265099,31.818383757608064,7162.0,8.51717397375035,3.8533333333333335,6.956666666666667,3.1769636339056375,96.7,-0.30966766394842615,257.499373665287,-9.090909090909092,1,Watch,Inventory Wastage,"Review stock handling, demand planning and shelf-life management","Inventory Wastage | Review stock handling, demand planning and shelf-life management"
OUT0108,Franchise Outlet 0108,Franchise,Hyderabad,Telangana,South,11103424.91,1783200.1199999999,16.059910653279683,20.26786405512116,7854.0,9.294626941685765,3.466666666666667,6.169999999999999,3.2758620689655173,96.56666666666666,-5.747195165265192,3.168269281588431,-9.534127843987,1,Watch,Inventory Wastage,"Review stock handling, demand planning and shelf-life management","Inventory Wastage | Review stock handling, demand planning and shelf-life management"
OUT0221,Franchise Outlet 0221,Franchise,Ahmedabad,Gujarat,West,11370445.92,1854940.72,16.31370249725439,29.614048629872634,7673.0,9.122898475172683,3.48,5.076666666666667,2.9962073324905183,96.93333333333334,9.41119715737391,12.99928016756372,2.3274161735700196,1,Watch,Inventory Wastage,"Review stock handling, demand planning and shelf-life management","Inventory Wastage | Review stock handling, demand planning and shelf-life management"
OUT0253,Franchise Outlet 0253,Franchise,Indore,Madhya Pradesh,West,9951644.85,1911102.3800000001,19.20388447141982,19.159463313833346,6583.0,11.39298192313535,3.14,8.986666666666666,3.2765207170143995,96.66666666666667,10.30815823567676,15.71360841440782,9.79572887650882,1,Watch,Inventory Wastage,"Review stock handling, demand planning and shelf-life management","Inventory Wastage | Review stock handling, demand planning and shelf-life management"
OUT0361,Franchise Outlet 0361,Franchise,Ludhiana,Punjab,North,9707263.01,2085991.24,21.488974161420195,31.210301922909593,10761.0,5.203977325527368,3.8266666666666667,6.25,3.3414174077068175,96.5,7.435885610528616,20.01581685474478,3.0873272566892087,1,Watch,Inventory Wastage,"Review stock handling, demand planning and shelf-life management","Inventory Wastage | Review stock handling, demand planning and shelf-life management"
OUT0591,Franchise Outlet 0591,Franchise,Kochi,Kerala,South,9278290.69,2165541.01,23.33987026655661,23.801543131798635,7527.0,9.4327089145742,3.486666666666667,8.700000000000001,4.004591251115929,95.86666666666667,-4.0033753931459035,-6.056793092033974,-2.743652743652744,1,Watch,Inventory Wastage,"Review stock handling, demand planning and shelf-life management","Inventory Wastage | Review stock handling, demand planning and shelf-life management"
OUT0171,Franchise Outlet 0171,Franchise,Kochi,Kerala,South,8738027.290000001,2246737.88,25.712186577526698,27.163728270250274,8813.0,6.1273119255645065,3.9033333333333338,7.489999999999999,4.123150565709312,95.7,13.975457664123562,1.8568251578464559,17.971334068357223,1,Watch,Inventory Wastage,"Review stock handling, demand planning and shelf-life management","Inventory Wastage | Review stock handling, demand planning and shelf-life management"
OUT0693,Franchise Outlet 0693,Franchise,Chandigarh,Chandigarh,North,13805873.24,2362642.41,17.11331379716478,48.7145192450587,9834.0,4.779336994102095,3.856666666666667,6.14,2.8260869565217392,97.16666666666667,27.97041226432919,106.60147607885399,19.672131147540984,1,Watch,Inventory Wastage,"Review stock handling, demand planning and shelf-life management","Inventory Wastage | Review stock handling, demand planning and shelf-life management"
OUT0641,Franchise Outlet 0641,Franchise,Ahmedabad,Gujarat,West,13341406.46,2403600.68,18.016096632738375,39.516508816911724,7552.0,6.091101694915254,4.203333333333333,6.016666666666667,2.5296850800206503,97.33333333333333,22.474294565706796,2.1432314897397977,14.645214521452147,1,Watch,Inventory Wastage,"Review stock handling, demand planning and shelf-life management","Inventory Wastage | Review stock handling, demand planning and shelf-life management"
OUT0513,Franchise Outlet 0513,Franchise,Chandigarh,Chandigarh,North,10917966.5,2489939.21,22.805887982894983,21.901850362027353,6806.0,8.228034087569792,3.973333333333333,5.0,3.241398919533694,96.7,-1.6893903168773168,8.30461241709279,8.938053097345133,1,Watch,Inventory Wastage,"Review stock handling, demand planning and shelf-life management","Inventory Wastage | Review stock handling, demand planning and shelf-life management"
OUT0413,Franchise Outlet 0413,Franchise,Mysuru,Karnataka,South,11445320.73,2528200.14,22.08937783082991,30.83874854757499,7166.0,8.651967624895338,4.1000000000000005,7.28,2.476864452912357,97.46666666666665,11.891382648637233,153.1639050387026,8.861859252823631,1,Watch,Inventory Wastage,"Review stock handling, demand planning and shelf-life management","Inventory Wastage | Review stock handling, demand planning and shelf-life management"
OUT0456,Franchise Outlet 0456,Franchise,Lucknow,Uttar Pradesh,North,9288077.33,2541471.7199999997,27.362732131774788,27.78717426826821,9693.0,5.674197874754977,3.983333333333333,7.196666666666666,3.619369593318087,96.2,5.36905012550556,19.30336206596604,16.79920477137177,1,Watch,Inventory Wastage,"Review stock handling, demand planning and shelf-life management","Inventory Wastage | Review stock handling, demand planning and shelf-life management"
OUT0526,Franchise Outlet 0526,Franchise,Vadodara,Gujarat,West,9420523.81,2616915.0300000003,27.778869655019744,18.766102639091987,5390.0,10.760667903525047,3.35,9.306666666666667,3.353057199211045,96.56666666666666,7.2372256607233965,-6.621731905359822,-4.2615294804436665,1,Watch,Inventory Wastage,"Review stock handling, demand planning and shelf-life management","Inventory Wastage | Review stock handling, demand planning and shelf-life management"
OUT0608,Franchise Outlet 0608,Franchise,Jammu,Jammu & Kashmir,North,14743982.59,2731314.99,18.52494720017165,39.42183179925104,11264.0,5.681818181818182,3.686666666666667,5.226666666666667,3.213610586011342,96.7,16.02625600755928,487.75872014290843,18.45040699427193,1,Watch,Inventory Wastage,"Review stock handling, demand planning and shelf-life management","Inventory Wastage | Review stock handling, demand planning and shelf-life management"
OUT0203,Franchise Outlet 0203,Franchise,Mysuru,Karnataka,South,15094124.8,2906172.49,19.253666764435394,23.642090045435772,9158.0,6.224066390041493,4.04,6.473333333333334,4.1949994769327335,95.63333333333333,16.260821796982427,74.91765884814839,12.137931034482758,1,Watch,Inventory Wastage,"Review stock handling, demand planning and shelf-life management","Inventory Wastage | Review stock handling, demand planning and shelf-life management"
OUT0521,Franchise Outlet 0521,Company-Owned,Ahmedabad,Gujarat,West,16454247.24,2977632.9299999997,18.096439700756555,28.35082501644314,9914.0,6.455517450070608,3.99,7.5633333333333335,3.457006524491187,96.46666666666665,-9.509467675745837,143.15780320839514,0.1278772378516624,1,Watch,Inventory Wastage,"Review stock handling, demand planning and shelf-life management","Inventory Wastage | Review stock handling, demand planning and shelf-life management"
OUT0116,Franchise Outlet 0116,Franchise,Bhubaneswar,Odisha,East,17598996.02,4216065.79,23.956285831355057,23.27572956237237,10600.0,5.471698113207547,4.003333333333334,6.053333333333334,3.3904484141450966,96.46666666666665,-0.4318870707372137,6.189802347850197,0.47592385218365063,1,Watch,Inventory Wastage,"Review stock handling, demand planning and shelf-life management","Inventory Wastage | Review stock handling, demand planning and shelf-life management"
OUT0723,Franchise Outlet 0723,Franchise,Chandigarh,Chandigarh,North,26292216.88,4691725.36,17.844540768142334,42.25314000947076,18738.0,3.041946845981428,3.58,8.886666666666667,3.1627906976744184,96.7,44.52842674805796,15.116043435600336,24.81216145378298,1,Watch,Inventory Wastage,"Review stock handling, demand planning and shelf-life management","Inventory Wastage | Review stock handling, demand planning and shelf-life management"
OUT0345,Franchise Outlet 0345,Franchise,Nashik,Maharashtra,West,1589589.29,246149.65000000002,15.4851099934122,20.966995171638338,3170.0,18.61198738170347,3.2399999999999998,6.336666666666666,1.6749379652605458,98.26666666666667,17.32646086756147,96.27525103492424,13.326446280991735,0,Low,No Major Issue,Continue monitoring,No Major Issue | Continue monitoring
OUT0200,Franchise Outlet 0200,Franchise,Coimbatore,Tamil Nadu,South,1887018.33,330443.83999999997,17.511427141250927,24.934312470524826,3701.0,12.429073223453122,4.206666666666667,5.633333333333333,2.374043787918755,97.56666666666666,3.889902769841494,85.70804758611858,-8.793774319066149,0,Low,No Major Issue,Continue monitoring,No Major Issue | Continue monitoring
OUT0599,Franchise Outlet 0599,Franchise,Ranchi,Jharkhand,East,1802322.77,364402.92,20.21851613182471,25.640036022127877,3986.0,14.30005017561465,3.6,8.01,0.6975585450921774,99.3,23.25753867777285,59.33898914447436,29.292035398230087,0,Low,No Major Issue,Continue monitoring,No Major Issue | Continue monitoring
OUT0485,Franchise Outlet 0485,Franchise,Jaipur,Rajasthan,North,2635760.65,478093.94999999995,18.138746778847313,27.54325259515571,3582.0,17.308766052484646,3.4599999999999995,6.079999999999999,2.2913256955810146,97.63333333333333,14.535541181854747,51.039253755227556,8.451957295373665,0,Low,No Major Issue,Continue monitoring,No Major Issue | Continue monitoring
OUT0170,Franchise Outlet 0170,Franchise,Coimbatore,Tamil Nadu,South,2443425.6,479636.0,19.629654367212982,19.769628584861305,3364.0,17.241379310344826,3.4033333333333338,8.273333333333333,2.2093023255813953,97.73333333333333,5.600931677136519,18.09551981664842,0.807899461400359,0,Low,No Major Issue,Continue monitoring,No Major Issue | Continue monitoring
OUT0603,Franchise Outlet 0603,Company-Owned,Chandigarh,Chandigarh,North,2644125.91,544341.5800000001,20.58682523178331,34.816821465428276,2699.0,16.67284179325676,3.9133333333333336,8.44,1.961496549219034,98.0,19.194098744523732,32.40594188665702,17.675544794188863,0,Low,No Major Issue,Continue monitoring,No Major Issue | Continue monitoring
OUT0229,Franchise Outlet 0229,Franchise,Chennai,Tamil Nadu,South,2487718.54,550586.8200000001,22.132199087120203,22.552774561325375,2532.0,18.167456556082147,3.2266666666666666,7.296666666666667,0.6669282071400549,99.33333333333333,11.355656104314722,21.06743820174499,18.695106649937266,0,Low,No Major Issue,Continue monitoring,No Major Issue | Continue monitoring
OUT0265,Franchise Outlet 0265,Franchise,Kolkata,West Bengal,East,3552914.3,557680.6799999999,15.696429266531982,25.684864969885368,3966.0,13.111447302067575,3.513333333333333,8.455,2.025691699604743,97.89999999999999,2.667946302093381,6.399178075415556,1.2030075187969926,0,Low,No Major Issue,Continue monitoring,No Major Issue | Continue monitoring
OUT0219,Franchise Outlet 0219,Franchise,Mumbai,Maharashtra,West,3780354.2800000003,578351.81,15.298878548494137,22.257383966244724,5486.0,12.577469923441488,3.8433333333333337,5.353333333333333,0.759768451519537,99.26666666666667,45.86288029951391,56.06101959712314,45.79505300353357,0,Low,No Major Issue,Continue monitoring,No Major Issue | Continue monitoring
OUT0517,Franchise Outlet 0517,Franchise,Dehradun,Uttarakhand,North,3220220.64,634679.76,19.709201044062617,19.130649848512952,6188.0,9.696186166774403,3.93,7.086666666666666,0.9603072983354672,99.03333333333335,4.586578746354345,29.207822727015763,5.24987380111055,0,Low,No Major Issue,Continue monitoring,No Major Issue | Continue monitoring
OUT0709,Franchise Outlet 0709,Franchise,Chennai,Tamil Nadu,South,3158775.77,657958.3999999999,20.82953802067438,20.04615891856248,6080.0,8.05921052631579,3.58,7.383333333333333,0.5072819505809196,99.5,2.774768745948701,-8.881992747242538,-3.9461467038068707,0,Low,No Major Issue,Continue monitoring,No Major Issue | Continue monitoring
OUT0237,Franchise Outlet 0237,Franchise,Guwahati,Assam,East,3039945.1,680229.27,22.376366928468546,20.858538478957072,6448.0,10.545905707196031,3.263333333333333,6.526666666666666,0.7236335642802155,99.26666666666667,-2.1988600095340085,1.1937420303287865,4.0534096328087745,0,Low,No Major Issue,Continue monitoring,No Major Issue | Continue monitoring
OUT0075,Franchise Outlet 0075,Franchise,Nashik,Maharashtra,West,3172772.65,685642.75,21.610207400142585,21.07715112585586,2986.0,19.089082384460816,3.3699999999999997,7.635,2.098360655737705,97.83333333333333,19.99281319104378,12.831949441030407,20.859538784067087,0,Low,No Major Issue,Continue monitoring,No Major Issue | Continue monitoring
OUT0729,Franchise Outlet 0729,Franchise,Mumbai,Maharashtra,West,3312198.83,699777.0700000001,21.12726638454854,19.099341948783003,4818.0,15.774180157741801,3.3266666666666667,9.3,0.8641975308641975,99.16666666666667,17.2676415410824,116.16205159901143,2.418379685610641,0,Low,No Major Issue,Continue monitoring,No Major Issue | Continue monitoring
OUT0447,Franchise Outlet 0447,Franchise,Guwahati,Assam,East,2486880.83,701906.45,28.224370123919446,23.508838264486247,4974.0,11.660635303578609,3.3000000000000003,8.07,0.579652208674795,99.39999999999999,4.071056167303564,-0.31801263878978014,-0.6222775357809583,0,Low,No Major Issue,Continue monitoring,No Major Issue | Continue monitoring
OUT0589,Franchise Outlet 0589,Franchise,Chennai,Tamil Nadu,South,2729262.0700000003,725160.14,26.569824421441506,24.87192118226601,5049.0,12.279659338482869,3.5866666666666664,7.150000000000001,0.610236220472441,99.43333333333334,35.72898964574813,128.36191249360246,40.307242136064374,0,Low,No Major Issue,Continue monitoring,No Major Issue | Continue monitoring
OUT0411,Franchise Outlet 0411,Franchise,Kochi,Kerala,South,2924857.56,728613.5800000001,24.911079088583037,22.88965011010521,3742.0,13.89631213254944,3.8833333333333333,5.423333333333333,2.3231532237013837,97.63333333333333,7.640098361583256,10.796495934834972,8.72540633019675,0,Low,No Major Issue,Continue monitoring,No Major Issue | Continue monitoring
OUT0367,Franchise Outlet 0367,Franchise,Dehradun,Uttarakhand,North,4347286.58,741733.45,17.061986513895754,26.096333572969087,3993.0,14.024542950162784,3.94,4.976666666666667,0.597460791635549,99.40000000000002,24.30935618760114,181.11055818816936,13.138138138138139,0,Low,No Major Issue,Continue monitoring,No Major Issue | Continue monitoring
OUT0235,Franchise Outlet 0235,Franchise,Kolkata,West Bengal,East,3283219.5300000003,744969.0900000001,22.69020037170649,19.420010443025266,4835.0,15.305067218200621,3.4333333333333336,8.34,1.887175324675325,98.10000000000001,-8.534729464092276,-8.167569499860566,-10.336817653890824,0,Low,No Major Issue,Continue monitoring,No Major Issue | Continue monitoring
OUT0059,Franchise Outlet 0059,Franchise,Ranchi,Jharkhand,East,3605215.2800000003,845759.97,23.459347204364448,27.384872031256858,6238.0,10.58031420327028,3.7166666666666663,6.6066666666666665,0.732017823042648,99.26666666666667,-5.9113207389023446,40.57693971496242,-0.8771929824561403,0,Low,No Major Issue,Continue monitoring,No Major Issue | Continue monitoring
OUT0185,Franchise Outlet 0185,Franchise,Jaipur,Rajasthan,North,4113772.42,869100.53,21.126606950221134,22.443799854967367,3095.0,13.5702746365105,3.89,7.916666666666667,2.1498577300031614,97.76666666666667,26.364909033030727,164.4542023924114,29.17570498915401,0,Low,No Major Issue,Continue monitoring,No Major Issue | Continue monitoring
OUT0280,Franchise Outlet 0280,Franchise,Pune,Maharashtra,West,4209860.51,948797.55,22.537505642912624,24.543213457076565,3385.0,14.771048744460856,3.53,7.863333333333333,1.8556103218324151,98.06666666666666,0.4884329005713137,112.54887369738927,0.16806722689075632,0,Low,No Major Issue,Continue monitoring,No Major Issue | Continue monitoring
OUT0369,Franchise Outlet 0369,Franchise,Mumbai,Maharashtra,West,4977052.93,1046452.71,21.02554914962498,31.46564979396027,5116.0,13.291634089132135,3.9433333333333334,9.503333333333334,1.082753286929621,98.90000000000002,5.399099767329978,41.959791654199734,13.337356668678336,0,Low,No Major Issue,Continue monitoring,No Major Issue | Continue monitoring
OUT0034,Franchise Outlet 0034,Franchise,Delhi,Delhi,North,6036292.28,1097869.17,18.18780667128332,24.50899987050546,5678.0,12.504402958788305,3.4800000000000004,7.579999999999999,0.5952380952380952,99.39999999999999,6.347505039499459,-1.3922407569573105,11.472602739726028,0,Low,No Major Issue,Continue monitoring,No Major Issue | Continue monitoring
OUT0077,Franchise Outlet 0077,Franchise,Bengaluru,Karnataka,South,5270888.84,1125412.2000000002,21.351469062663824,26.29523432865335,5319.0,9.588268471517203,3.94,4.39,0.783435926133184,99.23333333333333,3.389154119721969,151.96491763037093,2.3382272974442633,0,Low,No Major Issue,Continue monitoring,No Major Issue | Continue monitoring
OUT0480,Franchise Outlet 0480,Franchise,Siliguri,West Bengal,East,6059325.1,1167725.26,19.271539993785776,29.922586911189192,10475.0,4.486873508353222,3.3666666666666667,8.19,1.5044663845792194,98.46666666666665,11.09459481110618,58.01508185645624,8.655006031363088,0,Low,No Major Issue,Continue monitoring,No Major Issue | Continue monitoring
OUT0149,Franchise Outlet 0149,Company-Owned,Ranchi,Jharkhand,East,6859206.6,1186845.72,17.30295920813932,27.508784908452004,7437.0,9.412397472098965,3.5100000000000002,6.1066666666666665,0.5748663101604278,99.43333333333334,-4.216295552261286,0.8156998170964179,-1.0247651579846286,0,Low,No Major Issue,Continue monitoring,No Major Issue | Continue monitoring
OUT0217,Franchise Outlet 0217,Franchise,Dehradun,Uttarakhand,North,5595342.12,1210892.1300000001,21.6410740224764,31.41409021794222,12396.0,4.194901581155212,3.813333333333334,7.733333333333334,0.48169556840077066,99.53333333333335,-6.759021864835484,100.21838146129774,6.3071976255256,0,Low,No Major Issue,Continue monitoring,No Major Issue | Continue monitoring
OUT0330,Franchise Outlet 0330,Franchise,Siliguri,West Bengal,East,4295218.82,1219429.69,28.39039734883635,26.01151689649947,3433.0,15.147101660355375,3.926666666666667,7.12,2.1937321937321936,97.76666666666667,7.447908114841893,193.50608536889396,3.7037037037037033,0,Low,No Major Issue,Continue monitoring,No Major Issue | Continue monitoring
OUT0714,Franchise Outlet 0714,Franchise,Visakhapatnam,Andhra Pradesh,South,5833340.12,1235178.35,21.174461365026666,25.193504325390805,4980.0,12.449799196787149,3.883333333333333,7.723333333333334,0.6979062811565304,99.26666666666667,-5.651666677580526,76.76624984895113,-8.471665712650257,0,Low,No Major Issue,Continue monitoring,No Major Issue | Continue monitoring
OUT0529,Franchise Outlet 0529,Franchise,Chennai,Tamil Nadu,South,6711897.49,1238968.76,18.459292053341535,19.707770039601254,7216.0,8.176274944567629,3.436666666666667,8.556666666666667,0.6334343156155329,99.33333333333333,37.81654071927958,-4.306588914694958,30.403679100664284,0,Low,No Major Issue,Continue monitoring,No Major Issue | Continue monitoring
OUT0577,Franchise Outlet 0577,Franchise,Dehradun,Uttarakhand,North,7797531.1899999995,1267789.08,16.258852309893747,19.668793267272974,4347.0,9.431792040487693,4.226666666666667,8.806666666666667,0.8891928864569083,99.10000000000001,-7.586368988472343,209.15871983621682,-4.740259740259741,0,Low,No Major Issue,Continue monitoring,No Major Issue | Continue monitoring
OUT0514,Franchise Outlet 0514,Franchise,Delhi,Delhi,North,6951266.9,1268867.0,18.253751701002876,32.35213954756064,7122.0,8.003369839932603,4.1866666666666665,6.41,0.6833077673964579,99.3,6.944505473874309,241.75650876147432,-0.8713692946058091,0,Low,No Major Issue,Continue monitoring,No Major Issue | Continue monitoring
OUT0644,Franchise Outlet 0644,Company-Owned,Nagpur,Maharashtra,West,5046931.89,1269855.58,25.160941492317228,23.118153670023155,8885.0,3.1513787281935848,4.06,6.21,1.1129660545353366,98.86666666666667,-5.015505182092631,57.871656043576614,-3.7691001697792865,0,Low,No Major Issue,Continue monitoring,No Major Issue | Continue monitoring
OUT0025,Franchise Outlet 0025,Franchise,Kolkata,West Bengal,East,6254663.93,1364914.08,21.822340820796107,27.517447657028914,4140.0,13.52657004830918,3.89,4.3999999999999995,2.2893556761859806,97.7,32.0611334709111,49.907617519939635,37.95918367346939,0,Low,No Major Issue,Continue monitoring,No Major Issue | Continue monitoring
OUT0525,Franchise Outlet 0525,Franchise,Nashik,Maharashtra,West,6630616.8100000005,1399103.41,21.100652474592327,28.0930063247941,6174.0,7.774538386783284,3.82,7.496666666666667,1.7191977077363898,98.26666666666667,17.386970950662874,44.93314136026852,10.178117048346055,0,Low,No Major Issue,Continue monitoring,No Major Issue | Continue monitoring
OUT0472,Franchise Outlet 0472,Franchise,Vijayawada,Andhra Pradesh,South,7529428.15,1411607.18,18.747867060793986,27.26235379885258,8601.0,4.766887571212649,3.89,5.22,0.8758787599400716,99.13333333333333,16.587674527003568,90.64670985244774,13.812785388127855,0,Low,No Major Issue,Continue monitoring,No Major Issue | Continue monitoring
OUT0375,Franchise Outlet 0375,Franchise,Nashik,Maharashtra,West,7645698.35,1427214.55,18.666895876162837,21.205901600333156,7129.0,10.52040959461355,3.4966666666666666,9.173333333333332,1.7908802865408457,98.16666666666667,12.472667314539937,14.1220394235839,5.326674989596338,0,Low,No Major Issue,Continue monitoring,No Major Issue | Continue monitoring
OUT0202,Franchise Outlet 0202,Franchise,Vijayawada,Andhra Pradesh,South,5466496.89,1488439.0899999999,27.22838995340579,37.465005599104146,5353.0,9.900990099009901,3.8533333333333335,6.536666666666666,0.723293768545994,99.26666666666667,-4.142388919138955,32.78681763532618,-4.09652076318743,0,Low,No Major Issue,Continue monitoring,No Major Issue | Continue monitoring
OUT0199,Franchise Outlet 0199,Franchise,Chennai,Tamil Nadu,South,9648417.54,1512483.56,15.6759753993814,19.719871392143094,5336.0,12.931034482758621,3.0766666666666667,9.229999999999999,0.7994050938836215,99.16666666666667,4.914510163244015,216.54783957352186,8.583186360964138,0,Low,No Major Issue,Continue monitoring,No Major Issue | Continue monitoring
OUT0420,Franchise Outlet 0420,Franchise,Siliguri,West Bengal,East,6672505.16,1566247.65,23.47315756890325,19.07214483592805,4888.0,12.07037643207856,3.9233333333333333,5.873333333333334,1.3919709501714748,98.56666666666666,18.5222919209871,160.50687299513467,27.157001414427157,0,Low,No Major Issue,Continue monitoring,No Major Issue | Continue monitoring
OUT0282,Franchise Outlet 0282,Franchise,Surat,Gujarat,West,6186052.75,1588132.41,25.672791264187005,32.22521619250532,10285.0,5.5420515313563445,3.856666666666667,6.8133333333333335,0.8961264212757758,99.10000000000001,5.440534867741958,80.90953505673939,0.398066533977822,0,Low,No Major Issue,Continue monitoring,No Major Issue | Continue monitoring
OUT0379,Franchise Outlet 0379,Franchise,Chennai,Tamil Nadu,South,8252257.13,1589524.06,19.26168846849783,19.30507296733843,5556.0,10.439164866810655,3.5566666666666666,6.34,0.5548594952568463,99.39999999999999,15.776445173149023,-9.535593536367157,13.32920024798512,0,Low,No Major Issue,Continue monitoring,No Major Issue | Continue monitoring
OUT0672,Franchise Outlet 0672,Franchise,Surat,Gujarat,West,9133179.61,1597644.55,17.492752997551094,23.114914633627112,5429.0,10.31497513354209,3.92,4.99,0.6405563689604685,99.33333333333333,-9.19078223252756,1.435090806837992,-5.343915343915344,0,Low,No Major Issue,Continue monitoring,No Major Issue | Continue monitoring
OUT0712,Franchise Outlet 0712,Franchise,Vijayawada,Andhra Pradesh,South,9665857.95,1612305.24,16.680415213426556,31.61502927589961,10745.0,5.583992554676594,3.723333333333333,3.11,0.6656189331607655,99.3,3.0022882491225245,26.62823665864086,8.60215053763441,0,Low,No Major Issue,Continue monitoring,No Major Issue | Continue monitoring
OUT0104,Franchise Outlet 0104,Company-Owned,Nagpur,Maharashtra,West,8943203.04,1627667.2000000002,18.20004748544768,19.07870385948383,5670.0,10.405643738977073,3.4766666666666666,8.67,0.8221094979884556,99.2,-7.540272816903499,55.130399894664194,-12.94060840173829,0,Low,No Major Issue,Continue monitoring,No Major Issue | Continue monitoring
OUT0647,Franchise Outlet 0647,Franchise,Bengaluru,Karnataka,South,9532860.68,1679033.65,17.6131143248807,22.249829181936768,7164.0,5.164712451144612,4.016666666666667,6.580000000000001,0.7618783765064413,99.23333333333333,-7.410843085002764,33.84634239348755,-6.262961426793861,0,Low,No Major Issue,Continue monitoring,No Major Issue | Continue monitoring
OUT0699,Franchise Outlet 0699,Franchise,Mumbai,Maharashtra,West,6102926.01,1702920.42,27.903343694641976,33.866365473784334,11394.0,5.178163945936458,4.243333333333333,7.323333333333333,0.7577737130911941,99.23333333333333,4.094356450392529,19.108123344862616,-1.4414414414414414,0,Low,No Major Issue,Continue monitoring,No Major Issue | Continue monitoring
OUT0247,Franchise Outlet 0247,Franchise,Dehradun,Uttarakhand,North,9501496.26,1779452.7799999998,18.72813219420243,34.78768200497184,6857.0,7.000145836371591,4.336666666666667,7.236666666666667,1.1104701471012401,98.86666666666667,-6.05302180212211,198.58801071503567,-8.503253796095445,0,Low,No Major Issue,Continue monitoring,No Major Issue | Continue monitoring
OUT0677,Franchise Outlet 0677,Franchise,Bengaluru,Karnataka,South,8181278.220000001,1798170.43,21.979089106200814,19.153363890205995,7271.0,8.389492504469812,3.7433333333333336,6.926666666666667,0.9130553284273644,99.06666666666666,25.4607372432669,-6.178147671154792,19.59578207381371,0,Low,No Major Issue,Continue monitoring,No Major Issue | Continue monitoring
OUT0287,Franchise Outlet 0287,Company-Owned,Bengaluru,Karnataka,South,7666360.109999999,1827699.71,23.840514713311585,20.852760081147455,5859.0,12.800819252432156,3.16,8.803333333333333,0.5938242280285035,99.43333333333334,2.4344571141524214,11.882200327406306,-4.153846153846154,0,Low,No Major Issue,Continue monitoring,No Major Issue | Continue monitoring
OUT0475,Franchise Outlet 0475,Company-Owned,Kolkata,West Bengal,East,10063611.44,1883275.47,18.71371407002574,20.043152767334664,6131.0,12.069809166530744,3.3699999999999997,8.053333333333333,2.2169059011164274,97.73333333333333,2.8416750974677236,38.4740605404179,-6.816015252621545,0,Low,No Major Issue,Continue monitoring,No Major Issue | Continue monitoring
OUT0082,Franchise Outlet 0082,Company-Owned,Vijayawada,Andhra Pradesh,South,11783655.9,1984698.13,16.842804532335332,22.1818453343953,8912.0,6.283662477558349,4.046666666666667,8.83,0.9227348526959422,99.10000000000001,5.204676337238052,50.139420010615396,2.6871401151631478,0,Low,No Major Issue,Continue monitoring,No Major Issue | Continue monitoring
OUT0230,Franchise Outlet 0230,Franchise,Coimbatore,Tamil Nadu,South,9359652.09,2036674.54,21.760152198135817,32.36748647482492,9752.0,5.844954881050041,3.99,4.513333333333334,1.9603900673569918,98.0,5.117866475394861,5.803764948485207,2.8500619578686495,0,Low,No Major Issue,Continue monitoring,No Major Issue | Continue monitoring
OUT0195,Franchise Outlet 0195,Company-Owned,Nashik,Maharashtra,West,8767833.030000001,2205706.09,25.156798520831313,22.726255983536888,10160.0,4.625984251968504,4.113333333333333,8.403333333333334,2.119460500963391,97.86666666666667,-2.5818008185113563,77.20730180808468,-14.95997791885178,0,Low,No Major Issue,Continue monitoring,No Major Issue | Continue monitoring
OUT0395,Franchise Outlet 0395,Franchise,Jaipur,Rajasthan,North,11553509.44,2266830.94,19.6202803292988,27.756595416907377,7207.0,9.019009296517275,3.6833333333333336,5.3566666666666665,1.6780354706684857,98.33333333333333,-2.945110062036646,-3.279035029129382,7.259450171821307,0,Low,No Major Issue,Continue monitoring,No Major Issue | Continue monitoring
OUT0267,Franchise Outlet 0267,Franchise,Guwahati,Assam,East,10730027.81,2368512.94,22.07368873538828,22.17235188509874,10127.0,5.628517823639775,3.9766666666666666,5.829999999999999,0.7254190765611215,99.26666666666667,5.528969719997379,30.020063242786073,8.123076923076923,0,Low,No Major Issue,Continue monitoring,No Major Issue | Continue monitoring
OUT0707,Franchise Outlet 0707,Franchise,Bengaluru,Karnataka,South,12857834.23,2372232.08,18.449701851538023,24.8916394834443,11141.0,2.333722287047841,4.023333333333333,5.1066666666666665,0.6066553662235703,99.39999999999999,4.7633696218113055,175.74314937970894,10.041379310344828,0,Low,No Major Issue,Continue monitoring,No Major Issue | Continue monitoring
OUT0100,Franchise Outlet 0100,Franchise,Pune,Maharashtra,West,10374844.620000001,2381978.42,22.95917198998976,21.613204609156025,8328.0,7.564841498559078,3.4933333333333336,9.79,1.5951790145338534,98.39999999999999,2.2447551553703433,4.0465149821525275,6.38536221060493,0,Low,No Major Issue,Continue monitoring,No Major Issue | Continue monitoring
OUT0079,Franchise Outlet 0079,Franchise,Chennai,Tamil Nadu,South,12142170.4,2415453.93,19.893098601218774,31.759383974179777,12497.0,5.601344322637432,3.9766666666666666,6.3933333333333335,0.7071349118067694,99.26666666666667,10.989614152842787,21.252932147306446,10.998517053880375,0,Low,No Major Issue,Continue monitoring,No Major Issue | Continue monitoring
OUT0239,Franchise Outlet 0239,Franchise,Ranchi,Jharkhand,East,10350262.9,2415723.63,23.33973207579104,25.171513146439146,7228.0,8.439402324294411,3.47,5.803333333333334,0.4407713498622589,99.56666666666666,8.063959313240272,66.02725466735772,13.563829787234042,0,Low,No Major Issue,Continue monitoring,No Major Issue | Continue monitoring
OUT0515,Franchise Outlet 0515,Franchise,Jaipur,Rajasthan,North,14314074.35,2420075.19,16.906962551860715,30.240464638594748,8539.0,7.612132568216419,3.9166666666666665,7.413333333333334,2.299771167048055,97.63333333333333,-6.083748888171981,90.97181113996415,-5.399719495091164,0,Low,No Major Issue,Continue monitoring,No Major Issue | Continue monitoring
OUT0522,Franchise Outlet 0522,Franchise,Surat,Gujarat,West,14590497.32,2480626.67,17.001659474620293,31.950650591574632,11369.0,3.782214794616941,3.89,5.926666666666667,1.0358635097493036,98.93333333333334,6.20415982469154,26.966630129503727,-5.638811277622556,0,Low,No Major Issue,Continue monitoring,No Major Issue | Continue monitoring
OUT0702,Franchise Outlet 0702,Franchise,Surat,Gujarat,West,12300189.0,2538626.0,20.638918637754266,31.01069429822131,11193.0,4.109711426784598,3.9499999999999997,6.836666666666666,0.8328165145742891,99.16666666666667,-8.050170744924634,38.43426721025051,-9.82843137254902,0,Low,No Major Issue,Continue monitoring,No Major Issue | Continue monitoring
OUT0484,Franchise Outlet 0484,Franchise,Delhi,Delhi,North,14339522.3,2611113.98,18.209211753169768,27.68476742321874,12088.0,3.970880211780278,4.1433333333333335,8.573333333333332,0.9180327868852459,99.06666666666666,1.0202919763505818,68.77889735710765,10.00529380624669,0,Low,No Major Issue,Continue monitoring,No Major Issue | Continue monitoring
OUT0044,Franchise Outlet 0044,Franchise,Nagpur,Maharashtra,West,13757721.96,2777476.44,20.18849085681042,26.242062009712363,9835.0,5.287239450940518,3.296666666666667,8.216666666666667,0.6766309836396688,99.3,-8.980098895749576,-4.218065184207129,-3.4890776699029127,0,Low,No Major Issue,Continue monitoring,No Major Issue | Continue monitoring
OUT0734,Franchise Outlet 0734,Company-Owned,Nagpur,Maharashtra,West,10965694.72,2825784.55,25.769316237174984,28.46689612184612,10504.0,4.6648895658796645,4.41,6.3,0.5397216172710917,99.46666666666665,32.64281114167287,100.31956080622777,16.459627329192546,0,Low,No Major Issue,Continue monitoring,No Major Issue | Continue monitoring
OUT0317,Franchise Outlet 0317,Franchise,Bengaluru,Karnataka,South,14367646.66,2862930.81,19.926233416990225,23.984757454383622,8623.0,6.262321697784993,3.973333333333333,6.739999999999999,0.9192232563483856,99.06666666666666,42.217005687503075,43.092445314670535,33.03462321792261,0,Low,No Major Issue,Continue monitoring,No Major Issue | Continue monitoring
OUT0724,Franchise Outlet 0724,Franchise,Delhi,Delhi,North,11122502.66,2873280.56,25.833039989580907,22.18530472754889,7011.0,7.416916274425902,3.4066666666666667,8.049999999999999,0.6518350573898257,99.36666666666667,12.039052606048674,-5.617371728509574,-0.8568980291345331,0,Low,No Major Issue,Continue monitoring,No Major Issue | Continue monitoring
OUT0254,Franchise Outlet 0254,Franchise,Nagpur,Maharashtra,West,13213474.3,2886227.0,21.84305909612281,23.98792402595859,10091.0,6.4413834109602615,3.563333333333333,6.4433333333333325,0.6986813619366267,99.33333333333333,-4.59293666275254,46.15728920275455,-4.615861214374226,0,Low,No Major Issue,Continue monitoring,No Major Issue | Continue monitoring
OUT0445,Franchise Outlet 0445,Franchise,Kolkata,West Bengal,East,18718091.23,2925765.4699999997,15.630682819361382,36.08019953952418,11283.0,4.254187716032971,4.1433333333333335,5.956666666666666,1.329252295583734,98.63333333333333,17.64287159649997,202.41199661648236,5.845568243610658,0,Low,No Major Issue,Continue monitoring,No Major Issue | Continue monitoring
OUT0457,Franchise Outlet 0457,Franchise,Dehradun,Uttarakhand,North,16362933.68,2977933.87,18.199266269958994,31.443875174662317,13502.0,4.147533698711301,3.5766666666666667,7.846666666666667,0.47176765443019314,99.53333333333335,-4.224685354358631,96.39141737901457,-0.15015015015015015,0,Low,No Major Issue,Continue monitoring,No Major Issue | Continue monitoring
OUT0275,Franchise Outlet 0275,Company-Owned,Jaipur,Rajasthan,North,17183845.1,3011286.55,17.52393909789142,24.18821742820135,10831.0,4.985689225371619,4.066666666666666,5.803333333333334,2.326629993687438,97.60000000000001,-5.286440907687727,-5.941815495273744,-14.467532467532468,0,Low,No Major Issue,Continue monitoring,No Major Issue | Continue monitoring
OUT0516,Franchise Outlet 0516,Franchise,Lucknow,Uttar Pradesh,North,15620465.86,3136823.32,20.081496596286534,24.150100835494094,10059.0,7.157769161944528,3.91,8.516666666666667,2.0545277507302826,97.93333333333334,-8.283901448860579,23.208011204006326,-3.4544908380895163,0,Low,No Major Issue,Continue monitoring,No Major Issue | Continue monitoring
OUT0690,Franchise Outlet 0690,Franchise,Siliguri,West Bengal,East,14631355.79,3255199.48,22.2481055530398,30.398501362397823,10710.0,6.069094304388422,3.546666666666667,7.010000000000001,2.2631867129038143,97.73333333333333,-5.796703269435801,20.604920150274438,0.8695652173913043,0,Low,No Major Issue,Continue monitoring,No Major Issue | Continue monitoring
OUT0562,Franchise Outlet 0562,Franchise,Vijayawada,Andhra Pradesh,South,14153847.120000001,3310561.86,23.389837631650213,26.098809391343053,9382.0,6.075463653805159,3.8466666666666662,5.486666666666667,0.5301102629346904,99.46666666666665,4.970909122290801,90.18946705514034,4.434300619497881,0,Low,No Major Issue,Continue monitoring,No Major Issue | Continue monitoring
OUT0290,Franchise Outlet 0290,Franchise,Coimbatore,Tamil Nadu,South,16904972.630000003,3362288.07,19.889343470649553,32.44243009964342,9735.0,5.033384694401644,3.9299999999999997,5.78,1.6666666666666667,98.26666666666667,10.402155119997168,417.9449942755321,3.6231884057971016,0,Low,No Major Issue,Continue monitoring,No Major Issue | Continue monitoring
OUT0535,Franchise Outlet 0535,Company-Owned,Kolkata,West Bengal,East,16885563.8,3663779.7,21.69770428393987,38.784485299118174,17109.0,4.617452802618505,4.04,7.140000000000001,2.3235898606987897,97.63333333333333,10.958297280682057,130.0112972772413,14.45718380508778,0,Low,No Major Issue,Continue monitoring,No Major Issue | Continue monitoring
OUT0604,Franchise Outlet 0604,Franchise,Delhi,Delhi,North,23505953.5,3747562.24,15.943034346596491,32.22430373423254,12901.0,3.410588326486319,4.266666666666667,5.213333333333334,0.43988269794721413,99.53333333333335,11.214142448590744,171.20795285226066,22.977846470891294,0,Low,No Major Issue,Continue monitoring,No Major Issue | Continue monitoring
OUT0354,Franchise Outlet 0354,Franchise,Visakhapatnam,Andhra Pradesh,South,19398626.53,3815788.2,19.67040395410922,27.242524916943523,12054.0,5.143520822963332,3.7600000000000002,7.25,0.47886393659180976,99.5,5.19932579943044,38.67633848966268,18.72722175497617,0,Low,No Major Issue,Continue monitoring,No Major Issue | Continue monitoring
OUT0129,Franchise Outlet 0129,Franchise,Mumbai,Maharashtra,West,17959994.8,4044064.71,22.517070606278793,32.11766979035842,13298.0,3.9103624605203793,3.7733333333333334,5.365,0.8943210612609926,99.06666666666666,12.221421753121518,2.8269536390682517,13.502207762026494,0,Low,No Major Issue,Continue monitoring,No Major Issue | Continue monitoring
OUT0009,Franchise Outlet 0009,Franchise,Mumbai,Maharashtra,West,20580171.43,4247578.96,20.639181624154233,30.086375843797637,16580.0,3.2569360675512664,3.953333333333333,4.170000000000001,0.9853687667960586,99.03333333333335,89.34291809532672,605.8933638614976,93.25424517329611,0,Low,No Major Issue,Continue monitoring,No Major Issue | Continue monitoring
OUT0579,Franchise Outlet 0579,Franchise,Mumbai,Maharashtra,West,27829427.830000002,5566520.22,20.002280514007964,35.90873567210837,16541.0,3.748261894685932,4.05,6.453333333333333,0.7202448832603084,99.3,-8.802313643732022,59.69685526158889,-9.947017603828405,0,Low,No Major Issue,Continue monitoring,No Major Issue | Continue monitoring
OUT0595,Franchise Outlet 0595,Franchise,Kolkata,West Bengal,East,25503574.34,5812193.43,22.78972097210747,33.00049034903936,14806.0,4.457652303120357,4.133333333333334,6.640000000000001,1.888542840103373,98.06666666666666,5.766139073000313,39.64791688494761,1.5554645927138764,0,Low,No Major Issue,Continue monitoring,No Major Issue | Continue monitoring
OUT0615,Franchise Outlet 0615,Franchise,Nashik,Maharashtra,West,30640458.02,6334163.99,20.672549952959223,36.15139795342841,17947.0,2.730261325012537,3.973333333333333,7.303333333333334,1.762548579561005,98.23333333333333,27.027145152697287,106.66838767823681,14.291010194624654,0,Low,No Major Issue,Continue monitoring,No Major Issue | Continue monitoring
